horse_name,odds_live,odds_1,odds_2,odds_3,odds_4,trend
Crab Road,-,,,,,no_data
Jet Renegade,-,,,,,no_data
Kidam Roque,-,,,,,no_data
Kings Gesture,-,,,,,no_data
Soaring Sun,-,,,,,no_data
Battling Siki,-,,,,,no_data
Dancingondiamonds,-,,,,,no_data
Miners Cabin,-,,,,,no_data
Tyraxes,-,,,,,no_data
Stonking,-,,,,,no_data
Urban War,-,,,,,no_data
Aratayvo,-,,,,,no_data
Daonethatgotaway,-,,,,,no_data
Una Matata,-,,,,,no_data
Hurricane Helen,-,,,,,no_data
Lahore Da King,-,,,,,no_data
Moyassr,-,,,,,no_data
Bint Majestic Roi,-,,,,,no_data
Comfort Line,-,,,,,no_data
Johnny's Oasis,-,,,,,no_data
March To The Band,-,,,,,no_data
Fleetfootsoldier,-,,,,,no_data
Magna Gee Gee,-,,,,,no_data
Battle Borne,-,,,,,no_data
Smaoineamh Sile,-,,,,,no_data
Bucky Larson,-,,,,,no_data
Arcabulle,-,,,,,no_data
Divelment,-,,,,,no_data
No More Hiding,-,,,,,no_data
Another Day Done,-,,,,,no_data
Dawn Flame,-,,,,,no_data
Guildhall Graduate,-,,,,,no_data
Apiary,-,,,,,no_data
Iryna's Star,-,,,,,no_data
Stolen Treasure,-,,,,,no_data
Grey Sands,-,,,,,no_data
Sapphire Dream,-,,,,,no_data
Ballymagreehan,-,,,,,no_data
Greek Gift,-,,,,,no_data
Mount Ruapehu,-,,,,,no_data
Sovereign Banter,-,,,,,no_data
Platino Bianco,-,,,,,no_data
Star Allure,-,,,,,no_data
Winemaker,-,,,,,no_data
Charanda,-,,,,,no_data
Jackie Brown,-,,,,,no_data
Moonhall Lass,-,,,,,no_data
An Laochmor,-,,,,,no_data
Carmina Burana,-,,,,,no_data
Fort Star,-,,,,,no_data
Spirit Of Eagles,-,,,,,no_data
Gimmieminnie,-,,,,,no_data
Rattletheonionbag,-,,,,,no_data
Hezahunk,-,,,,,no_data
Cash On Black,-,,,,,no_data
Chirac,-,,,,,no_data
Passage Of Power,-,,,,,no_data
This Guy,-,,,,,no_data
Double Clutching,-,,,,,no_data
Electric Night,-,,,,,no_data
Lock'd Up Lane,-,,,,,no_data
Princess Chloe,-,,,,,no_data
Raysagold,-,,,,,no_data
Sunflower Lady,-,,,,,no_data
Two And Two,-,,,,,no_data
Friendly Invoice,-,,,,,no_data
Oh Cecelia,-,,,,,no_data
The Love Machine,-,,,,,no_data
Battleforsupremacy,-,,,,,no_data
Practical Move,-,,,,,no_data
Plushy,-,,,,,no_data
Cause I Like You,-,,,,,no_data
Dakota Dancer,-,,,,,no_data
Commander Kabaw,-,,,,,no_data
Mr Kobe,-,,,,,no_data
Stone Bear,-,,,,,no_data
Mini Cotai,-,,,,,no_data
Limestone Red,-,,,,,no_data
Timandi,-,,,,,no_data
Mythical Rock,-,,,,,no_data
Mapa,-,,,,,no_data
Chou Chou,-,,,,,no_data
Roderick,-,,,,,no_data
Aingeal Dorcha,-,,,,,no_data
General Grant,-,,,,,no_data
Promo Queen,-,,,,,no_data
Surf On Jamie,-,,,,,no_data
Master Garvey,-,,,,,no_data
Don't Look Now,-,,,,,no_data
Vocology,-,,,,,no_data
Quick Blessing,-,,,,,no_data
Not Even Maybe,-,,,,,no_data
Imperial Fighter,-,,,,,no_data
Man Is King,-,,,,,no_data
Church Mountain,-,,,,,no_data
Jazz Forever,-,,,,,no_data
Thompson Gunner,-,,,,,no_data
Barretstown,-,,,,,no_data
Captain Hanley,-,,,,,no_data
Nibras Rainbow,-,,,,,no_data
Rising Sky,-,,,,,no_data
Givehertilxmas,-,,,,,no_data
Storm Eric,-,,,,,no_data
Guest Star,-,,,,,no_data
Waystar,-,,,,,no_data
Harbanaker,-,,,,,no_data
Haeret In Pectore,-,,,,,no_data
Yquem,-,,,,,no_data
Si Senior,-,,,,,no_data
Boyne Valley,-,,,,,no_data
Methgal,-,,,,,no_data
Next Twist,2/1,,,,,no_data
Triple Crown Ted,3/1,,,,,no_data
Belvedere Bhoy,50/1,,,,,no_data
Bras d'Or,15/8,,,,,no_data
Ck O'Mara,200/1,,,,,no_data
Coylton King,66/1,,,,,no_data
Kilnesare Flight,6/1,,,,,no_data
Luckie Devil,7/1,,,,,no_data
Bennys Jenny,50/1,,,,,no_data
Breaking Ground,100/1,,,,,no_data
Just Her Type,3/1,,,,,no_data
Dream Shadow,1/2,,,,,no_data
Just An Artist,14/1,,,,,no_data
Lets Mingle,9/1,,,,,no_data
Park Princess,-,,,,,no_data
Largy Rose,20/1,,,,,no_data
Roses All The Way,-,,,,,no_data
Kelvin Forlonge,7/4,,,,,no_data
Piaff Bubbles,12/1,,,,,no_data
Monsieur Le Fuzz,16/1,,,,,no_data
Shoeshine Boy,7/1,,,,,no_data
Gather Yourself,3/1,,,,,no_data
Maura Jeanne,20/1,,,,,no_data
Holly Bird,7/2,,,,,no_data
Better Be Definite,14/1,,,,,no_data
Blue Indigo,33/1,,,,,no_data
Nae Bother At A',66/1,,,,,no_data
Fingle Bridge,5/4,,,,,no_data
Meetmebythesea,11/10,Evs,,,,no_data
Big John Wayne,12/1,,,,,no_data
Dedicated Hero,10/1,14/1,,,,drifting
From The Clouds,20/1,,,,,no_data
I See The Sea,-,,,,,no_data
Big Zouk,7/4,,,,,no_data
Torosay,9/4,,,,,no_data
Jirko,5/2,,,,,no_data
Rob Roy Macgregor,9/1,,,,,no_data
Maid Of Houxty,50/1,,,,,no_data
Kingston Rock,20/1,,,,,no_data
Euchan Falls,20/1,,,,,no_data
Muroor,33/1,,,,,no_data
Thereisnodoubt,9/1,,,,,no_data
He's Bresilian,5/2,9/4,,,,shortening
Dance Thief,7/1,13/2,,,,shortening
Jiair Madrik,20/1,,,,,no_data
Two Auld Pals,9/1,,,,,no_data
Mr Lincoln,15/2,10/1,,,,drifting
Tread Softly Now,3/1,11/4,,,,shortening
Sao Carlos,33/1,,,,,no_data
Don Occhetti,40/1,,,,,no_data
Platin Moon,5/1,,,,,no_data
Coconut Man,6/4,,,,,no_data
Diamant Dore,4/1,,,,,no_data
Dublinofficecallin,20/1,,,,,no_data
Kingsman Mail,11/4,,,,,no_data
McElhattan,4/1,,,,,no_data
Melbourne Ghost,25/1,,,,,no_data
Oor Wish,25/1,,,,,no_data
Brewdog,50/1,,,,,no_data
Tarbat Ness,3/1,,,,,no_data
Billy Bathgate,9/2,,,,,no_data
Inspire Hope,20/1,,,,,no_data
Dollar's Dream,10/1,,,,,no_data
Young Merlin,7/2,,,,,no_data
Tupero,11/4,,,,,no_data
Khangai,25/1,,,,,no_data
Arcimboldo,8/1,,,,,no_data
Sibyl Charm,4/1,5/1,,,,drifting
Spun To Gold,8/1,,,,,no_data
Profit Street,5/2,9/4,,,,shortening
Teardrops,4/1,,,,,no_data
Penny Mountain,11/2,5/1,,,,shortening
Court Of Session,15/2,7/1,,,,shortening
Bad Habits,8/1,,,,,no_data
Chin Chin Ginny,50/1,,,,,no_data
Clonquest,6/1,11/2,5/1,,,shortening
Evolve,5/1,9/2,4/1,,,shortening
Lakota Chief,2/1,3/1,4/1,,,drifting
Somebody,13/2,6/1,11/2,,,shortening
Star Of Emerald,8/1,15/2,7/1,,,shortening
Evelyn's Garden,40/1,33/1,,,,shortening
Maria Da Silva,5/1,9/2,4/1,,,shortening
Populus,6/1,11/2,5/1,,,shortening
Spirit Of Tokyo,50/1,,,,,no_data
Thependleburyfox,125/1,100/1,,,,shortening
Em Jay Kay,5/1,9/2,,,,shortening
Digital,2/1,15/8,,,,stable
La Rochette,9/2,4/1,,,,shortening
He's An Angel,7/2,10/3,,,,stable
Azucena,11/2,9/1,,,,drifting
Classy Clarets,11/1,10/1,,,,shortening
Bowood,9/2,,,,,no_data
Criminal Shore,11/2,,,,,no_data
Flying Fletcher,11/4,,,,,no_data
The Green Man,9/4,,,,,no_data
Eve's Boy,10/1,,,,,no_data
Bajan Bandit,11/2,,,,,no_data
Lessay,33/1,,,,,no_data
Heavenly Heather,13/8,,,,,no_data
Lethal Nymph,4/1,,,,,no_data
King's Crown,11/4,,,,,no_data
Monks Dream,4/1,,,,,no_data
Farandaway,12/1,,,,,no_data
Aisling Oscar,2/1,,,,,no_data
Believe In Lies,10/1,9/1,,,,shortening
Wyvern,4/1,,,,,no_data
Amaysmont,-,,,,,no_data
Pallas Lord,4/1,5/1,,,,drifting
Moyowasi,7/2,,,,,no_data
Sovereign Class,11/1,10/1,,,,shortening
Rain Cap,14/1,,,,,no_data
Brazilian Belle,6/1,,,,,no_data
Emperor's Son,10/3,,,,,no_data
Beaumadier,5/1,,,,,no_data
Popular Dream,3/1,,,,,no_data
Hostility,6/1,,,,,no_data
Birkenhead,11/1,,,,,no_data
Basholo,22/1,,,,,no_data
Sam's Hope,6/1,,,,,no_data
Honour Your Dreams,40/1,,,,,no_data
Call Glory,5/6,,,,,no_data
Evoluir,12/1,,,,,no_data
For What Its Worth,33/1,,,,,no_data
Galette,33/1,,,,,no_data
Headshot,6/1,,,,,no_data
Laurens Dream,5/2,,,,,no_data
Lilac Wood,66/1,,,,,no_data
My Boy Jack,16/1,,,,,no_data
Our Nicola,33/1,,,,,no_data
Purpendicular,33/1,,,,,no_data
Zaramara,33/1,,,,,no_data
Pink Socks,1/2,,,,,no_data
Aim For The Bull,11/2,,,,,no_data
American Rose,11/1,,,,,no_data
Anificas Beauty,25/1,,,,,no_data
Captain Pickles,16/1,,,,,no_data
Embarked,25/1,,,,,no_data
Kodebreaker,12/1,,,,,no_data
Nutcracker,25/1,,,,,no_data
Sharp Call,33/1,,,,,no_data
Wrath Of Hector,14/1,,,,,no_data
Invited,5/2,,,,,no_data
Secret Guest,15/2,,,,,no_data
Good Morning Alex,10/1,,,,,no_data
Shiplake,11/8,,,,,no_data
Candonomore,11/1,,,,,no_data
The Turpinator,11/2,,,,,no_data
Showtime Mahomes,6/1,,,,,no_data
Ottawa,13/2,,,,,no_data
Cargin Bhui,7/4,,,,,no_data
Pickering Castle,25/1,,,,,no_data
Early Release,-,,,,,no_data
Sub Thirteen,12/1,,,,,no_data
Delagate This Lord,-,,,,,no_data
Gustav Graves,10/1,,,,,no_data
Dapperling,28/1,,,,,no_data
Minnesota Lad,6/1,,,,,no_data
Good Earth,10/1,,,,,no_data
Clover Time,6/1,,,,,no_data
Avalon Mill Mehmas,66/1,,,,,no_data
Marianne Mozart,10/1,,,,,no_data
Autumn Affair,8/11,,,,,no_data
Love Alive,5/1,,,,,no_data
Maybe Soon,20/1,,,,,no_data
Pantheon Princess,14/1,,,,,no_data
Power Of Chora,20/1,,,,,no_data
Sequential,20/1,,,,,no_data
Sirhana,16/1,,,,,no_data
Starfinch,20/1,,,,,no_data
Tabby Kat,12/1,,,,,no_data
Thunder Pants,16/1,,,,,no_data
Alligator Alley,5/1,9/2,,,,shortening
Paddy's Day,5/1,9/2,,,,shortening
Ziggy's Triton,4/1,10/3,,,,shortening
Atomic Force,3/1,11/2,,,,drifting
Spring Is Sprung,18/1,16/1,,,,shortening
Fidelius,4/1,7/2,,,,shortening
Juan Les Pins,13/2,6/1,,,,shortening
Machete,5/2,,,,,no_data
Cannon Rock,7/2,,,,,no_data
Codiak,4/1,,,,,no_data
Robusto,7/1,,,,,no_data
Charlie's Choice,7/2,,,,,no_data
Moon Sniper,9/1,,,,,no_data
