track_name,race_date,distance,going,time,horse_name,rating,jockey,trainer,weight,age,claims,is_new,label,win_probability,history_count,is_found_in_history,odds_live,odds_1,odds_2,odds_3,odds_4,trend,decimal_odds_live,decimal_odds_1,decimal_odds_2,decimal_odds_3,decimal_odds_4,odds_history,movement_type,movement_adjustment,threshold_bin,threshold_value,odds_bin,breakeven_odds,raw_edge,adjusted_prob,adjusted_edge
Chelmsford (AW),15 Jan 2026Polytrack,5f,Standard,8:00,Global Effort,54,Grace McEntee,Phil McEntee,9- 9,6,0,True,0,0.08494573,0,False,14/1,20/1,14/1,16/1,14/1,stable,15.0,21.0,15.0,17.0,15.0,"[21.0, 15.0, 17.0, 15.0, 15.0]",stable,0.0,T<0.10,0.0,15.0+,11.772222099921915,0.01827906333333333,0.08494573,0.01827906333333333
Chelmsford (AW),15 Jan 2026Polytrack,5f,Standard,8:00,Snow Boots,25,Jack Doughty,Tony Carroll,9- 9,5,0,True,0,0.0693284,0,False,,,,,,,,,,,,"[nan, nan, nan, nan, nan]",stable,0.0,T<0.10,0.0,Unknown,14.42410325350073,,0.0693284,
Chelmsford (AW),15 Jan 2026Polytrack,5f,Standard,8:00,Bishop's Glory,58,Alistair Rawlinson,Joey Ramsden,9- 9,6,0,True,0,0.06057787,0,False,,,,,,,,,,,,"[nan, nan, nan, nan, nan]",stable,0.0,T<0.10,0.0,Unknown,16.507678464099182,,0.06057787,
Chelmsford (AW),15 Jan 2026Polytrack,5f,Standard,8:00,Tilsworth Ony Ta,54,Lewis Edmunds,J R Jenkins,9- 9,7,0,True,0,0.05852871,0,False,,,,,,,,,,,,"[nan, nan, nan, nan, nan]",stable,0.0,T<0.10,0.0,Unknown,17.085631991547398,,0.05852871,
Chelmsford (AW),15 Jan 2026Polytrack,5f,Standard,8:00,Marcus,58,Rob Hornby,Charlie Wallis,9- 9,5,0,True,0,0.051888887,0,False,,,,,,,,,,,,"[nan, nan, nan, nan, nan]",stable,0.0,T<0.10,0.0,Unknown,19.27194930968552,,0.051888887,
Chelmsford (AW),15 Jan 2026Polytrack,5f,Standard,8:00,Under Curfew,56,Gina Mangan,Tony Carroll,9- 9,10,0,True,0,0.05041351,0,False,,,,,,,,,,,,"[nan, nan, nan, nan, nan]",stable,0.0,T<0.10,0.0,Unknown,19.83595270394781,,0.05041351,
Chelmsford (AW),15 Jan 2026Polytrack,5f,Standard,8:00,Flicka's Girl,61,Sean Levey,Michael Attwater,9- 9,4,0,True,0,0.048172474,0,False,,,,,,,,,,,,"[nan, nan, nan, nan, nan]",stable,0.0,T<0.10,0.0,Unknown,20.758742845551176,,0.048172474,
Chelmsford (AW),15 Jan 2026Polytrack,7f,Standard,6:30,United Force,72,Marco Ghiani,Clare Hobson,9- 0,6,0,True,0,0.046355613,0,False,,,,,,,,,,,,"[nan, nan, nan, nan, nan]",stable,0.0,T<0.10,0.0,Unknown,21.57236061143232,,0.046355613,
Chelmsford (AW),15 Jan 2026Polytrack,1m,Standard,5:30,Very Demure,58,Hollie Doyle,Archie Watson,8- 5,3,0,True,0,0.04603764,0,False,,,,,,,,,,,,"[nan, nan, nan, nan, nan]",stable,0.0,T<0.10,0.0,Unknown,21.721356698562307,,0.04603764,
Chelmsford (AW),15 Jan 2026Polytrack,6f,Standard,7:00,Vitalline,79,Tyler Heard,Keiran Burke,8- 4,8,0,True,0,0.039227676,0,False,,,,,,,,,,,,"[nan, nan, nan, nan, nan]",stable,0.0,T<0.10,0.0,Unknown,25.492206063902433,,0.039227676,
Chelmsford (AW),15 Jan 2026Polytrack,1m5½f,Standard,7:30,Carlton,83,Sean D Bowen,James Owen,9 -13,6,0,True,0,0.038961872,0,False,,,,,,,,,,,,"[nan, nan, nan, nan, nan]",stable,0.0,T<0.10,0.0,Unknown,25.666117890844667,,0.038961872,
Chelmsford (AW),15 Jan 2026Polytrack,6f,Standard,7:00,Buraback,77,Lewis Edmunds,Derek Shaw,8 -10,7,0,True,0,0.038335156,0,False,,,,,,,,,,,,"[nan, nan, nan, nan, nan]",stable,0.0,T<0.10,0.0,Unknown,26.085716202641773,,0.038335156,
Chelmsford (AW),15 Jan 2026Polytrack,1m5½f,Standard,7:30,Pleasant Man,81,Lewis Edmunds,Joey Ramsden,9 -13,8,0,True,0,0.037850257,0,False,,,,,,,,,,,,"[nan, nan, nan, nan, nan]",stable,0.0,T<0.10,0.0,Unknown,26.419899870164688,,0.037850257,
Chelmsford (AW),15 Jan 2026Polytrack,7f,Standard,6:30,Kessaar Power,65,Hector Crouch,Phil McEntee,9- 7,6,0,True,0,0.037771344,0,False,,,,,,,,,,,,"[nan, nan, nan, nan, nan]",stable,0.0,T<0.10,0.0,Unknown,26.475097100066126,,0.037771344,
Chelmsford (AW),15 Jan 2026Polytrack,7f,Standard,6:30,Kondratiev Wave,65,William Carson,Tony Carroll,9- 8,9,0,True,0,0.036378387,0,False,,,,,,,,,,,,"[nan, nan, nan, nan, nan]",stable,0.0,T<0.10,0.0,Unknown,27.48884935442575,,0.036378387,
Chelmsford (AW),15 Jan 2026Polytrack,1m5½f,Standard,7:30,Parramount,86,Jack Doughty,Charlie Longsdon,9 -10,10,0,True,0,0.035185505,0,False,-,40/1,50/1,66/1,50/1,drifting,,41.0,51.0,67.0,51.0,"[41.0, 51.0, 67.0, 51.0, nan]",stable,0.0,T<0.10,0.0,Unknown,28.42079430151706,,0.035185505,
Chelmsford (AW),15 Jan 2026Polytrack,1m,Standard,6:00,Poetic Force,73,Jack Doughty,Tony Carroll,9- 7,12,0,True,0,0.034690868,0,False,,,,,,,,,,,,"[nan, nan, nan, nan, nan]",stable,0.0,T<0.10,0.0,Unknown,28.826029951167552,,0.034690868,
Chelmsford (AW),15 Jan 2026Polytrack,6f,Standard,7:00,Darn Hot Time,80,Hollie Doyle,Dr Richard Newland & Jamie Insole,9- 1,4,0,True,0,0.033274155,0,False,,,,,,,,,,,,"[nan, nan, nan, nan, nan]",stable,0.0,T<0.10,0.0,Unknown,30.05335522419728,,0.033274155,
Chelmsford (AW),15 Jan 2026Polytrack,6f,Standard,7:00,Siobhanbrogan,83,Jason Hart,Hugo Palmer,9- 9,5,0,True,0,0.032834064,0,False,,,,,,,,,,,,"[nan, nan, nan, nan, nan]",stable,0.0,T<0.10,0.0,Unknown,30.456175026033936,,0.032834064,
Chelmsford (AW),15 Jan 2026Polytrack,1m5½f,Standard,7:30,Atlantic Sunset,84,Jason Hart,Charlie Johnston,9- 8,4,0,True,0,0.030604541,0,False,,,,,,,,,,,,"[nan, nan, nan, nan, nan]",stable,0.0,T<0.10,0.0,Unknown,32.67488965117954,,0.030604541,
Chelmsford (AW),15 Jan 2026Polytrack,1m5½f,Standard,7:30,Veraison,83,Hollie Doyle,Dr Richard Newland & Jamie Insole,9- 8,4,0,True,0,0.030363794,0,False,,,,,,,,,,,,"[nan, nan, nan, nan, nan]",stable,0.0,T<0.10,0.0,Unknown,32.9339607560241,,0.030363794,
Chelmsford (AW),15 Jan 2026Polytrack,1m,Standard,6:00,Union Island,77,Jack Mitchell,Charlie Johnston,9- 8,5,0,True,0,0.030008346,0,False,,,,,,,,,,,,"[nan, nan, nan, nan, nan]",stable,0.0,T<0.10,0.0,Unknown,33.32406257912382,,0.030008346,
Chelmsford (AW),15 Jan 2026Polytrack,1m5½f,Standard,7:30,Relocal,84,Jack Mitchell,Roger Varian,9- 4,4,0,True,0,0.029436307,0,False,,,,,,,,,,,,"[nan, nan, nan, nan, nan]",stable,0.0,T<0.10,0.0,Unknown,33.971652762012575,,0.029436307,
Chelmsford (AW),15 Jan 2026Polytrack,6f,Standard,7:00,Stapleford Park,70,Robert Havlin,Michael Attwater,9- 6,4,0,True,0,0.02935199,0,False,,,,,,,,,,,,"[nan, nan, nan, nan, nan]",stable,0.0,T<0.10,0.0,Unknown,34.06924027979023,,0.02935199,
Chelmsford (AW),15 Jan 2026Polytrack,1m,Standard,5:30,Gennadius,72,Sean Levey,Richard Hannon,10- 2,4,0,True,0,0.02818722,0,False,,,,,,,,,,,,"[nan, nan, nan, nan, nan]",stable,0.0,T<0.10,0.0,Unknown,35.47707081436197,,0.02818722,
Chelmsford (AW),15 Jan 2026Polytrack,7f,Standard,6:30,Tootsie,67,Grace McEntee,Phil McEntee,9- 2,4,0,True,0,0.027649378,0,False,,,,,,,,,,,,"[nan, nan, nan, nan, nan]",stable,0.0,T<0.10,0.0,Unknown,36.16717887830967,,0.027649378,
Chelmsford (AW),15 Jan 2026Polytrack,1m,Standard,6:00,Fillyfudge,75,George Wood,Lemos De Souza,9- 0,7,0,True,0,0.02762044,0,False,,,,,,,,,,,,"[nan, nan, nan, nan, nan]",stable,0.0,T<0.10,0.0,Unknown,36.20507131674948,,0.02762044,
Chelmsford (AW),15 Jan 2026Polytrack,7f,Standard,6:30,Straight Back Up,65,Hollie Doyle,Dr Richard Newland & Jamie Insole,9- 1,4,0,True,0,0.026238412,0,False,,,,,,,,,,,,"[nan, nan, nan, nan, nan]",stable,0.0,T<0.10,0.0,Unknown,38.11206257451861,,0.026238412,
Chelmsford (AW),15 Jan 2026Polytrack,6f,Standard,7:00,Massimo Blue,81,Jack Mitchell,George Baker,9- 6,4,0,True,0,0.02621456,0,False,,,,,,,,,,,,"[nan, nan, nan, nan, nan]",stable,0.0,T<0.10,0.0,Unknown,38.146739827027424,,0.02621456,
Chelmsford (AW),15 Jan 2026Polytrack,1m2f,Standard,8:30,Oman,85,Marco Ghiani,Tony Carroll,9- 4,8,0,True,0,0.025324062,0,False,,,,,,,,,,,,"[nan, nan, nan, nan, nan]",stable,0.0,T<0.10,0.0,Unknown,39.48813582907829,,0.025324062,
Chelmsford (AW),15 Jan 2026Polytrack,1m,Standard,6:00,My Mate Mike,78,Robert Havlin,Dean Ivory,9- 9,6,0,True,0,0.025280567,0,False,,,,,,,,,,,,"[nan, nan, nan, nan, nan]",stable,0.0,T<0.10,0.0,Unknown,39.556074830125446,,0.025280567,
Chelmsford (AW),15 Jan 2026Polytrack,1m2f,Standard,8:30,Melek Alreeh,87,Luke Morris,David Simcock,9 -13,7,0,True,0,0.02510485,0,False,,,,,,,,,,,,"[nan, nan, nan, nan, nan]",stable,0.0,T<0.10,0.0,Unknown,39.83294064692679,,0.02510485,
Chelmsford (AW),15 Jan 2026Polytrack,1m2f,Standard,8:30,Vice President,87,Finley Marsh,Richard Hughes,9 -12,5,0,True,0,0.024610076,0,False,,,,,,,,,,,,"[nan, nan, nan, nan, nan]",stable,0.0,T<0.10,0.0,Unknown,40.633763178951575,,0.024610076,
Chelmsford (AW),15 Jan 2026Polytrack,1m,Standard,5:30,Dor's Dazzler,46,J F Egan,Dean Ivory,8- 5,3,0,True,0,0.024559526,0,False,,,,,,,,,,,,"[nan, nan, nan, nan, nan]",stable,0.0,T<0.10,0.0,Unknown,40.71739821037262,,0.024559526,
Chelmsford (AW),15 Jan 2026Polytrack,1m2f,Standard,8:30,War Chant,85,Rob Hornby,Edward Smyth-Osbourne,9- 5,6,0,True,0,0.024543384,0,False,,,,,,,,,,,,"[nan, nan, nan, nan, nan]",stable,0.0,T<0.10,0.0,Unknown,40.744177738489526,,0.024543384,
Chelmsford (AW),15 Jan 2026Polytrack,1m5½f,Standard,7:30,Must Believe,81,Hector Crouch,Ismail Mohammed,9- 9,4,0,True,0,0.024407944,0,False,,,,,,,,,,,,"[nan, nan, nan, nan, nan]",stable,0.0,T<0.10,0.0,Unknown,40.97026771283972,,0.024407944,
Chelmsford (AW),15 Jan 2026Polytrack,1m,Standard,5:30,Daddy Chill,60,Charlie Tucker,Patrick Chamings,10- 2,4,7,True,0,0.02395156,0,False,,,,,,,,,,,,"[nan, nan, nan, nan, nan]",stable,0.0,T<0.10,0.0,Unknown,41.75093396839287,,0.02395156,
Chelmsford (AW),15 Jan 2026Polytrack,1m2f,Standard,8:30,Monty Beau,87,Jason Hart,Hugo Palmer,9- 7,5,0,True,0,0.02373325,0,False,,,,,,,,,,,,"[nan, nan, nan, nan, nan]",stable,0.0,T<0.10,0.0,Unknown,42.134979406528814,,0.02373325,
Chelmsford (AW),15 Jan 2026Polytrack,1m,Standard,5:30,Tonyfromhr,18,Rob Hornby,Jamie Osborne,8 -10,3,0,True,0,0.022966674,0,False,,,,,,,,,,,,"[nan, nan, nan, nan, nan]",stable,0.0,T<0.10,0.0,Unknown,43.541350393182746,,0.022966674,
Chelmsford (AW),15 Jan 2026Polytrack,7f,Standard,6:30,My Boy Harry,66,Luke Morris,Jim & Suzi Best,9- 9,4,0,True,0,0.022754602,0,False,,,,,,,,,,,,"[nan, nan, nan, nan, nan]",stable,0.0,T<0.10,0.0,Unknown,43.947154074591154,,0.022754602,
Chelmsford (AW),15 Jan 2026Polytrack,1m,Standard,6:00,My Awele,76,Darragh Keenan,Conrad Allen,9- 9,5,0,True,0,0.022618467,0,False,,,,,,,,,,,,"[nan, nan, nan, nan, nan]",stable,0.0,T<0.10,0.0,Unknown,44.21166120586334,,0.022618467,
Chelmsford (AW),15 Jan 2026Polytrack,1m,Standard,6:00,Pitney,77,Sean Levey,Michael Attwater,9- 9,5,0,True,0,0.022618467,0,False,,,,,,,,,,,,"[nan, nan, nan, nan, nan]",stable,0.0,T<0.10,0.0,Unknown,44.21166120586334,,0.022618467,
Chelmsford (AW),15 Jan 2026Polytrack,6f,Standard,7:00,Invincible Melody,80,Jack Dace,Stuart Williams,9- 0,4,5,True,0,0.022211686,0,False,,,,,,,,,,,,"[nan, nan, nan, nan, nan]",stable,0.0,T<0.10,0.0,Unknown,45.02134597076512,,0.022211686,
Chelmsford (AW),15 Jan 2026Polytrack,6f,Standard,7:00,Lazzar,81,Finley Marsh,Richard Hughes,9- 9,4,0,True,0,0.02182348,0,False,,,,,,,,,,,,"[nan, nan, nan, nan, nan]",stable,0.0,T<0.10,0.0,Unknown,45.82220617426735,,0.02182348,
Chelmsford (AW),15 Jan 2026Polytrack,1m,Standard,6:00,Blue Eclipse,77,Rob Hornby,James Tate,9- 8,4,0,True,0,0.021340646,0,False,,,,,,,,,,,,"[nan, nan, nan, nan, nan]",stable,0.0,T<0.10,0.0,Unknown,46.85893763478387,,0.021340646,
Chelmsford (AW),15 Jan 2026Polytrack,1m2f,Standard,8:30,Bubbles Wonky,88,Thomas Greatrex,Mark Pattinson,9 -13,5,0,True,0,0.019814713,0,False,,,,,,,,,,,,"[nan, nan, nan, nan, nan]",stable,0.0,T<0.10,0.0,Unknown,50.46754903792954,,0.019814713,
Chelmsford (AW),15 Jan 2026Polytrack,1m,Standard,6:00,Lexington Jet,78,Hollie Doyle,David Loughnane,9- 9,4,0,True,0,0.01952064,0,False,,,,,,,,,,,,"[nan, nan, nan, nan, nan]",stable,0.0,T<0.10,0.0,Unknown,51.22782859578375,,0.01952064,
Chelmsford (AW),15 Jan 2026Polytrack,1m2f,Standard,8:30,Desert Heart,81,Jack Doughty,Ed Walker,9- 9,4,0,True,0,0.019086903,0,False,,,,,,,,,,,,"[nan, nan, nan, nan, nan]",stable,0.0,T<0.10,0.0,Unknown,52.39194645668813,,0.019086903,
Chelmsford (AW),15 Jan 2026Polytrack,1m2f,Standard,8:30,Time Tested,86,Hector Crouch,Michael Bell,9 -10,5,0,True,0,0.01907775,0,False,,,,,,,,,,,,"[nan, nan, nan, nan, nan]",stable,0.0,T<0.10,0.0,Unknown,52.41708272726081,,0.01907775,
Chelmsford (AW),15 Jan 2026Polytrack,1m2f,Standard,8:30,Hinchinbrooke,88,Harry Davies,Jane Chapple-Hyam,9- 6,4,0,True,0,0.01874205,0,False,,,,,,,,,,,,"[nan, nan, nan, nan, nan]",stable,0.0,T<0.10,0.0,Unknown,53.35595625878706,,0.01874205,
Chelmsford (AW),15 Jan 2026Polytrack,1m,Standard,5:30,Variety Act,66,Luke Morris,Sir Mark Prescott Bt,8 -10,3,0,True,0,0.017811328,0,False,,,,,,,,,,,,"[nan, nan, nan, nan, nan]",stable,0.0,T<0.10,0.0,Unknown,56.14404495835459,,0.017811328,
Chelmsford (AW),15 Jan 2026Polytrack,1m,Standard,5:30,Hengist Pod,-,Jason Hart,Charlie Johnston,8 -10,3,0,True,0,0.017635101,0,False,,,,,,,,,,,,"[nan, nan, nan, nan, nan]",stable,0.0,T<0.10,0.0,Unknown,56.70509060311024,,0.017635101,
Chelmsford (AW),15 Jan 2026Polytrack,1m2f,Standard,8:30,Rodoya,93,Lewis Edmunds,Julie Camacho,9- 9,4,0,True,0,0.016744295,0,False,,,,,,,,,,,,"[nan, nan, nan, nan, nan]",stable,0.0,T<0.10,0.0,Unknown,59.72183361556877,,0.016744295,
Fairyhouse,15 Jan 2026,2m½f,Soft,11:53,The Store Boy,-,Darragh O'Keeffe,Henry De Bromhead,11 -12,6,0,True,0,0.5035468,2,True,,,,,,,,,,,,"[nan, nan, nan, nan, nan]",stable,0.0,T≥0.50,0.5,Unknown,1.9859127294622865,,0.5035468,
Fairyhouse,15 Jan 2026,2m4f,Soft,3:52,True Destiny,104,Conor Stone-Walsh,Noel C Kelly,11- 6,11,0,True,0,0.18111916,7,True,,,,,,,,,,,,"[nan, nan, nan, nan, nan]",stable,0.0,T≥0.15,0.15,Unknown,5.521227019824959,,0.18111916,
Fairyhouse,15 Jan 2026,2m½f,Soft,11:53,Strutter,-,Paul Townend,W P Mullins,11 -12,7,0,True,0,0.1641115,0,False,,,,,,,,,,,,"[nan, nan, nan, nan, nan]",stable,0.0,T≥0.15,0.15,Unknown,6.093418194337387,,0.1641115,
Fairyhouse,15 Jan 2026,2m½f,Soft,11:53,Swing Davis,-,Jack Kennedy,Gordon Elliott,11- 5,6,0,True,0,0.103640355,0,False,,,,,,,,,,,,"[nan, nan, nan, nan, nan]",stable,0.0,T≥0.10,0.1,Unknown,9.64875120313897,,0.103640355,
Fairyhouse,15 Jan 2026,2m,Soft,1:33,Roc Dino,109,Paul Townend,W P Mullins,11- 4,5,0,True,0,0.09725224,0,False,,,,,,,,,,,,"[nan, nan, nan, nan, nan]",stable,0.0,T<0.10,0.0,Unknown,10.282539507573295,,0.09725224,
Fairyhouse,15 Jan 2026,2m4f,Soft,12:58,Sticwiththeprocess,120,Mark Walsh,T M Walsh,11- 8,6,0,True,0,0.09548162,3,True,,,,,,,,,,,,"[nan, nan, nan, nan, nan]",stable,0.0,T<0.10,0.0,Unknown,10.473219872054957,,0.09548162,
Fairyhouse,15 Jan 2026,2m½f,Soft,11:53,Giant Haystacks,-,Danny Gilligan,Ross O'Sullivan,11 -12,7,0,True,0,0.079629354,0,False,,,,,,,,,,,,"[nan, nan, nan, nan, nan]",stable,0.0,T<0.10,0.0,Unknown,12.558183003719959,,0.079629354,
Fairyhouse,15 Jan 2026,2m4f,Soft,2:08,Noemie De La Vis,119,Paul Townend,W P Mullins,10- 6,4,0,True,0,0.07871913,0,False,,,,,,,,,,,,"[nan, nan, nan, nan, nan]",stable,0.0,T<0.10,0.0,Unknown,12.703392428244571,,0.07871913,
Fairyhouse,15 Jan 2026,2m½f,Soft,11:53,Onlymammycanloveme,78,J J Slevin,Seamus Neville,11 -12,7,0,True,0,0.07318605,0,False,,,,,,,,,,,,"[nan, nan, nan, nan, nan]",stable,0.0,T<0.10,0.0,Unknown,13.663806148849405,,0.07318605,
Fairyhouse,15 Jan 2026,2m½f,Soft,11:53,I Am Lorenzo,-,Sean Flanagan,Paul Nolan,11 -12,7,0,True,0,0.07287192,0,False,,,,,,,,,,,,"[nan, nan, nan, nan, nan]",stable,0.0,T<0.10,0.0,Unknown,13.72270690823022,,0.07287192,
Fairyhouse,15 Jan 2026,2m4f,Soft,2:08,Dee's Lady,118,Keith Donoghue,J P Dempsey,11- 7,6,0,True,0,0.06743245,0,False,,,,,,,,,,,,"[nan, nan, nan, nan, nan]",stable,0.0,T<0.10,0.0,Unknown,14.82965545519998,,0.06743245,
Fairyhouse,15 Jan 2026,2m½f,Soft,11:53,Torquay Road,118,Eoin Staples,Cian Collins,11 -12,7,5,True,0,0.057064343,0,False,,,,,,,,,,,,"[nan, nan, nan, nan, nan]",stable,0.0,T<0.10,0.0,Unknown,17.524078039415965,,0.057064343,
Fairyhouse,15 Jan 2026,2m½f,Soft,11:53,Supreme Jet,126,Phillip Enright,Oliver McKiernan,11 -12,10,0,True,0,0.053434726,0,False,,,,,,,,,,,,"[nan, nan, nan, nan, nan]",stable,0.0,T<0.10,0.0,Unknown,18.714421778826,,0.053434726,
Fairyhouse,15 Jan 2026,2m5f,Soft,12:23,Rockstown Girl,117,Eoghan Finegan,Anthony McCann,11- 5,8,7,True,0,0.042442307,0,False,,,,,,,,,,,,"[nan, nan, nan, nan, nan]",stable,0.0,T<0.10,0.0,Unknown,23.5613959439104,,0.042442307,
Fairyhouse,15 Jan 2026,2m5f,Soft,12:23,Hardy Diamond,121,Danny Gilligan,Gordon Elliott,11- 9,7,0,True,0,0.04019046,0,False,,,,,,,,,,,,"[nan, nan, nan, nan, nan]",stable,0.0,T<0.10,0.0,Unknown,24.881526611041526,,0.04019046,
Fairyhouse,15 Jan 2026,2m5f,Soft,12:23,Quornofamonday,117,Donagh Meyler,J P Dempsey,11- 7,8,0,True,0,0.038843285,0,False,,,,,,,,,,,,"[nan, nan, nan, nan, nan]",stable,0.0,T<0.10,0.0,Unknown,25.74447552517765,,0.038843285,
Fairyhouse,15 Jan 2026,2m4f,Soft,3:52,Not So Proper,-,Philip Byrnes,C Byrnes,10 -12,9,0,True,0,0.03542729,0,False,,,,,,,,,,,,"[nan, nan, nan, nan, nan]",stable,0.0,T<0.10,0.0,Unknown,28.226827397749023,,0.03542729,
Fairyhouse,15 Jan 2026,2m4f,Soft,3:52,Thehardandthewild,52,Sean O'Keeffe,Denis Hickey,10 -12,8,0,True,0,0.028056437,0,False,,,,,,,,,,,,"[nan, nan, nan, nan, nan]",stable,0.0,T<0.10,0.0,Unknown,35.64244454846494,,0.028056437,
Fairyhouse,15 Jan 2026,2m5f,Soft,12:23,Speakasyoufind,-,G B Noonan,P J Rothwell,10- 3,5,0,True,0,0.02787242,0,False,,,,,,,,,,,,"[nan, nan, nan, nan, nan]",stable,0.0,T<0.10,0.0,Unknown,35.877760165783954,,0.02787242,
Fairyhouse,15 Jan 2026,2m,Soft,1:33,Three Leaf Clover,58,Niall Moore,Dermot A McLoughlin,10 -11,5,5,True,0,0.027826844,0,False,,,,,,,,,,,,"[nan, nan, nan, nan, nan]",stable,0.0,T<0.10,0.0,Unknown,35.936522301990124,,0.027826844,
Fairyhouse,15 Jan 2026,2m5f,Soft,12:23,West Of Carrig,125,Mr A J Browne,Don Browne,11- 6,9,7,True,0,0.02766705,0,False,,,,,,,,,,,,"[nan, nan, nan, nan, nan]",stable,0.0,T<0.10,0.0,Unknown,36.14407752181747,,0.02766705,
Fairyhouse,15 Jan 2026,2m5f,Soft,12:23,Midleton Rare,-,Sam Ewing,Ian Patrick Donoghue,11- 3,8,0,True,0,0.026125709,0,False,,,,,,,,,,,,"[nan, nan, nan, nan, nan]",stable,0.0,T<0.10,0.0,Unknown,38.27647318585689,,0.026125709,
Fairyhouse,15 Jan 2026,2m5f,Soft,12:23,One And Only,116,Phillip Enright,Oliver McKiernan,10- 5,8,0,True,0,0.025869355,0,False,,,,,,,,,,,,"[nan, nan, nan, nan, nan]",stable,0.0,T<0.10,0.0,Unknown,38.65577630366123,,0.025869355,
Fairyhouse,15 Jan 2026,2m,Soft,1:33,Elusive Power,-,Simon Torrens,Noel C Kelly,10 -11,6,0,True,0,0.025683723,0,False,,,,,,,,,,,,"[nan, nan, nan, nan, nan]",stable,0.0,T<0.10,0.0,Unknown,38.93516527958194,,0.025683723,
Fairyhouse,15 Jan 2026,2m4f,Soft,12:58,Coyote Spirit,120,Jack Kennedy,Gordon Elliott,11 -11,8,0,True,0,0.025443058,0,False,,,,,,,,,,,,"[nan, nan, nan, nan, nan]",stable,0.0,T<0.10,0.0,Unknown,39.30345165270621,,0.025443058,
Fairyhouse,15 Jan 2026,2m4f,Soft,3:18,Blossom De Mai,104,Tiernan Power Roche,P J Rothwell,10- 7,9,3,True,0,0.02519932,0,False,,,,,,,,,,,,"[nan, nan, nan, nan, nan]",stable,0.0,T<0.10,0.0,Unknown,39.68361051012487,,0.02519932,
Fairyhouse,15 Jan 2026,2m5f,Soft,12:23,Our Boy Rocky,83,Brian Hayes,Liam P Cusack,11- 3,8,0,True,0,0.024993302,0,False,,,,,,,,,,,,"[nan, nan, nan, nan, nan]",stable,0.0,T<0.10,0.0,Unknown,40.01071967201453,,0.024993302,
Fairyhouse,15 Jan 2026,2m4f,Soft,2:08,Soldierstown,60,Darragh O'Keeffe,Peter Buchanan,11- 7,7,0,True,0,0.024991663,0,False,,,,,,,,,,,,"[nan, nan, nan, nan, nan]",stable,0.0,T<0.10,0.0,Unknown,40.013343649840344,,0.024991663,
Fairyhouse,15 Jan 2026,2m,Soft,1:33,Thatsmyroadie,-,Patrick M O'Brien,Dermot A McLoughlin,11- 4,6,5,True,0,0.02496129,0,False,,,,,,,,,,,,"[nan, nan, nan, nan, nan]",stable,0.0,T<0.10,0.0,Unknown,40.06203205042688,,0.02496129,
Fairyhouse,15 Jan 2026,2m5f,Soft,12:23,Ag Obair Go Crua,112,Darragh O'Keeffe,J P Flavin,10 -13,7,0,True,0,0.02432611,0,False,,,,,,,,,,,,"[nan, nan, nan, nan, nan]",stable,0.0,T<0.10,0.0,Unknown,41.1080933203048,,0.02432611,
Fairyhouse,15 Jan 2026,2m4f,Soft,2:08,Sound Judgement,-,Jack Kennedy,Gordon Elliott,11- 7,6,0,True,0,0.024316022,0,False,,,,,,,,,,,,"[nan, nan, nan, nan, nan]",stable,0.0,T<0.10,0.0,Unknown,41.12514785518783,,0.024316022,
Fairyhouse,15 Jan 2026,2m4f,Soft,3:18,Danesfort Mayfly,61,Danny Mullins,W J Lanigan,10 -12,9,0,True,0,0.023484726,0,False,,,,,,,,,,,,"[nan, nan, nan, nan, nan]",stable,0.0,T<0.10,0.0,Unknown,42.58086724111663,,0.023484726,
Fairyhouse,15 Jan 2026,2m½f,Soft,11:53,Union Station,131,Keith Donoghue,Gavin Cromwell,11 -12,7,0,True,0,0.023115141,0,False,,,,,,,,,,,,"[nan, nan, nan, nan, nan]",stable,0.0,T<0.10,0.0,Unknown,43.261687220510574,,0.023115141,
Fairyhouse,15 Jan 2026,2m4f,Soft,2:43,Sacramental,51,Thomas O'Connor,J R Finn,11 -12,8,7,True,0,0.023114085,0,False,,,,,,,,,,,,"[nan, nan, nan, nan, nan]",stable,0.0,T<0.10,0.0,Unknown,43.26366369250611,,0.023114085,
Fairyhouse,15 Jan 2026,2m,Soft,1:33,Danalii,-,Jack G Gilligan,Paul John Gilligan,11- 4,5,5,True,0,0.022606494,0,False,,,,,,,,,,,,"[nan, nan, nan, nan, nan]",stable,0.0,T<0.10,0.0,Unknown,44.235076876582454,,0.022606494,
Fairyhouse,15 Jan 2026,2m,Soft,1:33,Puma's Dream,107,Jack Kennedy,Gordon Elliott,11- 4,5,0,True,0,0.022242807,0,False,,,,,,,,,,,,"[nan, nan, nan, nan, nan]",stable,0.0,T<0.10,0.0,Unknown,44.95835440194217,,0.022242807,
Fairyhouse,15 Jan 2026,2m,Soft,1:33,Grand Pretender,-,Benjamin P Kennedy,Francis J Flood,11- 4,6,7,True,0,0.021891633,0,False,,,,,,,,,,,,"[nan, nan, nan, nan, nan]",stable,0.0,T<0.10,0.0,Unknown,45.67955254868378,,0.021891633,
Fairyhouse,15 Jan 2026,2m½f,Soft,11:53,Sonny May,99,Sean O'Keeffe,Denis Hickey,11 -12,9,0,True,0,0.02178304,0,False,,,,,,,,,,,,"[nan, nan, nan, nan, nan]",stable,0.0,T<0.10,0.0,Unknown,45.9072746503702,,0.02178304,
Fairyhouse,15 Jan 2026,2m5f,Soft,12:23,Tell Us This,115,Keith Donoghue,Gavin Cromwell,11 -10,7,0,True,0,0.021388846,0,False,,,,,,,,,,,,"[nan, nan, nan, nan, nan]",stable,0.0,T<0.10,0.0,Unknown,46.75334050280225,,0.021388846,
Fairyhouse,15 Jan 2026,2m½f,Soft,11:53,Coral River,131,Donagh Meyler,Ross O'Sullivan,11 -12,7,0,True,0,0.020925798,0,False,,,,,,,,,,,,"[nan, nan, nan, nan, nan]",stable,0.0,T<0.10,0.0,Unknown,47.78790276002856,,0.020925798,
Fairyhouse,15 Jan 2026,2m4f,Soft,3:18,Chanceawetmorning,102,Mr O McGill,Noel C Kelly,11 -12,6,5,True,0,0.020911437,0,False,,,,,,,,,,,,"[nan, nan, nan, nan, nan]",stable,0.0,T<0.10,0.0,Unknown,47.82072126367977,,0.020911437,
Fairyhouse,15 Jan 2026,2m½f,Soft,11:53,Promontory,104,Aidan Kelly,Sarah Joanna Connell,11 -12,9,3,True,0,0.020772925,0,False,,,,,,,,,,,,"[nan, nan, nan, nan, nan]",stable,0.0,T<0.10,0.0,Unknown,48.13958554223827,,0.020772925,
Fairyhouse,15 Jan 2026,2m,Soft,1:33,Premier Rogue,117,Donagh Meyler,Noel Meade,11- 4,5,0,True,0,0.020604508,0,False,,,,,,,,,,,,"[nan, nan, nan, nan, nan]",stable,0.0,T<0.10,0.0,Unknown,48.53306858867972,,0.020604508,
Fairyhouse,15 Jan 2026,2m4f,Soft,2:43,Clash Gold,66,Benjamin P Kennedy,Francis J Flood,11- 5,7,7,True,0,0.02013447,0,False,,,,,,,,,,,,"[nan, nan, nan, nan, nan]",stable,0.0,T<0.10,0.0,Unknown,49.66607017716384,,0.02013447,
Fairyhouse,15 Jan 2026,2m4f,Soft,12:58,Welluknow,119,Daniel King,M A Molloy,11- 6,7,0,True,0,0.019938882,0,False,,,,,,,,,,,,"[nan, nan, nan, nan, nan]",stable,0.0,T<0.10,0.0,Unknown,50.15326335749416,,0.019938882,
Fairyhouse,15 Jan 2026,2m,Soft,1:33,Zarushio,-,Ben Harvey,Tom Dreaper,11- 4,6,0,True,0,0.019505318,0,False,,,,,,,,,,,,"[nan, nan, nan, nan, nan]",stable,0.0,T<0.10,0.0,Unknown,51.268069559286346,,0.019505318,
Fairyhouse,15 Jan 2026,2m,Soft,1:33,Agameoftwohalves,119,Danny Gilligan,Gordon Elliott,11- 4,5,0,True,0,0.019205783,0,False,,,,,,,,,,,,"[nan, nan, nan, nan, nan]",stable,0.0,T<0.10,0.0,Unknown,52.06765066542718,,0.019205783,
Fairyhouse,15 Jan 2026,2m5f,Soft,12:23,Duffys Getaway,83,Simon Torrens,P J Rothwell,10- 7,9,0,True,0,0.019069988,0,False,,,,,,,,,,,,"[nan, nan, nan, nan, nan]",stable,0.0,T<0.10,0.0,Unknown,52.43841789517644,,0.019069988,
Fairyhouse,15 Jan 2026,2m4f,Soft,2:08,Lucy Jordan,-,Jordan Gainford,Cian Collins,11- 7,7,0,True,0,0.018830787,0,False,,,,,,,,,,,,"[nan, nan, nan, nan, nan]",stable,0.0,T<0.10,0.0,Unknown,53.10452505251108,,0.018830787,
Fairyhouse,15 Jan 2026,2m,Soft,1:33,Cola Blaze,-,Paddy Cleary,Nigel Thomas Slevin,11- 5,7,7,True,0,0.018753646,0,False,,,,,,,,,,,,"[nan, nan, nan, nan, nan]",stable,0.0,T<0.10,0.0,Unknown,53.322964505142096,,0.018753646,
Fairyhouse,15 Jan 2026,2m4f,Soft,3:52,Little Boy Sivola,97,Tiernan Power Roche,P J Rothwell,11- 3,5,3,True,0,0.018682841,0,False,,,,,,,,,,,,"[nan, nan, nan, nan, nan]",stable,0.0,T<0.10,0.0,Unknown,53.52505007134622,,0.018682841,
Fairyhouse,15 Jan 2026,2m4f,Soft,3:18,Donnrua Dream,97,Liam Quinlan,Ray Hackett,11- 2,9,0,True,0,0.018517636,0,False,,,,,,,,,,,,"[nan, nan, nan, nan, nan]",stable,0.0,T<0.10,0.0,Unknown,54.00257354664494,,0.018517636,
Fairyhouse,15 Jan 2026,2m4f,Soft,2:43,Needs Must,98,Jack Kennedy,Gordon Elliott,11 -12,5,0,True,0,0.01747441,0,False,,,,,,,,,,,,"[nan, nan, nan, nan, nan]",stable,0.0,T<0.10,0.0,Unknown,57.226538692865745,,0.01747441,
Fairyhouse,15 Jan 2026,2m5f,Soft,12:23,Long Road,124,Dylan Robinson,P J Rothwell,10- 4,7,0,True,0,0.017413016,0,False,,,,,,,,,,,,"[nan, nan, nan, nan, nan]",stable,0.0,T<0.10,0.0,Unknown,57.42830535502868,,0.017413016,
Fairyhouse,15 Jan 2026,2m4f,Soft,2:43,Magic Hands Noel,62,Brian Hayes,Gerard Keane,11- 5,5,0,True,0,0.017204478,0,False,,,,,,,,,,,,"[nan, nan, nan, nan, nan]",stable,0.0,T<0.10,0.0,Unknown,58.12440226317823,,0.017204478,
Fairyhouse,15 Jan 2026,2m4f,Soft,2:43,Fervida,66,Ross Berry,J A Berry,11- 5,6,7,True,0,0.017059432,0,False,,,,,,,,,,,,"[nan, nan, nan, nan, nan]",stable,0.0,T<0.10,0.0,Unknown,58.61859879039349,,0.017059432,
Fairyhouse,15 Jan 2026,2m4f,Soft,12:58,Heron's Butler,128,Liam McKenna,Dermot A McLoughlin,11- 9,6,5,True,0,0.01696016,0,False,,,,,,,,,,,,"[nan, nan, nan, nan, nan]",stable,0.0,T<0.10,0.0,Unknown,58.96170790841597,,0.01696016,
Fairyhouse,15 Jan 2026,2m,Soft,1:33,Whenurreadydylan,-,Carl Millar,W J Austin,11- 4,6,5,True,0,0.016328398,0,False,,,,,,,,,,,,"[nan, nan, nan, nan, nan]",stable,0.0,T<0.10,0.0,Unknown,61.242995179318875,,0.016328398,
Fairyhouse,15 Jan 2026,2m5f,Soft,12:23,Hello Jack,106,Jordan Gainford,Gordon Elliott,11 -12,6,0,True,0,0.016326124,0,False,,,,,,,,,,,,"[nan, nan, nan, nan, nan]",stable,0.0,T<0.10,0.0,Unknown,61.251525469241805,,0.016326124,
Fairyhouse,15 Jan 2026,2m4f,Soft,2:43,Somersby Roost,97,Phillip Enright,Oliver McKiernan,11- 5,6,0,True,0,0.016086783,0,False,,,,,,,,,,,,"[nan, nan, nan, nan, nan]",stable,0.0,T<0.10,0.0,Unknown,62.16283268071683,,0.016086783,
Fairyhouse,15 Jan 2026,2m4f,Soft,3:18,Chemdawg,102,Phillip Enright,Oliver McKiernan,10- 7,7,0,True,0,0.015927633,0,False,,,,,,,,,,,,"[nan, nan, nan, nan, nan]",stable,0.0,T<0.10,0.0,Unknown,62.7839679630991,,0.015927633,
Fairyhouse,15 Jan 2026,2m5f,Soft,12:23,Don't Talk,114,Ben Harvey,Karl Thornton,11- 9,9,0,True,0,0.015883643,0,False,,,,,,,,,,,,"[nan, nan, nan, nan, nan]",stable,0.0,T<0.10,0.0,Unknown,62.95784915337118,,0.015883643,
Fairyhouse,15 Jan 2026,2m5f,Soft,12:23,Dundaniel,124,Mr P W Gleeson,Patrick J F Hassett,11 -10,11,7,True,0,0.01586475,0,False,,,,,,,,,,,,"[nan, nan, nan, nan, nan]",stable,0.0,T<0.10,0.0,Unknown,63.03282434327676,,0.01586475,
Fairyhouse,15 Jan 2026,2m,Soft,1:33,Starski,-,Conor Stone-Walsh,Gavin Cromwell,10 -11,5,0,True,0,0.015845101,0,False,,,,,,,,,,,,"[nan, nan, nan, nan, nan]",stable,0.0,T<0.10,0.0,Unknown,63.110989320926386,,0.015845101,
Fairyhouse,15 Jan 2026,2m4f,Soft,2:08,Not Leaving Yet,74,Phillip Enright,Robert Murphy,11- 7,6,0,True,0,0.015564472,0,False,,,,,,,,,,,,"[nan, nan, nan, nan, nan]",stable,0.0,T<0.10,0.0,Unknown,64.24888682378689,,0.015564472,
Fairyhouse,15 Jan 2026,2m,Soft,1:33,Mighty Park,-,,W P Mullins,11- 4,5,0,True,0,0.015306585,0,False,,,,,,,,,,,,"[nan, nan, nan, nan, nan]",stable,0.0,T<0.10,0.0,Unknown,65.33135901966376,,0.015306585,
Fairyhouse,15 Jan 2026,2m4f,Soft,2:08,Isdistheone,-,John Shinnick,Robert Murphy,11- 7,6,3,True,0,0.01528107,0,False,,,,,,,,,,,,"[nan, nan, nan, nan, nan]",stable,0.0,T<0.10,0.0,Unknown,65.44044363385548,,0.01528107,
Fairyhouse,15 Jan 2026,2m4f,Soft,3:52,Ballinearla Girl,103,Miss E Cody,Eoin Doyle,11- 4,7,7,True,0,0.013996057,0,False,,,,,,,,,,,,"[nan, nan, nan, nan, nan]",stable,0.0,T<0.10,0.0,Unknown,71.4486944430135,,0.013996057,
Fairyhouse,15 Jan 2026,2m,Soft,1:33,Ballyhasty,-,Eoin Staples,W J Austin,11- 4,5,5,True,0,0.013305777,0,False,,,,,,,,,,,,"[nan, nan, nan, nan, nan]",stable,0.0,T<0.10,0.0,Unknown,75.15532538986638,,0.013305777,
Fairyhouse,15 Jan 2026,2m4f,Soft,2:08,Leaving Omelas,-,Richard Condon,Michael Butler,11- 7,6,5,True,0,0.012648747,0,False,,,,,,,,,,,,"[nan, nan, nan, nan, nan]",stable,0.0,T<0.10,0.0,Unknown,79.05921432375871,,0.012648747,
Fairyhouse,15 Jan 2026,2m4f,Soft,3:52,Glens Sensation,108,Jack G Gilligan,Paul John Gilligan,11- 3,8,5,True,0,0.01254973,0,False,,,,,,,,,,,,"[nan, nan, nan, nan, nan]",stable,0.0,T<0.10,0.0,Unknown,79.68298919578349,,0.01254973,
Fairyhouse,15 Jan 2026,2m4f,Soft,2:43,Under Cover,96,Eoghan Finegan,Anthony McCann,11 -12,7,7,True,0,0.01250745,0,False,,,,,,,,,,,,"[nan, nan, nan, nan, nan]",stable,0.0,T<0.10,0.0,Unknown,79.95234840035339,,0.01250745,
Fairyhouse,15 Jan 2026,2m,Soft,1:33,Le Midnightdancer,77,,Gavin Cromwell,11- 4,5,0,True,0,0.012391789,0,False,,,,,,,,,,,,"[nan, nan, nan, nan, nan]",stable,0.0,T<0.10,0.0,Unknown,80.69859807974457,,0.012391789,
Fairyhouse,15 Jan 2026,2m4f,Soft,12:58,Nelson Muntz,121,Cian Quirke,David Harry Kelly,11 -11,7,0,True,0,0.012255461,0,False,,,,,,,,,,,,"[nan, nan, nan, nan, nan]",stable,0.0,T<0.10,0.0,Unknown,81.59627777363903,,0.012255461,
Fairyhouse,15 Jan 2026,2m4f,Soft,3:52,Larkins Lane,79,Dylan Robinson,P J Rothwell,10- 8,7,0,True,0,0.012047183,0,False,,,,,,,,,,,,"[nan, nan, nan, nan, nan]",stable,0.0,T<0.10,0.0,Unknown,83.00695689606442,,0.012047183,
Fairyhouse,15 Jan 2026,2m4f,Soft,3:52,Shanroe Act,81,Daniel King,Karl Thornton,10- 6,8,0,True,0,0.011056581,0,False,,,,,,,,,,,,"[nan, nan, nan, nan, nan]",stable,0.0,T<0.10,0.0,Unknown,90.4438722965083,,0.011056581,
Fairyhouse,15 Jan 2026,2m,Soft,1:33,Coolboy Christy,101,Dylan Robinson,P J Rothwell,11- 4,5,0,True,0,0.011032368,0,False,,,,,,,,,,,,"[nan, nan, nan, nan, nan]",stable,0.0,T<0.10,0.0,Unknown,90.64237161051915,,0.011032368,
Fairyhouse,15 Jan 2026,2m4f,Soft,3:18,Driveonwill,102,Donagh Meyler,Ross O'Sullivan,11- 5,6,0,True,0,0.01083011,0,False,,,,,,,,,,,,"[nan, nan, nan, nan, nan]",stable,0.0,T<0.10,0.0,Unknown,92.33516557080213,,0.01083011,
Fairyhouse,15 Jan 2026,2m4f,Soft,2:43,Walk In The Clouds,79,Ben Harvey,Cian Collins,11- 5,6,0,True,0,0.010220089,0,False,,,,,,,,,,,,"[nan, nan, nan, nan, nan]",stable,0.0,T<0.10,0.0,Unknown,97.84650603336233,,0.010220089,
Fairyhouse,15 Jan 2026,2m4f,Soft,2:43,Cry Before Dawn,85,Simon Torrens,Patrick T Foley,11- 5,6,0,True,0,0.009646763,0,False,,,,,,,,,,,,"[nan, nan, nan, nan, nan]",stable,0.0,T<0.10,0.0,Unknown,103.66171533394156,,0.009646763,
Fairyhouse,15 Jan 2026,2m,Soft,1:33,Juke Hill,107,Jordan Gainford,Gordon Elliott,11- 4,6,0,True,0,0.009544363,0,False,,,,,,,,,,,,"[nan, nan, nan, nan, nan]",stable,0.0,T<0.10,0.0,Unknown,104.77388590521966,,0.009544363,
Fairyhouse,15 Jan 2026,2m4f,Soft,3:18,Rideau Canal,98,Paddy Cleary,Mrs Denise Foster,10- 0,11,7,True,0,0.009444119,0,False,,,,,,,,,,,,"[nan, nan, nan, nan, nan]",stable,0.0,T<0.10,0.0,Unknown,105.8860016482215,,0.009444119,
Fairyhouse,15 Jan 2026,2m4f,Soft,2:43,Umpire's Call,90,Jordan Gainford,J P Dempsey,11 -12,7,0,True,0,0.008968702,0,False,,,,,,,,,,,,"[nan, nan, nan, nan, nan]",stable,0.0,T<0.10,0.0,Unknown,111.49885457226698,,0.008968702,
Fairyhouse,15 Jan 2026,2m4f,Soft,2:08,Champagne Venture,109,Danny Gilligan,D Broad,11- 7,7,0,True,0,0.008681167,0,False,,,,,,,,,,,,"[nan, nan, nan, nan, nan]",stable,0.0,T<0.10,0.0,Unknown,115.1918860678524,,0.008681167,
Fairyhouse,15 Jan 2026,2m4f,Soft,3:18,Yoursimplythebest,101,Jordan Gainford,Gerard Keane,10- 5,6,0,True,0,0.008668775,0,False,,,,,,,,,,,,"[nan, nan, nan, nan, nan]",stable,0.0,T<0.10,0.0,Unknown,115.35655268477957,,0.008668775,
Fairyhouse,15 Jan 2026,2m4f,Soft,3:18,Clever Court,101,Simon Torrens,P J Rothwell,10- 8,5,0,True,0,0.008562321,0,False,,,,,,,,,,,,"[nan, nan, nan, nan, nan]",stable,0.0,T<0.10,0.0,Unknown,116.7907626915646,,0.008562321,
Fairyhouse,15 Jan 2026,2m4f,Soft,3:52,Walkmethroughit,90,,J Motherway,11- 6,6,0,True,0,0.008504457,0,False,,,,,,,,,,,,"[nan, nan, nan, nan, nan]",stable,0.0,T<0.10,0.0,Unknown,117.58540257185145,,0.008504457,
Fairyhouse,15 Jan 2026,2m4f,Soft,3:18,Shanroe Nelson,88,Ben Harvey,Karl Thornton,10 -10,7,0,True,0,0.008500409,0,False,,,,,,,,,,,,"[nan, nan, nan, nan, nan]",stable,0.0,T<0.10,0.0,Unknown,117.64139819625149,,0.008500409,
Fairyhouse,15 Jan 2026,2m4f,Soft,2:08,Valette,90,Conor Stone-Walsh,Ian Patrick Donoghue,11- 7,6,0,True,0,0.008453697,0,False,,,,,,,,,,,,"[nan, nan, nan, nan, nan]",stable,0.0,T<0.10,0.0,Unknown,118.29144101095652,,0.008453697,
Fairyhouse,15 Jan 2026,2m4f,Soft,3:18,Ladyeze Man,100,Mr J C Canavan,J P Flavin,10- 1,8,7,True,0,0.008400091,0,False,,,,,,,,,,,,"[nan, nan, nan, nan, nan]",stable,0.0,T<0.10,0.0,Unknown,119.04632937905077,,0.008400091,
Fairyhouse,15 Jan 2026,2m,Soft,1:33,Largy Spirit,104,Ms E Dunseath,Noel C Kelly,11- 4,7,7,True,0,0.008342383,0,False,,,,,,,,,,,,"[nan, nan, nan, nan, nan]",stable,0.0,T<0.10,0.0,Unknown,119.8698261635794,,0.008342383,
Fairyhouse,15 Jan 2026,2m4f,Soft,3:18,Sidiriya,104,,P J Rothwell,10- 8,7,0,True,0,0.008243654,0,False,,,,,,,,,,,,"[nan, nan, nan, nan, nan]",stable,0.0,T<0.10,0.0,Unknown,121.30543081987673,,0.008243654,
Fairyhouse,15 Jan 2026,2m4f,Soft,3:18,Kanog Bay,97,Conor Stone-Walsh,Ian Patrick Donoghue,10- 8,5,0,True,0,0.008129456,0,False,,,,,,,,,,,,"[nan, nan, nan, nan, nan]",stable,0.0,T<0.10,0.0,Unknown,123.00946090365701,,0.008129456,
Fairyhouse,15 Jan 2026,2m4f,Soft,3:18,Knocknagoran Lady,102,Daniel King,Cian Hughes,10 -13,7,0,True,0,0.007969991,0,False,,,,,,,,,,,,"[nan, nan, nan, nan, nan]",stable,0.0,T<0.10,0.0,Unknown,125.4706561149191,,0.007969991,
Fairyhouse,15 Jan 2026,2m4f,Soft,2:43,Pat's Legacy,109,Keith Donoghue,Ian Patrick Donoghue,11 -12,6,0,True,0,0.007954752,0,False,,,,,,,,,,,,"[nan, nan, nan, nan, nan]",stable,0.0,T<0.10,0.0,Unknown,125.71102153781789,,0.007954752,
Fairyhouse,15 Jan 2026,2m4f,Soft,2:43,Ersudaly,97,Eoin Staples,Colin Bowe,11- 5,6,5,True,0,0.007926718,0,False,,,,,,,,,,,,"[nan, nan, nan, nan, nan]",stable,0.0,T<0.10,0.0,Unknown,126.15561699053758,,0.007926718,
Fairyhouse,15 Jan 2026,2m4f,Soft,3:18,Shanroe Nancy,106,,Karl Thornton,10 -11,7,0,True,0,0.007792967,0,False,,,,,,,,,,,,"[nan, nan, nan, nan, nan]",stable,0.0,T<0.10,0.0,Unknown,128.32083082091842,,0.007792967,
Fairyhouse,15 Jan 2026,2m4f,Soft,3:52,Doyen Wolf,99,Darragh O'Keeffe,J R Finn,10 -13,10,0,True,0,0.0076424736,0,False,,,,,,,,,,,,"[nan, nan, nan, nan, nan]",stable,0.0,T<0.10,0.0,Unknown,130.84768784808102,,0.0076424736,
Fairyhouse,15 Jan 2026,2m4f,Soft,3:52,Wakey Wakey Man,108,Jordan Gainford,Cian Collins,11- 2,6,0,True,0,0.0075421003,0,False,,,,,,,,,,,,"[nan, nan, nan, nan, nan]",stable,0.0,T<0.10,0.0,Unknown,132.5890614316015,,0.0075421003,
Fairyhouse,15 Jan 2026,2m4f,Soft,3:18,My Good Pal,103,Mr B M Coonan,Gavin Cromwell,11- 6,7,7,True,0,0.0068902546,0,False,,,,,,,,,,,,"[nan, nan, nan, nan, nan]",stable,0.0,T<0.10,0.0,Unknown,145.1325180349649,,0.0068902546,
Fairyhouse,15 Jan 2026,2m4f,Soft,3:52,Warmer Days Ahead,99,James Duggan,Oliver McKiernan,12- 0,7,7,True,0,0.0068783686,0,False,,,,,,,,,,,,"[nan, nan, nan, nan, nan]",stable,0.0,T<0.10,0.0,Unknown,145.38331080425087,,0.0068783686,
Fairyhouse,15 Jan 2026,2m4f,Soft,3:18,Blue Reed,110,Kevin Healy,Cian Collins,11- 7,7,7,True,0,0.0068659233,0,False,,,,,,,,,,,,"[nan, nan, nan, nan, nan]",stable,0.0,T<0.10,0.0,Unknown,145.64683529162056,,0.0068659233,
Fairyhouse,15 Jan 2026,2m4f,Soft,2:43,Moorish Castle,81,Richard Condon,P A Fahy,11 -12,6,5,True,0,0.006707837,0,False,,,,,,,,,,,,"[nan, nan, nan, nan, nan]",stable,0.0,T<0.10,0.0,Unknown,149.07935300157115,,0.006707837,
Fairyhouse,15 Jan 2026,2m4f,Soft,3:52,Kinturk Maggie,102,James Smith,Thomas Gibney,11- 3,6,5,True,0,0.0065927873,0,False,,,,,,,,,,,,"[nan, nan, nan, nan, nan]",stable,0.0,T<0.10,0.0,Unknown,151.68091347342573,,0.0065927873,
Fairyhouse,15 Jan 2026,2m4f,Soft,2:08,Two Seconds,102,Kevin Healy,Declan Queally,11- 7,6,7,True,0,0.006571075,0,False,,,,,,,,,,,,"[nan, nan, nan, nan, nan]",stable,0.0,T<0.10,0.0,Unknown,152.18210110217888,,0.006571075,
Fairyhouse,15 Jan 2026,2m4f,Soft,3:18,Three County Star,105,Darragh O'Keeffe,Brian Mortell,10 -10,5,0,True,0,0.006561479,0,False,,,,,,,,,,,,"[nan, nan, nan, nan, nan]",stable,0.0,T<0.10,0.0,Unknown,152.40466364366935,,0.006561479,
Fairyhouse,15 Jan 2026,2m4f,Soft,2:43,No Hard Feelings,86,Dylan O'Connor,John Joseph Hanlon,11 -12,6,7,True,0,0.006462088,0,False,,,,,,,,,,,,"[nan, nan, nan, nan, nan]",stable,0.0,T<0.10,0.0,Unknown,154.74874374969824,,0.006462088,
Fairyhouse,15 Jan 2026,2m4f,Soft,2:43,Rough 'n' Smooth,98,James Smith,Thomas Gibney,11 -12,6,5,True,0,0.006098808,0,False,,,,,,,,,,,,"[nan, nan, nan, nan, nan]",stable,0.0,T<0.10,0.0,Unknown,163.96646688992342,,0.006098808,
Fairyhouse,15 Jan 2026,2m4f,Soft,3:52,Give Her Hollie,94,Finn Brickley,Cian Collins,10- 7,6,7,True,0,0.0060521266,0,False,,,,,,,,,,,,"[nan, nan, nan, nan, nan]",stable,0.0,T<0.10,0.0,Unknown,165.2311767569436,,0.0060521266,
Fairyhouse,15 Jan 2026,2m4f,Soft,3:52,Cosmo Renfro,106,Eoin Staples,Gavin Cromwell,11 -11,9,5,True,0,0.0060219746,0,False,,,,,,,,,,,,"[nan, nan, nan, nan, nan]",stable,0.0,T<0.10,0.0,Unknown,166.05848852301702,,0.0060219746,
Fairyhouse,15 Jan 2026,2m4f,Soft,3:52,Dearg Mor,95,Simon Torrens,Aidan Anthony Howard,11- 9,5,0,True,0,0.00601786,0,False,,,,,,,,,,,,"[nan, nan, nan, nan, nan]",stable,0.0,T<0.10,0.0,Unknown,166.17202793019445,,0.00601786,
Fairyhouse,15 Jan 2026,2m4f,Soft,3:18,Falcon Park,111,Dylan O'Connor,John Joseph Hanlon,11- 5,10,7,True,0,0.005977383,0,False,,,,,,,,,,,,"[nan, nan, nan, nan, nan]",stable,0.0,T<0.10,0.0,Unknown,167.29729381570496,,0.005977383,
Fairyhouse,15 Jan 2026,2m4f,Soft,3:52,Great Island,98,Calum Hogan,Eoin Griffin,11 -12,10,7,True,0,0.00593661,0,False,,,,,,,,,,,,"[nan, nan, nan, nan, nan]",stable,0.0,T<0.10,0.0,Unknown,168.4463018456661,,0.00593661,
Fairyhouse,15 Jan 2026,2m4f,Soft,2:08,Miss Kingston,102,Paddy Cody,P F McEnery,11- 7,5,7,True,0,0.0057551065,0,False,,,,,,,,,,,,"[nan, nan, nan, nan, nan]",stable,0.0,T<0.10,0.0,Unknown,173.758730616019,,0.0057551065,
Fairyhouse,15 Jan 2026,2m4f,Soft,3:52,Back To Cali,94,Adam Leahy,John Joseph Hanlon,11- 9,6,7,True,0,0.0052964683,0,False,,,,,,,,,,,,"[nan, nan, nan, nan, nan]",stable,0.0,T<0.10,0.0,Unknown,188.80505713590318,,0.0052964683,
Ludlow,15 Jan 2026,2m5½f,Good To Soft,1:42,Parliamo,37,Toby Wynne,Mel Rowley,11 -10,6,0,True,0,0.1216566,0,False,,,,,,,,,,,,"[nan, nan, nan, nan, nan]",stable,0.0,T≥0.10,0.1,Unknown,8.21985819100649,,0.1216566,
Ludlow,15 Jan 2026,2m5½f,Good To Soft,1:42,Mondoui'boy,-,Ben Jones,Ben Pauling,11 -10,6,0,True,0,0.06899785,0,False,,,,,,,,,,,,"[nan, nan, nan, nan, nan]",stable,0.0,T<0.10,0.0,Unknown,14.493205223061299,,0.06899785,
Ludlow,15 Jan 2026,2m5½f,Good To Soft,1:07,Fane Court,48,Shane Quinlan,Ben Lund,11 -10,8,3,True,0,0.04888555,0,False,,,,,,,,,,,,"[nan, nan, nan, nan, nan]",stable,0.0,T<0.10,0.0,Unknown,20.455942502436812,,0.04888555,
Ludlow,15 Jan 2026,2m5½f,Good To Soft,1:42,Passing Diamond,72,Dylan Johnston,Neil Mulholland,11 -10,6,0,True,0,0.047685653,0,False,,,,,,,,,,,,"[nan, nan, nan, nan, nan]",stable,0.0,T<0.10,0.0,Unknown,20.970668053974222,,0.047685653,
Ludlow,15 Jan 2026,2m5½f,Good To Soft,1:42,Crest Of Valour,-,Sam Twiston-Davies,Anthony Honeyball,11 -10,5,0,True,0,0.04032258,0,False,,,,,,,,,,,,"[nan, nan, nan, nan, nan]",stable,0.0,T<0.10,0.0,Unknown,24.80000039680001,,0.04032258,
Ludlow,15 Jan 2026,2m5½f,Good To Soft,1:07,Asifbymagic,-,Shane Fenelon,Sarah-Jayne Davies,11- 3,7,5,True,0,0.035873406,0,False,,,,,,,,,,,,"[nan, nan, nan, nan, nan]",stable,0.0,T<0.10,0.0,Unknown,27.875803039165003,,0.035873406,
Ludlow,15 Jan 2026,2m5½f,Good To Soft,1:42,Drumlee Orders,-,Tom Cannon,Kerry Lee,11 -10,6,0,True,0,0.035708364,0,False,,,,,,,,,,,,"[nan, nan, nan, nan, nan]",stable,0.0,T<0.10,0.0,Unknown,28.00464339391186,,0.035708364,
Ludlow,15 Jan 2026,2m5½f,Good To Soft,1:07,Catch Yourself On,-,Toby McCain-Mitchell,Nigel & Willy Twiston-Davies,11 -10,7,5,True,0,0.034230743,0,False,,,,,,,,,,,,"[nan, nan, nan, nan, nan]",stable,0.0,T<0.10,0.0,Unknown,29.213505532146936,,0.034230743,
Ludlow,15 Jan 2026,2m4f,Good To Soft,2:17,The Grey Man,-,Tabitha Worsley,Harriet Dickin,11 -11,7,3,True,0,0.03338417,0,False,,,,,,,,,,,,"[nan, nan, nan, nan, nan]",stable,0.0,T<0.10,0.0,Unknown,29.95431667164408,,0.03338417,
Ludlow,15 Jan 2026,2m5½f,Good To Soft,1:42,Aberfeldy,-,Paddy Hanlon,Syd Hosie,11 -10,6,5,True,0,0.033370208,0,False,,,,,,,,,,,,"[nan, nan, nan, nan, nan]",stable,0.0,T<0.10,0.0,Unknown,29.96684947243961,,0.033370208,
Ludlow,15 Jan 2026,2m5½f,Good To Soft,1:07,Hairy Potter,66,Ciaran Gethings,Ben Case,11 -10,6,0,True,0,0.03294423,0,False,,,,,,,,,,,,"[nan, nan, nan, nan, nan]",stable,0.0,T<0.10,0.0,Unknown,30.354329119241825,,0.03294423,
Ludlow,15 Jan 2026,2m5½f,Good To Soft,1:42,Georgemani,-,Charlie Todd,David Dennis,11 -10,5,0,True,0,0.03234469,0,False,,,,,,,,,,,,"[nan, nan, nan, nan, nan]",stable,0.0,T<0.10,0.0,Unknown,30.91697586218943,,0.03234469,
Ludlow,15 Jan 2026,2m5½f,Good To Soft,1:07,Last Round,-,Ben Jones,Ben Pauling,11 -10,5,0,True,0,0.03103416,0,False,,,,,,,,,,,,"[nan, nan, nan, nan, nan]",stable,0.0,T<0.10,0.0,Unknown,32.222557336818525,,0.03103416,
Ludlow,15 Jan 2026,2m5½f,Good To Soft,1:07,Seaniecon,-,Benjamin Macey,Jonjo & A J O'Neill,11 -10,5,7,True,0,0.030558363,0,False,,,,,,,,,,,,"[nan, nan, nan, nan, nan]",stable,0.0,T<0.10,0.0,Unknown,32.72426602171065,,0.030558363,
Ludlow,15 Jan 2026,2m5½f,Good To Soft,1:07,Not At That Price,-,Jonathan Burke,Charlie Longsdon,11 -10,6,0,True,0,0.029712217,0,False,,,,,,,,,,,,"[nan, nan, nan, nan, nan]",stable,0.0,T<0.10,0.0,Unknown,33.65618930421786,,0.029712217,
Ludlow,15 Jan 2026,2m5½f,Good To Soft,1:42,My Own Lovely Lee,104,Gavin Sheehan,Philip Hobbs & Johnson White,11 -10,6,0,True,0,0.028962526,0,False,,,,,,,,,,,,"[nan, nan, nan, nan, nan]",stable,0.0,T<0.10,0.0,Unknown,34.527375132956294,,0.028962526,
Ludlow,15 Jan 2026,2m5½f,Good To Soft,1:07,Ironica De Thaix,-,Charlie Deutsch,Venetia Williams,11 -10,8,0,True,0,0.028715236,0,False,,,,,,,,,,,,"[nan, nan, nan, nan, nan]",stable,0.0,T<0.10,0.0,Unknown,34.82471813917879,,0.028715236,
Ludlow,15 Jan 2026,2m5½f,Good To Soft,1:07,Shuile Warrior,-,Mr Huw Edwards,Simon Edwards,11 -10,8,7,True,0,0.028124105,0,False,,,,,,,,,,,,"[nan, nan, nan, nan, nan]",stable,0.0,T<0.10,0.0,Unknown,35.556687048352295,,0.028124105,
Ludlow,15 Jan 2026,2m5½f,Good To Soft,1:42,Kara Sacre,115,Charlie Deutsch,Venetia Williams,11 -10,6,0,True,0,0.027592702,0,False,,,,,,,,,,,,"[nan, nan, nan, nan, nan]",stable,0.0,T<0.10,0.0,Unknown,36.241467037189764,,0.027592702,
Ludlow,15 Jan 2026,2m5½f,Good To Soft,1:07,La Vish,-,Robert Dunne,Sarah Hollinshead,11 -10,5,0,True,0,0.02687955,0,False,,,,,,,,,,,,"[nan, nan, nan, nan, nan]",stable,0.0,T<0.10,0.0,Unknown,37.20300377052443,,0.02687955,
Ludlow,15 Jan 2026,2m5½f,Good To Soft,1:42,Plains Drifter,113,Jonathan Burke,Fergal O'Brien,11 -10,6,0,True,0,0.026416603,0,False,,,,,,,,,,,,"[nan, nan, nan, nan, nan]",stable,0.0,T<0.10,0.0,Unknown,37.85498082399164,,0.026416603,
Ludlow,15 Jan 2026,2m5½f,Good To Soft,1:42,Tao Enki,103,Jack Hogan,Alastair Ralph,11 -10,6,0,True,0,0.024744544,0,False,,,,,,,,,,,,"[nan, nan, nan, nan, nan]",stable,0.0,T<0.10,0.0,Unknown,40.41294921417828,,0.024744544,
Ludlow,15 Jan 2026,2m4f,Good To Soft,2:17,Black Occ,-,Charlie Deutsch,Sheila Lewis,11- 0,7,0,True,0,0.024075916,0,False,,,,,,,,,,,,"[nan, nan, nan, nan, nan]",stable,0.0,T<0.10,0.0,Unknown,41.53528364195987,,0.024075916,
Ludlow,15 Jan 2026,2m5½f,Good To Soft,1:07,Fanny Moon,79,Toby Wynne,Mel Rowley,11 -10,6,0,True,0,0.021594215,0,False,,,,,,,,,,,,"[nan, nan, nan, nan, nan]",stable,0.0,T<0.10,0.0,Unknown,46.308698880695594,,0.021594215,
Ludlow,15 Jan 2026,2m5½f,Good To Soft,1:07,Idaho Fire,-,Freddie Gingell,Paul Nicholls,11 -10,5,0,True,0,0.0212542,0,False,,,,,,,,,,,,"[nan, nan, nan, nan, nan]",stable,0.0,T<0.10,0.0,Unknown,47.04952432930903,,0.0212542,
Ludlow,15 Jan 2026,2m5½f,Good To Soft,1:42,Island Bridge,115,Ciaran Gethings,Kim Bailey & Mat Nicholls,11 -10,6,0,True,0,0.020502713,0,False,,,,,,,,,,,,"[nan, nan, nan, nan, nan]",stable,0.0,T<0.10,0.0,Unknown,48.774032977977114,,0.020502713,
Ludlow,15 Jan 2026,2m5½f,Good To Soft,1:07,Catchintsavo,117,Sam Twiston-Davies,Anthony Honeyball,11 -10,6,0,True,0,0.02047573,0,False,,,,,,,,,,,,"[nan, nan, nan, nan, nan]",stable,0.0,T<0.10,0.0,Unknown,48.8383075963592,,0.02047573,
Ludlow,15 Jan 2026,2m4f,Good To Soft,2:17,Bolsover Bill,79,Miss Victoria Malzard,Harry Derham,12- 0,9,5,True,0,0.020273818,0,False,,,,,,,,,,,,"[nan, nan, nan, nan, nan]",stable,0.0,T<0.10,0.0,Unknown,49.32470045849282,,0.020273818,
Ludlow,15 Jan 2026,2m4f,Good To Soft,2:17,I Am The Moon,96,Toby McCain-Mitchell,Nigel & Willy Twiston-Davies,12- 0,7,5,True,0,0.019121917,0,False,,,,,,,,,,,,"[nan, nan, nan, nan, nan]",stable,0.0,T<0.10,0.0,Unknown,52.29601195319486,,0.019121917,
Ludlow,15 Jan 2026,3m,Good To Soft,12:32,Annie Express,-,Toby McCain-Mitchell,Robbie Llewellyn,11 -11,8,0,True,0,0.01911281,0,False,,,,,,,,,,,,"[nan, nan, nan, nan, nan]",stable,0.0,T<0.10,0.0,Unknown,52.32093030799762,,0.01911281,
Ludlow,15 Jan 2026,2m4f,Good To Soft,2:17,Stopherandgo,-,Chad Bament,Kevin Pickard,10- 2,9,7,True,0,0.018971486,0,False,,,,,,,,,,,,"[nan, nan, nan, nan, nan]",stable,0.0,T<0.10,0.0,Unknown,52.71068381253846,,0.018971486,
Ludlow,15 Jan 2026,3m,Good To Soft,12:32,Est Illic,72,Shane Fenelon,Sarah-Jayne Davies,10- 6,12,0,True,0,0.018865578,0,False,,,,,,,,,,,,"[nan, nan, nan, nan, nan]",stable,0.0,T<0.10,0.0,Unknown,53.00659221784776,,0.018865578,
Ludlow,15 Jan 2026,3m,Good To Soft,12:32,Imperial Pride,-,Isabelle Ryder,David Dennis,10- 8,10,3,True,0,0.018151028,0,False,,,,,,,,,,,,"[nan, nan, nan, nan, nan]",stable,0.0,T<0.10,0.0,Unknown,55.09329829693392,,0.018151028,
Ludlow,15 Jan 2026,2m4f,Good To Soft,2:17,Move With The Beat,113,Isabelle Ryder,Jamie Snowden,11 -12,7,7,True,0,0.017888319,0,False,,,,,,,,,,,,"[nan, nan, nan, nan, nan]",stable,0.0,T<0.10,0.0,Unknown,55.90240200881927,,0.017888319,
Ludlow,15 Jan 2026,2m4f,Good To Soft,2:17,Another Folly,110,Ciaran Gethings,Jane Williams,12- 0,7,0,True,0,0.017697554,0,False,,,,,,,,,,,,"[nan, nan, nan, nan, nan]",stable,0.0,T<0.10,0.0,Unknown,56.50498368305586,,0.017697554,
Ludlow,15 Jan 2026,2m,Good To Soft,4:02,Steal A Glance,-,Sam Twiston-Davies,Anthony Honeyball,11- 2,4,0,True,0,0.017694918,0,False,,,,,,,,,,,,"[nan, nan, nan, nan, nan]",stable,0.0,T<0.10,0.0,Unknown,56.513401192364945,,0.017694918,
Ludlow,15 Jan 2026,2m,Good To Soft,4:02,Crystalate,-,Robert Dunne,Tom Weston,11- 2,4,0,True,0,0.01653669,0,False,,,,,,,,,,,,"[nan, nan, nan, nan, nan]",stable,0.0,T<0.10,0.0,Unknown,60.471593771183954,,0.01653669,
Ludlow,15 Jan 2026,2m,Good To Soft,4:02,Chocolate Cosmos,-,Lilly Pinchin,Charlie Longsdon,11- 2,4,0,True,0,0.016446302,0,False,,,,,,,,,,,,"[nan, nan, nan, nan, nan]",stable,0.0,T<0.10,0.0,Unknown,60.803942430340875,,0.016446302,
Ludlow,15 Jan 2026,2m,Good To Soft,4:02,L'Amandine,-,Gavin Sheehan,Jamie Snowden,11- 2,4,0,True,0,0.016069373,0,False,,,,,,,,,,,,"[nan, nan, nan, nan, nan]",stable,0.0,T<0.10,0.0,Unknown,62.23018160073824,,0.016069373,
Ludlow,15 Jan 2026,2m,Good To Soft,4:02,Oceanides,-,Ben Poste,Ed de Giles,11- 2,4,0,True,0,0.015925422,0,False,,,,,,,,,,,,"[nan, nan, nan, nan, nan]",stable,0.0,T<0.10,0.0,Unknown,62.79268455178141,,0.015925422,
Ludlow,15 Jan 2026,2m,Good To Soft,4:02,Stars Align,-,Freddie Gordon,Nicky Henderson,11- 2,4,0,True,0,0.015925422,0,False,,,,,,,,,,,,"[nan, nan, nan, nan, nan]",stable,0.0,T<0.10,0.0,Unknown,62.79268455178141,,0.015925422,
Ludlow,15 Jan 2026,3m,Good To Soft,3:27,Blagthebookies,-,Mrs Iola Sankey,N Gittins,11 -12,8,7,True,0,0.015273445,0,False,,,,,,,,,,,,"[nan, nan, nan, nan, nan]",stable,0.0,T<0.10,0.0,Unknown,65.4731136295708,,0.015273445,
Ludlow,15 Jan 2026,3m,Good To Soft,12:32,Meranti,80,Daire McConville,Sheila Lewis,10- 2,8,3,True,0,0.014496751,0,False,,,,,,,,,,,,"[nan, nan, nan, nan, nan]",stable,0.0,T<0.10,0.0,Unknown,68.98097373680488,,0.014496751,
Ludlow,15 Jan 2026,2m4f,Good To Soft,2:17,Jaitroplaclasse,110,Charlie Price,Robbie Llewellyn,11- 8,7,0,True,0,0.012688458,0,False,,,,,,,,,,,,"[nan, nan, nan, nan, nan]",stable,0.0,T<0.10,0.0,Unknown,78.81178311816929,,0.012688458,
Ludlow,15 Jan 2026,2m4f,Good To Soft,2:17,Lucky Lugger,118,Robert Dunne,Matt Sheppard,11 -10,9,0,True,0,0.012006678,0,False,,,,,,,,,,,,"[nan, nan, nan, nan, nan]",stable,0.0,T<0.10,0.0,Unknown,83.28698412666685,,0.012006678,
Ludlow,15 Jan 2026,2m,Good To Soft,2:52,Ask Me Another,117,Charlie Price,Robbie Llewellyn,10- 6,6,0,True,0,0.011516907,0,False,,,,,,,,,,,,"[nan, nan, nan, nan, nan]",stable,0.0,T<0.10,0.0,Unknown,86.82886820220047,,0.011516907,
Ludlow,15 Jan 2026,2m4f,Good To Soft,2:17,Zoeman,109,Jonathan Burke,Tom George,11- 3,7,0,True,0,0.011501225,0,False,,,,,,,,,,,,"[nan, nan, nan, nan, nan]",stable,0.0,T<0.10,0.0,Unknown,86.94725996578624,,0.011501225,
Ludlow,15 Jan 2026,2m,Good To Soft,2:52,Railway Bell,115,Jonathan Burke,Fergal O'Brien,11- 7,7,0,True,0,0.011266664,0,False,,,,,,,,,,,,"[nan, nan, nan, nan, nan]",stable,0.0,T<0.10,0.0,Unknown,88.75741745737692,,0.011266664,
Ludlow,15 Jan 2026,2m4f,Good To Soft,2:17,Owl Of Athens,100,Conor Ring,Evan Williams,10- 6,7,0,True,0,0.011056592,0,False,,,,,,,,,,,,"[nan, nan, nan, nan, nan]",stable,0.0,T<0.10,0.0,Unknown,90.44378231556341,,0.011056592,
Ludlow,15 Jan 2026,2m,Good To Soft,2:52,Tour Ovalie,122,Isabel Williams,Evan Williams,11 -12,7,0,True,0,0.010673321,0,False,,,,,,,,,,,,"[nan, nan, nan, nan, nan]",stable,0.0,T<0.10,0.0,Unknown,93.69155111141134,,0.010673321,
Ludlow,15 Jan 2026,2m,Good To Soft,2:52,Jammy Jay,118,Ben Poste,James Evans,10- 7,6,0,True,0,0.010126181,0,False,,,,,,,,,,,,"[nan, nan, nan, nan, nan]",stable,0.0,T<0.10,0.0,Unknown,98.75391324725481,,0.010126181,
Ludlow,15 Jan 2026,2m4f,Good To Soft,2:17,Night Jet,109,Ben Poste,Tom Symonds,10- 6,9,0,True,0,0.010094655,0,False,,,,,,,,,,,,"[nan, nan, nan, nan, nan]",stable,0.0,T<0.10,0.0,Unknown,99.0623255574361,,0.010094655,
Ludlow,15 Jan 2026,2m,Good To Soft,4:02,Millady,81,Toby Wynne,Mel Rowley,11- 2,4,0,True,0,0.009821343,0,False,,,,,,,,,,,,"[nan, nan, nan, nan, nan]",stable,0.0,T<0.10,0.0,Unknown,101.81906893996066,,0.009821343,
Ludlow,15 Jan 2026,2m,Good To Soft,4:02,Graceful Glance,98,Ciaran Gethings,Jane Williams,11- 2,4,0,True,0,0.009708101,0,False,,,,,,,,,,,,"[nan, nan, nan, nan, nan]",stable,0.0,T<0.10,0.0,Unknown,103.00675693423462,,0.009708101,
Ludlow,15 Jan 2026,2m,Good To Soft,2:52,Golden Falls,115,Tom Cannon,Lucy Wadham,10- 9,4,0,True,0,0.009491858,0,False,,,,,,,,,,,,"[nan, nan, nan, nan, nan]",stable,0.0,T<0.10,0.0,Unknown,105.3534513474601,,0.009491858,
Ludlow,15 Jan 2026,2m,Good To Soft,4:02,Semele,96,Tom Cannon,Lucy Wadham,11- 2,4,0,True,0,0.009416934,0,False,,,,,,,,,,,,"[nan, nan, nan, nan, nan]",stable,0.0,T<0.10,0.0,Unknown,106.19167554960032,,0.009416934,
Ludlow,15 Jan 2026,2m,Good To Soft,2:52,Ufouria,118,Ciaran Gethings,Alastair Ralph,11- 9,8,0,True,0,0.009388207,0,False,,,,,,,,,,,,"[nan, nan, nan, nan, nan]",stable,0.0,T<0.10,0.0,Unknown,106.51661174492637,,0.009388207,
Ludlow,15 Jan 2026,3m,Good To Soft,12:32,Staff Sergeant Len,105,Paddy Hanlon,Syd Hosie,11 -13,6,0,True,0,0.009332786,0,False,,,,,,,,,,,,"[nan, nan, nan, nan, nan]",stable,0.0,T<0.10,0.0,Unknown,107.14914067460671,,0.009332786,
Ludlow,15 Jan 2026,2m,Good To Soft,2:52,Ip Up,123,Charlie Deutsch,Jedd O'Keeffe,11- 7,8,0,True,0,0.00914192,0,False,,,,,,,,,,,,"[nan, nan, nan, nan, nan]",stable,0.0,T<0.10,0.0,Unknown,109.3862120867389,,0.00914192,
Ludlow,15 Jan 2026,2m,Good To Soft,2:52,Demoiselle Kap,117,Luke Scott,Jennie Candlish,12- 0,8,3,True,0,0.008993857,0,False,,,,,,,,,,,,"[nan, nan, nan, nan, nan]",stable,0.0,T<0.10,0.0,Unknown,111.18700241731663,,0.008993857,
Ludlow,15 Jan 2026,2m,Good To Soft,2:52,Getmetothemoon,121,James Robottom,Anthony Honeyball,10- 7,7,10,True,0,0.008642029,0,False,,,,,,,,,,,,"[nan, nan, nan, nan, nan]",stable,0.0,T<0.10,0.0,Unknown,115.71356680242567,,0.008642029,
Ludlow,15 Jan 2026,2m,Good To Soft,4:02,Wait For This,95,Ben Jones,Emma Lavelle,11- 2,4,0,True,0,0.0081689535,0,False,,,,,,,,,,,,"[nan, nan, nan, nan, nan]",stable,0.0,T<0.10,0.0,Unknown,122.4147009773039,,0.0081689535,
Ludlow,15 Jan 2026,3m,Good To Soft,3:27,St Cuthbert's Cave,127,Mr James King,J J O'Shea,12- 2,8,0,True,0,0.007846287,0,False,,,,,,,,,,,,"[nan, nan, nan, nan, nan]",stable,0.0,T<0.10,0.0,Unknown,127.44881751075381,,0.007846287,
Ludlow,15 Jan 2026,3m,Good To Soft,3:27,Fil d'Ariane,117,Mr Douglas White,Douglas White,12- 6,11,7,True,0,0.0077655534,0,False,,,,,,,,,,,,"[nan, nan, nan, nan, nan]",stable,0.0,T<0.10,0.0,Unknown,128.77382312508468,,0.0077655534,
Ludlow,15 Jan 2026,3m,Good To Soft,3:27,Frere d'Armes,130,Mr Dominic Lewis,Dan Skelton,12- 6,9,7,True,0,0.007719918,0,False,,,,,,,,,,,,"[nan, nan, nan, nan, nan]",stable,0.0,T<0.10,0.0,Unknown,129.5350546469535,,0.007719918,
Ludlow,15 Jan 2026,3m,Good To Soft,3:27,Shanagh Bob,122,Mr Nick Oliver,Henry Oliver,12- 6,8,7,True,0,0.00756979,0,False,,,,,,,,,,,,"[nan, nan, nan, nan, nan]",stable,0.0,T<0.10,0.0,Unknown,132.10406101093955,,0.00756979,
Ludlow,15 Jan 2026,2m,Good To Soft,4:02,The Procrastinator,88,Luke Scott,Dr Richard Newland & Jamie Insole,11- 9,4,3,True,0,0.0073456974,0,False,,,,,,,,,,,,"[nan, nan, nan, nan, nan]",stable,0.0,T<0.10,0.0,Unknown,136.1341130115161,,0.0073456974,
Ludlow,15 Jan 2026,3m,Good To Soft,12:32,Anytrixwilldo,109,Benjamin Macey,Jonjo & A J O'Neill,11 -10,8,6,True,0,0.0072415373,0,False,,,,,,,,,,,,"[nan, nan, nan, nan, nan]",stable,0.0,T<0.10,0.0,Unknown,138.0922252516741,,0.0072415373,
Ludlow,15 Jan 2026,3m,Good To Soft,3:27,Java Point,125,Mr Frederick Philipson-Stow,Lemos De Souza,12- 6,11,7,True,0,0.007219338,0,False,,,,,,,,,,,,"[nan, nan, nan, nan, nan]",stable,0.0,T<0.10,0.0,Unknown,138.51685570061966,,0.007219338,
Ludlow,15 Jan 2026,3m,Good To Soft,3:27,Pyleigh Court,112,Miss Ella Herbison,R C Pudd,12- 0,11,7,True,0,0.0071937605,0,False,,,,,,,,,,,,"[nan, nan, nan, nan, nan]",stable,0.0,T<0.10,0.0,Unknown,139.00935400893593,,0.0071937605,
Ludlow,15 Jan 2026,3m,Good To Soft,3:27,Gracchus De Balme,130,Mr Henry Crow,J J O'Shea,12- 6,10,5,True,0,0.007177014,0,False,,,,,,,,,,,,"[nan, nan, nan, nan, nan]",stable,0.0,T<0.10,0.0,Unknown,139.33371176369448,,0.007177014,
Ludlow,15 Jan 2026,3m,Good To Soft,12:32,Shot Boii,108,Rian Corcoran,David Pipe,11 -10,9,8,True,0,0.0069700107,0,False,,,,,,,,,,,,"[nan, nan, nan, nan, nan]",stable,0.0,T<0.10,0.0,Unknown,143.47180270469312,,0.0069700107,
Ludlow,15 Jan 2026,3m,Good To Soft,3:27,Take All,130,Mr Samuel Scott,Myles Osborne,12- 2,11,7,True,0,0.006930862,0,False,,,,,,,,,,,,"[nan, nan, nan, nan, nan]",stable,0.0,T<0.10,0.0,Unknown,144.28219751020868,,0.006930862,
Ludlow,15 Jan 2026,3m,Good To Soft,3:27,Frontal Assault,118,Mr Henry Bailey,Fred Timmis,11 -12,11,7,True,0,0.006900596,0,False,,,,,,,,,,,,"[nan, nan, nan, nan, nan]",stable,0.0,T<0.10,0.0,Unknown,144.91501893459636,,0.006900596,
Ludlow,15 Jan 2026,3m,Good To Soft,12:32,Haut Folin,110,Murray Dodd,Venetia Williams,11 -10,9,6,True,0,0.006786788,0,False,,,,,,,,,,,,"[nan, nan, nan, nan, nan]",stable,0.0,T<0.10,0.0,Unknown,147.34510640379514,,0.006786788,
Ludlow,15 Jan 2026,3m,Good To Soft,12:32,Walkinthewoods,103,Osian Radford,Evan Williams,12- 0,9,10,True,0,0.005884119,0,False,,,,,,,,,,,,"[nan, nan, nan, nan, nan]",stable,0.0,T<0.10,0.0,Unknown,169.9489762188698,,0.005884119,
Newcastle,15 Jan 2026 SKY,2m4½f,Good To Soft,1:25,Au Plaisir,-,Ross Chapman,Rebecca Menzies,11 -10,5,0,True,0,0.055747177,0,False,,,,,,,,,,,,"[nan, nan, nan, nan, nan]",stable,0.0,T<0.10,0.0,Unknown,17.93812805982983,,0.055747177,
Newcastle,15 Jan 2026 SKY,2m4f,Good To Soft,3:10,Always A Reason,-,Ross Chapman,Rebecca Menzies,11 -11,7,0,True,0,0.047974437,0,False,,,,,,,,,,,,"[nan, nan, nan, nan, nan]",stable,0.0,T<0.10,0.0,Unknown,20.844434297373827,,0.047974437,
Newcastle,15 Jan 2026 SKY,2m1f,Good To Soft,3:45,Maggi Breeze,44,Theo Gillard,Gillian Boanas,10 -12,6,0,True,0,0.041343573,0,False,,,,,,,,,,,,"[nan, nan, nan, nan, nan]",stable,0.0,T<0.10,0.0,Unknown,24.18755631014281,,0.041343573,
Newcastle,15 Jan 2026 SKY,2m7½f,Good To Soft,2:00,Mighty Fleur,-,James Bowen,Mickey Bowen,11 -10,6,0,True,0,0.039751943,0,False,,,,,,,,,,,,"[nan, nan, nan, nan, nan]",stable,0.0,T<0.10,0.0,Unknown,25.156003066315527,,0.039751943,
Newcastle,15 Jan 2026 SKY,2m1f,Good To Soft,11:45,Roarin' Success,103,Charlie Maggs,Donald McCain,11- 1,6,5,True,0,0.03948036,1,True,,,,,,,,,,,,"[nan, nan, nan, nan, nan]",stable,0.0,T<0.10,0.0,Unknown,25.3290496844507,,0.03948036,
Newcastle,15 Jan 2026 SKY,2m7½f,Good To Soft,2:00,Shadow Chaser,-,Brian Hughes,Sandy Thomson,11- 2,7,0,True,0,0.034965713,0,False,,,,,,,,,,,,"[nan, nan, nan, nan, nan]",stable,0.0,T<0.10,0.0,Unknown,28.599445405274587,,0.034965713,
Newcastle,15 Jan 2026 SKY,2m4½f,Good To Soft,1:25,Tantivy Vavoom,69,Theo Gillard,Ruth Jefferson,11- 3,6,0,True,0,0.033908177,0,False,,,,,,,,,,,,"[nan, nan, nan, nan, nan]",stable,0.0,T<0.10,0.0,Unknown,29.49141146691549,,0.033908177,
Newcastle,15 Jan 2026 SKY,2m4½f,Good To Soft,2:35,Junkyard Dog,111,Craig Nichol,Iain Jardine,10- 9,4,0,True,0,0.03217765,0,False,,,,,,,,,,,,"[nan, nan, nan, nan, nan]",stable,0.0,T<0.10,0.0,Unknown,31.07747147476587,,0.03217765,
Newcastle,15 Jan 2026 SKY,2m4½f,Good To Soft,2:35,Laddie Cooper Mia,97,Joshua Thompson,Adam Nicol,10- 5,6,7,True,0,0.031921193,0,False,,,,,,,,,,,,"[nan, nan, nan, nan, nan]",stable,0.0,T<0.10,0.0,Unknown,31.327149959589544,,0.031921193,
Newcastle,15 Jan 2026 SKY,2m4½f,Good To Soft,1:25,Mr Ramoon,-,Conor Rabbitt,Susan Corbett,11 -10,6,3,True,0,0.030846262,0,False,,,,,,,,,,,,"[nan, nan, nan, nan, nan]",stable,0.0,T<0.10,0.0,Unknown,32.418838950405075,,0.030846262,
Newcastle,15 Jan 2026 SKY,2m1f,Good To Soft,3:45,Khaleesi Queen,48,Joshua Thompson,Micky Hammond,10 -12,6,7,True,0,0.030261807,0,False,,,,,,,,,,,,"[nan, nan, nan, nan, nan]",stable,0.0,T<0.10,0.0,Unknown,33.04495333011673,,0.030261807,
Newcastle,15 Jan 2026 SKY,2m7½f,Good To Soft,2:00,Donna's Double,-,Ryan Mania,Adam Nicol,12- 2,10,0,True,0,0.03014656,0,False,,,,,,,,,,,,"[nan, nan, nan, nan, nan]",stable,0.0,T<0.10,0.0,Unknown,33.17128057065217,,0.03014656,
Newcastle,15 Jan 2026 SKY,2m4½f,Good To Soft,2:35,De Deli Counter,80,Charlotte Jones,Mark Walford,11- 1,5,0,True,0,0.029305683,0,False,,,,,,,,,,,,"[nan, nan, nan, nan, nan]",stable,0.0,T<0.10,0.0,Unknown,34.123074353871914,,0.029305683,
Newcastle,15 Jan 2026 SKY,2m4½f,Good To Soft,2:35,Cher Monsieur,99,Conor O'Farrell,Neil Mulholland,10- 7,6,0,True,0,0.028573798,0,False,,,,,,,,,,,,"[nan, nan, nan, nan, nan]",stable,0.0,T<0.10,0.0,Unknown,34.99709769068851,,0.028573798,
Newcastle,15 Jan 2026 SKY,2m4½f,Good To Soft,1:25,Crackersnap,-,Ryan Mania,Paul Robson,11 -10,6,0,True,0,0.027635304,0,False,,,,,,,,,,,,"[nan, nan, nan, nan, nan]",stable,0.0,T<0.10,0.0,Unknown,36.18559795832172,,0.027635304,
Newcastle,15 Jan 2026 SKY,2m4½f,Good To Soft,2:35,Reliance Kid,91,William Maggs,Andrew Wilson,10 -11,7,5,True,0,0.027459402,0,False,,,,,,,,,,,,"[nan, nan, nan, nan, nan]",stable,0.0,T<0.10,0.0,Unknown,36.417399038770036,,0.027459402,
Newcastle,15 Jan 2026 SKY,2m4½f,Good To Soft,1:25,Yorkshire Man Sam,79,Jamie Hamilton,Mark Walford,11 -10,8,0,True,0,0.027396595,0,False,,,,,,,,,,,,"[nan, nan, nan, nan, nan]",stable,0.0,T<0.10,0.0,Unknown,36.500886332772374,,0.027396595,
Newcastle,15 Jan 2026 SKY,2m4½f,Good To Soft,1:25,Workhardplayhard,-,Mr William Easterby,Tim Easterby,11 -10,7,5,True,0,0.027176762,0,False,,,,,,,,,,,,"[nan, nan, nan, nan, nan]",stable,0.0,T<0.10,0.0,Unknown,36.79614223357441,,0.027176762,
Newcastle,15 Jan 2026 SKY,2m4½f,Good To Soft,1:25,Bathara,-,Jonjo O'Neill Jr,Jonjo & A J O'Neill,11 -10,5,0,True,0,0.027098244,0,False,,,,,,,,,,,,"[nan, nan, nan, nan, nan]",stable,0.0,T<0.10,0.0,Unknown,36.902760193612544,,0.027098244,
Newcastle,15 Jan 2026 SKY,2m4½f,Good To Soft,2:35,Steel Soldier,93,Conor Rabbitt,John Norton,10 -10,6,3,True,0,0.026089912,0,False,,,,,,,,,,,,"[nan, nan, nan, nan, nan]",stable,0.0,T<0.10,0.0,Unknown,38.32899091418936,,0.026089912,
Newcastle,15 Jan 2026 SKY,2m4½f,Good To Soft,2:35,Drop Kick,98,Jamie Hamilton,Mark Walford,11- 7,5,0,True,0,0.025893325,0,False,,,,,,,,,,,,"[nan, nan, nan, nan, nan]",stable,0.0,T<0.10,0.0,Unknown,38.61999183187173,,0.025893325,
Newcastle,15 Jan 2026 SKY,2m1f,Good To Soft,3:45,Royal Maggs,-,Jamie Hamilton,Mark Walford,10 -12,6,0,True,0,0.025547758,0,False,,,,,,,,,,,,"[nan, nan, nan, nan, nan]",stable,0.0,T<0.10,0.0,Unknown,39.142377973049534,,0.025547758,
Newcastle,15 Jan 2026 SKY,2m4½f,Good To Soft,2:35,Sugar Road,95,Jonjo O'Neill Jr,Jonjo & A J O'Neill,11- 8,5,0,True,0,0.025186608,0,False,,,,,,,,,,,,"[nan, nan, nan, nan, nan]",stable,0.0,T<0.10,0.0,Unknown,39.703639330869805,,0.025186608,
Newcastle,15 Jan 2026 SKY,2m4f,Good To Soft,3:10,Gandhi Maker,-,Sean Quinlan,Noel Wilson,11 -11,10,0,True,0,0.02512377,0,False,,,,,,,,,,,,"[nan, nan, nan, nan, nan]",stable,0.0,T<0.10,0.0,Unknown,39.802943586890024,,0.02512377,
Newcastle,15 Jan 2026 SKY,2m4½f,Good To Soft,2:35,Scairp Dubh,93,Peter Kavanagh,Joel Parkinson & Sue Smith,11- 6,6,0,True,0,0.024727972,0,False,,,,,,,,,,,,"[nan, nan, nan, nan, nan]",stable,0.0,T<0.10,0.0,Unknown,40.44003285024748,,0.024727972,
Newcastle,15 Jan 2026 SKY,2m4½f,Good To Soft,2:35,Lady Phoebe,96,Ryan Mania,Adam Nicol,11- 7,5,0,True,0,0.02405,0,False,,,,,,,,,,,,"[nan, nan, nan, nan, nan]",stable,0.0,T<0.10,0.0,Unknown,41.58004158004158,,0.02405,
Newcastle,15 Jan 2026 SKY,2m4f,Good To Soft,3:10,King Horse,-,NON-RUNNER,Paul Robson,11- 2,6,0,True,0,0.023794595,0,False,,,,,,,,,,,,"[nan, nan, nan, nan, nan]",stable,0.0,T<0.10,0.0,Unknown,42.02635094230433,,0.023794595,
Newcastle,15 Jan 2026 SKY,2m4½f,Good To Soft,2:35,Merry Shuil,95,Sean Quinlan,Jennie Candlish,12- 0,8,0,True,0,0.023434749,0,False,,,,,,,,,,,,"[nan, nan, nan, nan, nan]",stable,0.0,T<0.10,0.0,Unknown,42.67167529722635,,0.023434749,
Newcastle,15 Jan 2026 SKY,2m1f,Good To Soft,3:45,Cowboy Casanova,-,James Bowen,Mickey Bowen,11- 5,5,0,True,0,0.023320572,0,False,,,,,,,,,,,,"[nan, nan, nan, nan, nan]",stable,0.0,T<0.10,0.0,Unknown,42.88059486705557,,0.023320572,
Newcastle,15 Jan 2026 SKY,2m4½f,Good To Soft,2:35,Cap Ricochet,102,Charlie Maggs,John Dawson,11- 0,5,5,True,0,0.023107518,0,False,,,,,,,,,,,,"[nan, nan, nan, nan, nan]",stable,0.0,T<0.10,0.0,Unknown,43.275958932499805,,0.023107518,
Newcastle,15 Jan 2026 SKY,2m1f,Good To Soft,3:45,Finbarr,-,Ryan Mania,Ruth Jefferson,11- 5,6,0,True,0,0.022890998,0,False,,,,,,,,,,,,"[nan, nan, nan, nan, nan]",stable,0.0,T<0.10,0.0,Unknown,43.68529497927526,,0.022890998,
Newcastle,15 Jan 2026 SKY,2m1f,Good To Soft,3:45,Highland Laddie,-,Callum Bewley,Sandy Thomson,11- 5,6,0,True,0,0.022890998,0,False,,,,,,,,,,,,"[nan, nan, nan, nan, nan]",stable,0.0,T<0.10,0.0,Unknown,43.68529497927526,,0.022890998,
Newcastle,15 Jan 2026 SKY,2m4f,Good To Soft,3:10,Tommy Combats,104,Callum Bewley,Martin Todhunter,12- 0,7,0,True,0,0.022755679,0,False,,,,,,,,,,,,"[nan, nan, nan, nan, nan]",stable,0.0,T<0.10,0.0,Unknown,43.94507410655599,,0.022755679,
Newcastle,15 Jan 2026 SKY,2m1f,Good To Soft,11:45,Big Jon,-,Ross Chapman,Rebecca Menzies,11- 8,6,0,True,0,0.022695838,0,False,,,,,,,,,,,,"[nan, nan, nan, nan, nan]",stable,0.0,T<0.10,0.0,Unknown,44.06094192247936,,0.022695838,
Newcastle,15 Jan 2026 SKY,2m1f,Good To Soft,12:15,Rupert The Prince,-,Ross Chapman,Rebecca Menzies,10- 9,4,0,True,0,0.021726083,0,False,,,,,,,,,,,,"[nan, nan, nan, nan, nan]",stable,0.0,T<0.10,0.0,Unknown,46.02762495199894,,0.021726083,
Newcastle,15 Jan 2026 SKY,2m4½f,Good To Soft,2:35,Leader Wing,100,Theo Gillard,Gillian Boanas,11- 0,6,0,True,0,0.021302026,0,False,,,,,,,,,,,,"[nan, nan, nan, nan, nan]",stable,0.0,T<0.10,0.0,Unknown,46.94389162796064,,0.021302026,
Newcastle,15 Jan 2026 SKY,2m4½f,Good To Soft,2:35,Long Time Listener,95,Tom Midgley,Tim Easterby,10 -12,6,3,True,0,0.02031787,0,False,,,,,,,,,,,,"[nan, nan, nan, nan, nan]",stable,0.0,T<0.10,0.0,Unknown,49.21775757006025,,0.02031787,
Newcastle,15 Jan 2026 SKY,2m4½f,Good To Soft,1:25,Colonel Jack,-,Tom Midgley,Mark Walford,11 -10,5,3,True,0,0.020077689,0,False,,,,,,,,,,,,"[nan, nan, nan, nan, nan]",stable,0.0,T<0.10,0.0,Unknown,49.80652902831596,,0.020077689,
Newcastle,15 Jan 2026 SKY,2m4½f,Good To Soft,2:35,Luminaries,105,Patrick Wadge,Ewan Whillans,11- 2,9,0,True,0,0.01974159,0,False,,,,,,,,,,,,"[nan, nan, nan, nan, nan]",stable,0.0,T<0.10,0.0,Unknown,50.654481224663265,,0.01974159,
Newcastle,15 Jan 2026 SKY,2m4½f,Good To Soft,2:35,Aquitaine Boy,102,Brian Hughes,Ruth Jefferson,11 -11,11,0,True,0,0.019739758,0,False,,,,,,,,,,,,"[nan, nan, nan, nan, nan]",stable,0.0,T<0.10,0.0,Unknown,50.659182346612354,,0.019739758,
Newcastle,15 Jan 2026 SKY,2m7½f,Good To Soft,2:00,Sunset Hill,115,Conor Rabbitt,Susan Corbett,12- 1,7,3,True,0,0.01944929,0,False,,,,,,,,,,,,"[nan, nan, nan, nan, nan]",stable,0.0,T<0.10,0.0,Unknown,51.41575862152294,,0.01944929,
Newcastle,15 Jan 2026 SKY,2m4½f,Good To Soft,2:35,Cher Tara,97,Callum Bewley,Daragh Bourke,11- 8,7,0,True,0,0.019347727,0,False,,,,,,,,,,,,"[nan, nan, nan, nan, nan]",stable,0.0,T<0.10,0.0,Unknown,51.685657958684246,,0.019347727,
Newcastle,15 Jan 2026 SKY,2m4½f,Good To Soft,1:25,Timefortom,111,Derek Fox,Lucinda Russell & Michael Scudamore,11 -10,6,0,True,0,0.018720817,0,False,,,,,,,,,,,,"[nan, nan, nan, nan, nan]",stable,0.0,T<0.10,0.0,Unknown,53.41647215503468,,0.018720817,
Newcastle,15 Jan 2026 SKY,2m4f,Good To Soft,12:50,Jus De Citron,-,Paul O'Brien,Harry Derham,11 -10,7,0,True,0,0.017905653,0,False,,,,,,,,,,,,"[nan, nan, nan, nan, nan]",stable,0.0,T<0.10,0.0,Unknown,55.84828433791272,,0.017905653,
Newcastle,15 Jan 2026 SKY,2m1f,Good To Soft,11:45,Midnight Bella,61,Peter Kavanagh,Joel Parkinson & Sue Smith,11- 1,5,0,True,0,0.017880388,0,False,,,,,,,,,,,,"[nan, nan, nan, nan, nan]",stable,0.0,T<0.10,0.0,Unknown,55.92719800040133,,0.017880388,
Newcastle,15 Jan 2026 SKY,2m1f,Good To Soft,3:45,Master Jack,-,William Maggs,Andrew Wilson,11- 5,5,5,True,0,0.017694486,0,False,,,,,,,,,,,,"[nan, nan, nan, nan, nan]",stable,0.0,T<0.10,0.0,Unknown,56.51478093231982,,0.017694486,
Newcastle,15 Jan 2026 SKY,2m7½f,Good To Soft,2:00,Jamesieconn,116,Callum Bewley,Nicky Richards,10- 6,7,0,True,0,0.017662117,0,False,,,,,,,,,,,,"[nan, nan, nan, nan, nan]",stable,0.0,T<0.10,0.0,Unknown,56.61835441357341,,0.017662117,
Newcastle,15 Jan 2026 SKY,2m1f,Good To Soft,12:15,Nevershedatear,63,Craig Nichol,Oliver Greenall & Josh Guerriero,11- 1,5,0,True,0,0.017271357,0,False,,,,,,,,,,,,"[nan, nan, nan, nan, nan]",stable,0.0,T<0.10,0.0,Unknown,57.89933008738109,,0.017271357,
Newcastle,15 Jan 2026 SKY,2m4f,Good To Soft,12:50,Glen Road,-,Peter Kavanagh,Joel Parkinson & Sue Smith,12- 0,7,0,True,0,0.016807334,0,False,,,,,,,,,,,,"[nan, nan, nan, nan, nan]",stable,0.0,T<0.10,0.0,Unknown,59.497835885215345,,0.016807334,
Newcastle,15 Jan 2026 SKY,2m7½f,Good To Soft,2:00,Court At Slip,115,Mr William Easterby,Tim Easterby,11- 4,9,5,True,0,0.016802575,0,False,,,,,,,,,,,,"[nan, nan, nan, nan, nan]",stable,0.0,T<0.10,0.0,Unknown,59.5146874809367,,0.016802575,
Newcastle,15 Jan 2026 SKY,2m7½f,Good To Soft,2:00,Swallows Song,118,Sean Quinlan,Iain Jardine,10 -10,8,0,True,0,0.016540816,0,False,,,,,,,,,,,,"[nan, nan, nan, nan, nan]",stable,0.0,T<0.10,0.0,Unknown,60.456509521658425,,0.016540816,
Newcastle,15 Jan 2026 SKY,2m4f,Good To Soft,3:10,Too Cool Forshrule,107,Joshua Thompson,Jackie Stephen,11 -12,7,7,True,0,0.016471218,0,False,,,,,,,,,,,,"[nan, nan, nan, nan, nan]",stable,0.0,T<0.10,0.0,Unknown,60.71196434896314,,0.016471218,
Newcastle,15 Jan 2026 SKY,2m4f,Good To Soft,3:10,The Jad Factor,101,Patrick Wadge,Sandy Thomson,11 -11,10,0,True,0,0.016453484,0,False,,,,,,,,,,,,"[nan, nan, nan, nan, nan]",stable,0.0,T<0.10,0.0,Unknown,60.777401309047974,,0.016453484,
Newcastle,15 Jan 2026 SKY,2m7½f,Good To Soft,2:00,Uptown Harry,119,Charlie Maggs,Jane Walton,10- 2,12,5,True,0,0.016423186,0,False,,,,,,,,,,,,"[nan, nan, nan, nan, nan]",stable,0.0,T<0.10,0.0,Unknown,60.88952533326969,,0.016423186,
Newcastle,15 Jan 2026 SKY,2m7½f,Good To Soft,2:00,Great Notions,118,Jack Andrews,Fiona Needham,12- 2,7,3,True,0,0.016100405,0,False,,,,,,,,,,,,"[nan, nan, nan, nan, nan]",stable,0.0,T<0.10,0.0,Unknown,62.110238841817946,,0.016100405,
Newcastle,15 Jan 2026 SKY,2m1f,Good To Soft,3:45,Valtteri Its James,-,Jack Power,Lucinda Russell & Michael Scudamore,11- 5,5,5,True,0,0.016071726,0,False,,,,,,,,,,,,"[nan, nan, nan, nan, nan]",stable,0.0,T<0.10,0.0,Unknown,62.2210707176068,,0.016071726,
Newcastle,15 Jan 2026 SKY,2m1f,Good To Soft,12:15,Karma De Cotte,-,Jamie Hamilton,Jackie Stephen,11- 8,6,0,True,0,0.01600425,0,False,,,,,,,,,,,,"[nan, nan, nan, nan, nan]",stable,0.0,T<0.10,0.0,Unknown,62.483402846119,,0.01600425,
Newcastle,15 Jan 2026 SKY,2m4½f,Good To Soft,1:25,Port Station,106,Brian Hughes,Iain Jardine,11 -10,6,0,True,0,0.015996855,0,False,,,,,,,,,,,,"[nan, nan, nan, nan, nan]",stable,0.0,T<0.10,0.0,Unknown,62.512287571525775,,0.015996855,
Newcastle,15 Jan 2026 SKY,2m4½f,Good To Soft,1:25,Daly Boy,113,Craig Nichol,Oliver Greenall & Josh Guerriero,11 -10,6,0,True,0,0.015256135,0,False,,,,,,,,,,,,"[nan, nan, nan, nan, nan]",stable,0.0,T<0.10,0.0,Unknown,65.54740109470714,,0.015256135,
Newcastle,15 Jan 2026 SKY,2m7½f,Good To Soft,2:00,Chemical Warfare,116,Conor O'Farrell,David Pipe,12- 2,9,0,True,0,0.014894283,0,False,,,,,,,,,,,,"[nan, nan, nan, nan, nan]",stable,0.0,T<0.10,0.0,Unknown,67.13985493628662,,0.014894283,
Newcastle,15 Jan 2026 SKY,2m4f,Good To Soft,3:10,Stylish Recruit,108,Brian Hughes,Sandy Thomson,11- 9,8,0,True,0,0.014806324,0,False,,,,,,,,,,,,"[nan, nan, nan, nan, nan]",stable,0.0,T<0.10,0.0,Unknown,67.53870845997967,,0.014806324,
Newcastle,15 Jan 2026 SKY,2m4f,Good To Soft,3:10,Goodoldbill,84,Charlie Maggs,Jane Walton,10- 2,10,5,True,0,0.014784345,0,False,,,,,,,,,,,,"[nan, nan, nan, nan, nan]",stable,0.0,T<0.10,0.0,Unknown,67.63911421168811,,0.014784345,
Newcastle,15 Jan 2026 SKY,2m4½f,Good To Soft,1:25,Shinealight,103,Charlie Maggs,John Dawson,11- 3,5,5,True,0,0.014602333,0,False,,,,,,,,,,,,"[nan, nan, nan, nan, nan]",stable,0.0,T<0.10,0.0,Unknown,68.48220760340145,,0.014602333,
Newcastle,15 Jan 2026 SKY,2m4½f,Good To Soft,1:25,Chemoulin,107,David Bass,Charlie Longsdon,11 -10,6,0,True,0,0.014555216,0,False,,,,,,,,,,,,"[nan, nan, nan, nan, nan]",stable,0.0,T<0.10,0.0,Unknown,68.70389281753016,,0.014555216,
Newcastle,15 Jan 2026 SKY,2m7½f,Good To Soft,2:00,Shadows In The Sky,117,Alex Chadwick,James Owen,11 -12,10,3,True,0,0.014471417,0,False,,,,,,,,,,,,"[nan, nan, nan, nan, nan]",stable,0.0,T<0.10,0.0,Unknown,69.1017334377138,,0.014471417,
Newcastle,15 Jan 2026 SKY,2m4f,Good To Soft,3:10,Empty Nest,106,Jamie Hamilton,Mark Walford,11- 9,8,0,True,0,0.014460704,0,False,,,,,,,,,,,,"[nan, nan, nan, nan, nan]",stable,0.0,T<0.10,0.0,Unknown,69.15292644120231,,0.014460704,
Newcastle,15 Jan 2026 SKY,2m4f,Good To Soft,3:10,Emotional Roller,108,Peter Kavanagh,Joel Parkinson & Sue Smith,11- 2,8,0,True,0,0.014375119,0,False,,,,,,,,,,,,"[nan, nan, nan, nan, nan]",stable,0.0,T<0.10,0.0,Unknown,69.56464151705457,,0.014375119,
Newcastle,15 Jan 2026 SKY,2m7½f,Good To Soft,2:00,Walking On A Dream,116,Jack Power,Lucinda Russell & Michael Scudamore,12- 2,7,5,True,0,0.014109361,0,False,,,,,,,,,,,,"[nan, nan, nan, nan, nan]",stable,0.0,T<0.10,0.0,Unknown,70.87493189804981,,0.014109361,
Newcastle,15 Jan 2026 SKY,2m4½f,Good To Soft,1:25,Eagle's Cairn,93,Bruce Lynn,N W Alexander,11 -10,6,0,True,0,0.013410061,0,False,,,,,,,,,,,,"[nan, nan, nan, nan, nan]",stable,0.0,T<0.10,0.0,Unknown,74.5708762995187,,0.013410061,
Newcastle,15 Jan 2026 SKY,2m4½f,Good To Soft,1:25,Lewisham Grove,111,Sean Quinlan,Jennie Candlish,11 -10,5,0,True,0,0.012696298,0,False,,,,,,,,,,,,"[nan, nan, nan, nan, nan]",stable,0.0,T<0.10,0.0,Unknown,78.76311661871831,,0.012696298,
Newcastle,15 Jan 2026 SKY,2m1f,Good To Soft,11:45,So Proud,-,Jonjo O'Neill Jr,Jonjo & A J O'Neill,11- 8,5,0,True,0,0.011901186,0,False,,,,,,,,,,,,"[nan, nan, nan, nan, nan]",stable,0.0,T<0.10,0.0,Unknown,84.0252391652395,,0.011901186,
Newcastle,15 Jan 2026 SKY,2m1f,Good To Soft,11:45,Swingforthefence,-,Sean Quinlan,Jennie Candlish,11- 8,5,0,True,0,0.011901186,0,False,,,,,,,,,,,,"[nan, nan, nan, nan, nan]",stable,0.0,T<0.10,0.0,Unknown,84.0252391652395,,0.011901186,
Newcastle,15 Jan 2026 SKY,2m1f,Good To Soft,12:15,Blazing Echo,-,Bruce Lynn,Eloise Quayle,11- 8,5,0,True,0,0.011901186,0,False,,,,,,,,,,,,"[nan, nan, nan, nan, nan]",stable,0.0,T<0.10,0.0,Unknown,84.0252391652395,,0.011901186,
Newcastle,15 Jan 2026 SKY,2m1f,Good To Soft,12:15,Lyric,-,Jonjo O'Neill Jr,Jonjo & A J O'Neill,11- 8,5,0,True,0,0.011624049,0,False,,,,,,,,,,,,"[nan, nan, nan, nan, nan]",stable,0.0,T<0.10,0.0,Unknown,86.02854306618977,,0.011624049,
Newcastle,15 Jan 2026 SKY,2m1f,Good To Soft,3:45,Diamond White,114,Jonjo O'Neill Jr,Jonjo & A J O'Neill,10 -12,5,0,True,0,0.011614898,0,False,,,,,,,,,,,,"[nan, nan, nan, nan, nan]",stable,0.0,T<0.10,0.0,Unknown,86.09632215452946,,0.011614898,
Newcastle,15 Jan 2026 SKY,2m1f,Good To Soft,11:45,Berwick Law,73,Craig Nichol,Iain Jardine,11- 1,5,0,True,0,0.011598771,0,False,,,,,,,,,,,,"[nan, nan, nan, nan, nan]",stable,0.0,T<0.10,0.0,Unknown,86.21603099155936,,0.011598771,
Newcastle,15 Jan 2026 SKY,2m4½f,Good To Soft,1:25,Loulou Madrik,93,Charlotte Jones,Mark Walford,11 -10,5,0,True,0,0.01148279,0,False,,,,,,,,,,,,"[nan, nan, nan, nan, nan]",stable,0.0,T<0.10,0.0,Unknown,87.08684910200395,,0.01148279,
Newcastle,15 Jan 2026 SKY,2m1f,Good To Soft,3:45,Last Man Standing,98,Craig Nichol,Rebecca Menzies,11- 5,6,0,True,0,0.010994018,0,False,,,,,,,,,,,,"[nan, nan, nan, nan, nan]",stable,0.0,T<0.10,0.0,Unknown,90.95855582554077,,0.010994018,
Newcastle,15 Jan 2026 SKY,2m1f,Good To Soft,12:15,Freddie Steady Go,-,Conor Rabbitt,Susan Corbett,11- 8,5,3,True,0,0.010573202,0,False,,,,,,,,,,,,"[nan, nan, nan, nan, nan]",stable,0.0,T<0.10,0.0,Unknown,94.57872837386441,,0.010573202,
Newcastle,15 Jan 2026 SKY,2m1f,Good To Soft,3:45,Credit Union,78,Aaron Anderson,Rebecca Menzies,11- 5,5,5,True,0,0.010346685,0,False,,,,,,,,,,,,"[nan, nan, nan, nan, nan]",stable,0.0,T<0.10,0.0,Unknown,96.6493132824668,,0.010346685,
Newcastle,15 Jan 2026 SKY,2m1f,Good To Soft,3:45,Red Dart,100,NON-RUNNER,Susan Corbett,11- 5,6,0,True,0,0.010038855,0,False,,,,,,,,,,,,"[nan, nan, nan, nan, nan]",stable,0.0,T<0.10,0.0,Unknown,99.61295386774688,,0.010038855,
Newcastle,15 Jan 2026 SKY,2m1f,Good To Soft,11:45,Art Dancer,-,William Maggs,Chris Grant,11- 8,5,5,True,0,0.009948017,0,False,,,,,,,,,,,,"[nan, nan, nan, nan, nan]",stable,0.0,T<0.10,0.0,Unknown,100.52254635270526,,0.009948017,
Newcastle,15 Jan 2026 SKY,2m1f,Good To Soft,3:45,Caspada,95,Charlie Maggs,Donald McCain,11- 5,5,5,True,0,0.009639159,0,False,,,,,,,,,,,,"[nan, nan, nan, nan, nan]",stable,0.0,T<0.10,0.0,Unknown,103.74349048501016,,0.009639159,
Newcastle,15 Jan 2026 SKY,2m1f,Good To Soft,3:45,Mhordart,88,Peter Kavanagh,Chris Grant,11- 5,5,0,True,0,0.009341949,0,False,,,,,,,,,,,,"[nan, nan, nan, nan, nan]",stable,0.0,T<0.10,0.0,Unknown,107.04404402122084,,0.009341949,
Newcastle,15 Jan 2026 SKY,2m1f,Good To Soft,3:45,Ronnie Russet,96,Brian Hughes,Jedd O'Keeffe,11 -12,5,0,True,0,0.009332346,0,False,,,,,,,,,,,,"[nan, nan, nan, nan, nan]",stable,0.0,T<0.10,0.0,Unknown,107.15419252565218,,0.009332346,
Newcastle,15 Jan 2026 SKY,2m1f,Good To Soft,3:45,Kilaro,105,Mr Paddy Barlow,Tim Easterby,11 -12,6,7,True,0,0.009147342,0,False,,,,,,,,,,,,"[nan, nan, nan, nan, nan]",stable,0.0,T<0.10,0.0,Unknown,109.32137444953956,,0.009147342,
Newcastle,15 Jan 2026 SKY,2m1f,Good To Soft,11:45,Takeyoutotheisland,80,Bruce Lynn,N W Alexander,11- 8,6,0,True,0,0.008716113,0,False,,,,,,,,,,,,"[nan, nan, nan, nan, nan]",stable,0.0,T<0.10,0.0,Unknown,114.73004078767681,,0.008716113,
Newcastle,15 Jan 2026 SKY,2m4f,Good To Soft,12:50,Powerofjet,120,Callum Bewley,Martin Todhunter,10- 7,7,0,True,0,0.008398142,0,False,,,,,,,,,,,,"[nan, nan, nan, nan, nan]",stable,0.0,T<0.10,0.0,Unknown,119.07395707288588,,0.008398142,
Newcastle,15 Jan 2026 SKY,2m1f,Good To Soft,12:15,Walk On Son,99,Derek Fox,Lucinda Russell & Michael Scudamore,11- 8,6,0,True,0,0.0076044374,0,False,,,,,,,,,,,,"[nan, nan, nan, nan, nan]",stable,0.0,T<0.10,0.0,Unknown,131.50216740557298,,0.0076044374,
Newcastle,15 Jan 2026 SKY,2m4f,Good To Soft,12:50,Joecooker,124,Jamie Hamilton,Rebecca Menzies,11 -12,7,0,True,0,0.007419479,0,False,,,,,,,,,,,,"[nan, nan, nan, nan, nan]",stable,0.0,T<0.10,0.0,Unknown,134.78035317574185,,0.007419479,
Newcastle,15 Jan 2026 SKY,2m4f,Good To Soft,12:50,Moon Phases,125,Derek Fox,Lucinda Russell & Michael Scudamore,11- 5,7,0,True,0,0.007261898,0,False,,,,,,,,,,,,"[nan, nan, nan, nan, nan]",stable,0.0,T<0.10,0.0,Unknown,137.70504625650207,,0.007261898,
Newcastle,15 Jan 2026 SKY,2m1f,Good To Soft,12:15,Noble George,96,Sean Quinlan,Jennie Candlish,11- 8,6,0,True,0,0.0071362318,0,False,,,,,,,,,,,,"[nan, nan, nan, nan, nan]",stable,0.0,T<0.10,0.0,Unknown,140.12997728016626,,0.0071362318,
Newcastle,15 Jan 2026 SKY,2m1f,Good To Soft,12:15,Is This For Real,110,Liam Harrison,Fergal O'Brien,11- 8,6,0,True,0,0.0070356103,0,False,,,,,,,,,,,,"[nan, nan, nan, nan, nan]",stable,0.0,T<0.10,0.0,Unknown,142.13408039385013,,0.0070356103,
Newcastle,15 Jan 2026 SKY,2m4f,Good To Soft,12:50,Dunnet Head,127,Patrick Wadge,Lucinda Russell & Michael Scudamore,10 -11,8,0,True,0,0.0070330356,0,False,,,,,,,,,,,,"[nan, nan, nan, nan, nan]",stable,0.0,T<0.10,0.0,Unknown,142.18611377425702,,0.0070330356,
Newcastle,15 Jan 2026 SKY,2m4f,Good To Soft,12:50,Fat Harry,125,Theo Gillard,Joel Parkinson & Sue Smith,11- 2,9,0,True,0,0.006972206,0,False,,,,,,,,,,,,"[nan, nan, nan, nan, nan]",stable,0.0,T<0.10,0.0,Unknown,143.42662853048233,,0.006972206,
Newcastle,15 Jan 2026 SKY,2m1f,Good To Soft,12:15,Madame La Papillon,119,Alice Stevens,Claire Dyson,11- 1,6,3,True,0,0.006860395,0,False,,,,,,,,,,,,"[nan, nan, nan, nan, nan]",stable,0.0,T<0.10,0.0,Unknown,145.76420162395897,,0.006860395,
Newcastle,15 Jan 2026 SKY,2m4f,Good To Soft,12:50,Quantock Hills,116,James Bowen,Warren Greatrex,11- 7,5,0,True,0,0.006703612,0,False,,,,,,,,,,,,"[nan, nan, nan, nan, nan]",stable,0.0,T<0.10,0.0,Unknown,149.17331134319826,,0.006703612,
Newcastle,15 Jan 2026 SKY,2m1f,Good To Soft,11:45,Intenzo,92,Jamie Hamilton,Mark Walford,11- 8,5,0,True,0,0.0061701178,0,False,,,,,,,,,,,,"[nan, nan, nan, nan, nan]",stable,0.0,T<0.10,0.0,Unknown,162.07145996467037,,0.0061701178,
Newcastle,15 Jan 2026 SKY,2m1f,Good To Soft,12:15,Siege Of Acres,96,Theo Gillard,Donald McCain,11- 8,5,0,True,0,0.0061619356,0,False,,,,,,,,,,,,"[nan, nan, nan, nan, nan]",stable,0.0,T<0.10,0.0,Unknown,162.28666849423095,,0.0061619356,
Newcastle,15 Jan 2026 SKY,2m1f,Good To Soft,11:45,Who's Glen,114,Theo Gillard,Donald McCain,11- 8,5,0,True,0,0.0060964874,0,False,,,,,,,,,,,,"[nan, nan, nan, nan, nan]",stable,0.0,T<0.10,0.0,Unknown,164.0288799743931,,0.0060964874,
Newcastle,15 Jan 2026 SKY,2m1f,Good To Soft,12:15,Alba Crus,106,James Bowen,Warren Greatrex,11- 8,5,0,True,0,0.006063787,0,False,,,,,,,,,,,,"[nan, nan, nan, nan, nan]",stable,0.0,T<0.10,0.0,Unknown,164.9134443541635,,0.006063787,
Newcastle,15 Jan 2026 SKY,2m1f,Good To Soft,11:45,Gaelic Rover,120,Brian Hughes,Ruth Jefferson,11- 8,5,0,True,0,0.0060613994,0,False,,,,,,,,,,,,"[nan, nan, nan, nan, nan]",stable,0.0,T<0.10,0.0,Unknown,164.9784041619168,,0.0060613994,
Newcastle,15 Jan 2026 SKY,2m1f,Good To Soft,11:45,Made All,84,Tom Midgley,Sam England,11- 8,5,3,True,0,0.005181571,0,False,,,,,,,,,,,,"[nan, nan, nan, nan, nan]",stable,0.0,T<0.10,0.0,Unknown,192.99166218121877,,0.005181571,
Wincanton,15 Jan 2026,1m7f,Good To Soft,12:42,Tobi Kanobee,64,Ben Godfrey,Claire Hitch,11- 8,7,0,True,0,0.029013712,0,False,,,,,,,,,,,,"[nan, nan, nan, nan, nan]",stable,0.0,T<0.10,0.0,Unknown,34.466461926691764,,0.029013712,
Wincanton,15 Jan 2026,1m7f,Good To Soft,12:42,Deauville Lady,38,James Davies,Nigel Hawke,11- 1,5,0,True,0,0.027801514,0,False,,,,,,,,,,,,"[nan, nan, nan, nan, nan]",stable,0.0,T<0.10,0.0,Unknown,35.96926411993246,,0.027801514,
Wincanton,15 Jan 2026,1m7f,Good To Soft,12:42,Cosmic Spirit,52,Mr Joseph Stevenson,Ben Case,10- 9,4,7,True,0,0.026688782,0,False,,,,,,,,,,,,"[nan, nan, nan, nan, nan]",stable,0.0,T<0.10,0.0,Unknown,37.468926082876315,,0.026688782,
Wincanton,15 Jan 2026,3m½f,Good To Soft,3:02,Diamond Ri,83,Brendan Powell,Joe Tizzard,11- 9,7,0,True,0,0.022061996,0,False,,,,,,,,,,,,"[nan, nan, nan, nan, nan]",stable,0.0,T<0.10,0.0,Unknown,45.326814491308944,,0.022061996,
Wincanton,15 Jan 2026,1m7f,Good To Soft,4:10,Beau Speed,-,Harry Cobden,Paul Nicholls,11- 8,5,0,True,0,0.021776995,0,False,,,,,,,,,,,,"[nan, nan, nan, nan, nan]",stable,0.0,T<0.10,0.0,Unknown,45.92001789043897,,0.021776995,
Wincanton,15 Jan 2026,1m7f,Good To Soft,1:17,Eric Gorcombe,-,Ben Godfrey,Robert Walford,11- 8,7,0,True,0,0.021703133,0,False,,,,,,,,,,,,"[nan, nan, nan, nan, nan]",stable,0.0,T<0.10,0.0,Unknown,46.07629691068105,,0.021703133,
Wincanton,15 Jan 2026,1m7f,Good To Soft,12:42,Richforadaay,-,Stan Sheppard,I Chanin,11- 8,6,0,True,0,0.020735148,0,False,,,,,,,,,,,,"[nan, nan, nan, nan, nan]",stable,0.0,T<0.10,0.0,Unknown,48.227290203088984,,0.020735148,
Wincanton,15 Jan 2026,1m7f,Good To Soft,1:17,Grey Aquila,60,James Davies,Jo Davis,11- 1,5,0,True,0,0.019959776,0,False,,,,,,,,,,,,"[nan, nan, nan, nan, nan]",stable,0.0,T<0.10,0.0,Unknown,50.10076265384942,,0.019959776,
Wincanton,15 Jan 2026,3m½f,Good To Soft,3:02,Emailandy,103,Harry Cobden,Paul Nicholls,11- 8,8,0,True,0,0.018862909,0,False,,,,,,,,,,,,"[nan, nan, nan, nan, nan]",stable,0.0,T<0.10,0.0,Unknown,53.01409236507476,,0.018862909,
Wincanton,15 Jan 2026,3m2½f,Good To Soft,3:37,Rivers Corner,147,Brendan Powell,Joe Tizzard,10- 6,8,0,True,0,0.018729767,0,False,,,,,,,,,,,,"[nan, nan, nan, nan, nan]",stable,0.0,T<0.10,0.0,Unknown,53.390947148461585,,0.018729767,
Wincanton,15 Jan 2026,1m7f,Good To Soft,4:10,Murphy's Mate,-,Bryan Carver,Harry Fry,11- 8,5,0,True,0,0.018446991,0,False,,,,,,,,,,,,"[nan, nan, nan, nan, nan]",stable,0.0,T<0.10,0.0,Unknown,54.209382982839855,,0.018446991,
Wincanton,15 Jan 2026,1m7f,Good To Soft,4:10,Valiant Soldier,-,Brendan Powell,Joe Tizzard,11- 8,5,0,True,0,0.018446991,0,False,,,,,,,,,,,,"[nan, nan, nan, nan, nan]",stable,0.0,T<0.10,0.0,Unknown,54.209382982839855,,0.018446991,
Wincanton,15 Jan 2026,1m7f,Good To Soft,4:10,Scaredofnothing,-,Joshua Bryan,Tom Weston,10- 9,4,0,True,0,0.018323723,0,False,,,,,,,,,,,,"[nan, nan, nan, nan, nan]",stable,0.0,T<0.10,0.0,Unknown,54.5740622688959,,0.018323723,
Wincanton,15 Jan 2026,1m7f,Good To Soft,1:17,Regal Icon,-,Sean Houlihan,Seamus Mullins,11- 8,6,0,True,0,0.018205807,0,False,,,,,,,,,,,,"[nan, nan, nan, nan, nan]",stable,0.0,T<0.10,0.0,Unknown,54.927529441567735,,0.018205807,
Wincanton,15 Jan 2026,3m½f,Good To Soft,3:02,Loverdose,129,Harry Kimber,Robert Walford,11- 2,7,0,True,0,0.01809662,0,False,,,,,,,,,,,,"[nan, nan, nan, nan, nan]",stable,0.0,T<0.10,0.0,Unknown,55.258937856903664,,0.01809662,
Wincanton,15 Jan 2026,3m1f,Good To Soft,12:07,Gaelic Rambler,-,Kevin Brogan,Jonjo & A J O'Neill,11 -10,6,0,True,0,0.018066134,0,False,,,,,,,,,,,,"[nan, nan, nan, nan, nan]",stable,0.0,T<0.10,0.0,Unknown,55.35218547587436,,0.018066134,
Wincanton,15 Jan 2026,1m7f,Good To Soft,4:10,Elusive Pb,-,Kielan Woods,Nick Scholfield,11- 8,5,0,True,0,0.018012391,0,False,,,,,,,,,,,,"[nan, nan, nan, nan, nan]",stable,0.0,T<0.10,0.0,Unknown,55.51733803691026,,0.018012391,
Wincanton,15 Jan 2026,1m7f,Good To Soft,12:42,Shielas Well,-,Ned Fox,Thomas Faulkner,10- 2,4,5,True,0,0.017855301,0,False,,,,,,,,,,,,"[nan, nan, nan, nan, nan]",stable,0.0,T<0.10,0.0,Unknown,56.0057766598278,,0.017855301,
Wincanton,15 Jan 2026,1m7f,Good To Soft,1:17,Sinchi Roca,-,Callum Pritchard,Syd Hosie,11- 8,6,3,True,0,0.017721817,0,False,,,,,,,,,,,,"[nan, nan, nan, nan, nan]",stable,0.0,T<0.10,0.0,Unknown,56.427622517487904,,0.017721817,
Wincanton,15 Jan 2026,1m7f,Good To Soft,4:10,Lingering Glance,-,Lorcan Williams,Jeremy Scott,11- 8,5,0,True,0,0.017541766,0,False,,,,,,,,,,,,"[nan, nan, nan, nan, nan]",stable,0.0,T<0.10,0.0,Unknown,57.006803077865705,,0.017541766,
Wincanton,15 Jan 2026,3m½f,Good To Soft,3:02,Punta Del Este,140,Jack Tudor,David Pipe,11- 8,7,0,True,0,0.017149482,0,False,,,,,,,,,,,,"[nan, nan, nan, nan, nan]",stable,0.0,T<0.10,0.0,Unknown,58.31079912501147,,0.017149482,
Wincanton,15 Jan 2026,1m7f,Good To Soft,4:10,Fine Tuning,-,Sean Bowen,Anthony Honeyball,11- 8,5,0,True,0,0.016767565,0,False,,,,,,,,,,,,"[nan, nan, nan, nan, nan]",stable,0.0,T<0.10,0.0,Unknown,59.638951750000665,,0.016767565,
Wincanton,15 Jan 2026,1m7f,Good To Soft,4:10,Trojan Tale,-,Jack Tudor,Dan Horsford,11- 8,5,0,True,0,0.016767565,0,False,,,,,,,,,,,,"[nan, nan, nan, nan, nan]",stable,0.0,T<0.10,0.0,Unknown,59.638951750000665,,0.016767565,
Wincanton,15 Jan 2026,1m7f,Good To Soft,4:10,Dunstall Star,-,Tom Bellamy,Tom George,11- 8,5,0,True,0,0.01673556,0,False,,,,,,,,,,,,"[nan, nan, nan, nan, nan]",stable,0.0,T<0.10,0.0,Unknown,59.753004978620375,,0.01673556,
Wincanton,15 Jan 2026,3m2½f,Good To Soft,3:37,Isaac Des Obeaux,143,Harry Cobden,Paul Nicholls,11- 7,8,0,True,0,0.01669692,0,False,,,,,,,,,,,,"[nan, nan, nan, nan, nan]",stable,0.0,T<0.10,0.0,Unknown,59.89128533885291,,0.01669692,
Wincanton,15 Jan 2026,3m2½f,Good To Soft,3:37,Operation Manna,141,Stan Sheppard,Tom Lacey,10 -13,10,0,True,0,0.016169492,0,False,,,,,,,,,,,,"[nan, nan, nan, nan, nan]",stable,0.0,T<0.10,0.0,Unknown,61.844861916503,,0.016169492,
Wincanton,15 Jan 2026,3m1f,Good To Soft,12:07,Mombasa,-,Ned Fox,Venetia Williams,11 -12,7,5,True,0,0.015882486,0,False,,,,,,,,,,,,"[nan, nan, nan, nan, nan]",stable,0.0,T<0.10,0.0,Unknown,62.96243547767018,,0.015882486,
Wincanton,15 Jan 2026,1m7f,Good To Soft,1:52,Morning Mayhem,99,Kielan Woods,Nick Scholfield,11 -12,5,0,True,0,0.015809055,6,True,,,,,,,,,,,,"[nan, nan, nan, nan, nan]",stable,0.0,T<0.10,0.0,Unknown,63.2548877842477,,0.015809055,
Wincanton,15 Jan 2026,1m7f,Good To Soft,4:10,Up The Hill,-,Callum Pritchard,Polly Gundry,11- 1,5,3,True,0,0.015737701,0,False,,,,,,,,,,,,"[nan, nan, nan, nan, nan]",stable,0.0,T<0.10,0.0,Unknown,63.541682485898036,,0.015737701,
Wincanton,15 Jan 2026,1m7f,Good To Soft,12:42,What A Dragon,-,Harry Kimber,Robert Walford,11- 8,5,0,True,0,0.015357748,0,False,,,,,,,,,,,,"[nan, nan, nan, nan, nan]",stable,0.0,T<0.10,0.0,Unknown,65.11371328660947,,0.015357748,
Wincanton,15 Jan 2026,3m½f,Good To Soft,3:02,A Perfect Day,130,Tom Bellamy,Ben Clarke,11- 4,6,0,True,0,0.015118099,0,False,,,,,,,,,,,,"[nan, nan, nan, nan, nan]",stable,0.0,T<0.10,0.0,Unknown,66.14588249488246,,0.015118099,
Wincanton,15 Jan 2026,3m½f,Good To Soft,3:02,Rubber Ball,134,Jack Quinlan,Neil King,11- 5,6,0,True,0,0.015087132,0,False,,,,,,,,,,,,"[nan, nan, nan, nan, nan]",stable,0.0,T<0.10,0.0,Unknown,66.28164981919691,,0.015087132,
Wincanton,15 Jan 2026,1m7f,Good To Soft,4:10,Shady Knight,-,Harry Atkins,Dan Skelton,11- 8,5,7,True,0,0.014921426,0,False,,,,,,,,,,,,"[nan, nan, nan, nan, nan]",stable,0.0,T<0.10,0.0,Unknown,67.0177233730878,,0.014921426,
Wincanton,15 Jan 2026,3m½f,Good To Soft,3:02,Tommy The Tank,127,Charlie Hammond,Dr Richard Newland & Jamie Insole,11- 4,8,0,True,0,0.014590824,0,False,,,,,,,,,,,,"[nan, nan, nan, nan, nan]",stable,0.0,T<0.10,0.0,Unknown,68.53622523306429,,0.014590824,
Wincanton,15 Jan 2026,3m½f,Good To Soft,3:02,Oh My Johnny,130,Sean Houlihan,Philip Hobbs & Johnson White,11- 2,6,0,True,0,0.014227193,0,False,,,,,,,,,,,,"[nan, nan, nan, nan, nan]",stable,0.0,T<0.10,0.0,Unknown,70.28793381800612,,0.014227193,
Wincanton,15 Jan 2026,3m½f,Good To Soft,3:02,Champagne Chic,133,Lorcan Williams,Jeremy Scott,11- 2,6,0,True,0,0.013698224,0,False,,,,,,,,,,,,"[nan, nan, nan, nan, nan]",stable,0.0,T<0.10,0.0,Unknown,73.00216436816919,,0.013698224,
Wincanton,15 Jan 2026,1m7f,Good To Soft,1:17,Launceston,74,Charlie Hammond,Joe Ponting,10- 9,4,0,True,0,0.01353509,0,False,,,,,,,,,,,,"[nan, nan, nan, nan, nan]",stable,0.0,T<0.10,0.0,Unknown,73.88203550918391,,0.01353509,
Wincanton,15 Jan 2026,3m½f,Good To Soft,3:02,Turndlightsdownlow,133,Freddie Keighley,Martin Keighley,11- 5,6,7,True,0,0.013023616,0,False,,,,,,,,,,,,"[nan, nan, nan, nan, nan]",stable,0.0,T<0.10,0.0,Unknown,76.78359067097801,,0.013023616,
Wincanton,15 Jan 2026,3m2½f,Good To Soft,3:37,Rapper,141,Richard Patrick,Henry Daly,10 -13,12,0,True,0,0.013006514,0,False,,,,,,,,,,,,"[nan, nan, nan, nan, nan]",stable,0.0,T<0.10,0.0,Unknown,76.88455184840457,,0.013006514,
Wincanton,15 Jan 2026,3m2½f,Good To Soft,3:37,Iron Bridge,143,Kevin Brogan,Jonjo & A J O'Neill,11 -10,10,0,True,0,0.012069337,0,False,,,,,,,,,,,,"[nan, nan, nan, nan, nan]",stable,0.0,T<0.10,0.0,Unknown,82.85459259278285,,0.012069337,
Wincanton,15 Jan 2026,3m2½f,Good To Soft,3:37,Destroytheevidence,146,Tom Bellamy,Kim Bailey & Mat Nicholls,11- 9,8,0,True,0,0.011943023,0,False,,,,,,,,,,,,"[nan, nan, nan, nan, nan]",stable,0.0,T<0.10,0.0,Unknown,83.73089459846138,,0.011943023,
Wincanton,15 Jan 2026,1m7f,Good To Soft,1:52,Talap,100,Jack Tudor,Gordon Edwards,10- 2,9,0,True,0,0.011738835,0,False,,,,,,,,,,,,"[nan, nan, nan, nan, nan]",stable,0.0,T<0.10,0.0,Unknown,85.18732906630002,,0.011738835,
Wincanton,15 Jan 2026,1m7f,Good To Soft,1:52,Freddie Fleetfoot,103,Sean Houlihan,Carroll Gray,10- 2,8,0,True,0,0.011584764,0,False,,,,,,,,,,,,"[nan, nan, nan, nan, nan]",stable,0.0,T<0.10,0.0,Unknown,86.32027376647466,,0.011584764,
Wincanton,15 Jan 2026,1m7f,Good To Soft,12:42,Air Apparent,92,Sean Houlihan,Seamus Mullins,11- 8,6,0,True,0,0.01146557,0,False,,,,,,,,,,,,"[nan, nan, nan, nan, nan]",stable,0.0,T<0.10,0.0,Unknown,87.21764378046622,,0.01146557,
Wincanton,15 Jan 2026,1m7f,Good To Soft,1:52,Mr Zee,104,Harry Reed,Michael Blake,10- 2,9,0,True,0,0.011398752,0,False,,,,,,,,,,,,"[nan, nan, nan, nan, nan]",stable,0.0,T<0.10,0.0,Unknown,87.72890225175529,,0.011398752,
Wincanton,15 Jan 2026,1m7f,Good To Soft,1:17,Ritaan,79,Finn Lambert,Georgina Nicholls,10- 2,4,3,True,0,0.011097469,0,False,,,,,,,,,,,,"[nan, nan, nan, nan, nan]",stable,0.0,T<0.10,0.0,Unknown,90.11063693892724,,0.011097469,
Wincanton,15 Jan 2026,3m2½f,Good To Soft,3:37,Our Power,147,Mr Harvey Barfoot-Saunt,Sam Thomas,12- 0,11,7,True,0,0.011051451,0,False,,,,,,,,,,,,"[nan, nan, nan, nan, nan]",stable,0.0,T<0.10,0.0,Unknown,90.48585565822985,,0.011051451,
Wincanton,15 Jan 2026,1m7f,Good To Soft,12:42,Hadrianus,88,Brendan Powell,Joe Tizzard,11- 8,6,0,True,0,0.010640708,0,False,,,,,,,,,,,,"[nan, nan, nan, nan, nan]",stable,0.0,T<0.10,0.0,Unknown,93.97870893553323,,0.010640708,
Wincanton,15 Jan 2026,1m7f,Good To Soft,12:42,Unknown Entity,107,Harry Skelton,Dan Skelton,11- 8,6,0,True,0,0.009861656,0,False,,,,,,,,,,,,"[nan, nan, nan, nan, nan]",stable,0.0,T<0.10,0.0,Unknown,101.40284755420387,,0.009861656,
Wincanton,15 Jan 2026,1m7f,Good To Soft,1:17,Athena's Dream,102,James Best,Harriet Dickin,10- 2,4,0,True,0,0.009487954,0,False,,,,,,,,,,,,"[nan, nan, nan, nan, nan]",stable,0.0,T<0.10,0.0,Unknown,105.3968010384536,,0.009487954,
Wincanton,15 Jan 2026,1m7f,Good To Soft,12:42,Gaelic Pride,127,Sean Bowen,Warren Greatrex,11- 8,6,0,True,0,0.009466726,0,False,,,,,,,,,,,,"[nan, nan, nan, nan, nan]",stable,0.0,T<0.10,0.0,Unknown,105.63314075003333,,0.009466726,
Wincanton,15 Jan 2026,1m7f,Good To Soft,1:52,Jackomy,89,Kevin Brogan,Neil Mulholland,12- 0,6,0,True,0,0.009082024,0,False,,,,,,,,,,,,"[nan, nan, nan, nan, nan]",stable,0.0,T<0.10,0.0,Unknown,110.10761477837981,,0.009082024,
Wincanton,15 Jan 2026,2m4f,Good To Soft,2:27,Doctor Glide,89,Lorcan Williams,Tim Vaughan,11- 4,8,0,True,0,0.008937938,0,False,,,,,,,,,,,,"[nan, nan, nan, nan, nan]",stable,0.0,T<0.10,0.0,Unknown,111.8826288569019,,0.008937938,
Wincanton,15 Jan 2026,3m1f,Good To Soft,12:07,Maximum Offers,105,Joe Anderson,Jamie Snowden,11- 4,7,3,True,0,0.008727417,0,False,,,,,,,,,,,,"[nan, nan, nan, nan, nan]",stable,0.0,T<0.10,0.0,Unknown,114.58143915891725,,0.008727417,
Wincanton,15 Jan 2026,1m7f,Good To Soft,1:52,Just Aidan,101,Sean Bowen,Harriet Dickin,11- 0,7,0,True,0,0.0086977575,0,False,,,,,,,,,,,,"[nan, nan, nan, nan, nan]",stable,0.0,T<0.10,0.0,Unknown,114.97216380199148,,0.0086977575,
Wincanton,15 Jan 2026,1m7f,Good To Soft,12:42,Corner Forward,100,Kevin Brogan,Anthony Honeyball,11- 8,5,0,True,0,0.008570817,0,False,,,,,,,,,,,,"[nan, nan, nan, nan, nan]",stable,0.0,T<0.10,0.0,Unknown,116.674991427305,,0.008570817,
Wincanton,15 Jan 2026,1m7f,Good To Soft,12:42,One Island,93,Harry Cobden,Paul Nicholls,10- 9,4,0,True,0,0.008565353,0,False,,,,,,,,,,,,"[nan, nan, nan, nan, nan]",stable,0.0,T<0.10,0.0,Unknown,116.74942060181291,,0.008565353,
Wincanton,15 Jan 2026,1m7f,Good To Soft,1:17,Wolf Walker,121,Richard Patrick,Clive Boultbee-Brooks,11- 8,7,0,True,0,0.008386328,0,False,,,,,,,,,,,,"[nan, nan, nan, nan, nan]",stable,0.0,T<0.10,0.0,Unknown,119.24169910835826,,0.008386328,
Wincanton,15 Jan 2026,3m1f,Good To Soft,12:07,Major Fortune,129,Harry Skelton,Dan Skelton,11 -11,8,0,True,0,0.008294257,0,False,,,,,,,,,,,,"[nan, nan, nan, nan, nan]",stable,0.0,T<0.10,0.0,Unknown,120.5653502176265,,0.008294257,
Wincanton,15 Jan 2026,1m7f,Good To Soft,1:52,Ugo Bingo,103,Brendan Powell,Joe Tizzard,12- 0,7,0,True,0,0.0082532335,0,False,,,,,,,,,,,,"[nan, nan, nan, nan, nan]",stable,0.0,T<0.10,0.0,Unknown,121.16463201968052,,0.0082532335,
Wincanton,15 Jan 2026,1m7f,Good To Soft,1:17,Innamorato,118,Harry Cobden,Paul Nicholls,10- 9,4,0,True,0,0.008087864,0,False,,,,,,,,,,,,"[nan, nan, nan, nan, nan]",stable,0.0,T<0.10,0.0,Unknown,123.64203948038691,,0.008087864,
Wincanton,15 Jan 2026,3m1f,Good To Soft,12:07,Tommys Charm,124,Brendan Powell,Kerry Lee,11 -11,8,0,True,0,0.008049604,0,False,,,,,,,,,,,,"[nan, nan, nan, nan, nan]",stable,0.0,T<0.10,0.0,Unknown,124.22971366044838,,0.008049604,
Wincanton,15 Jan 2026,1m7f,Good To Soft,1:17,Liam Mera Kai,109,Sean Bowen,Warren Greatrex,11- 8,5,0,True,0,0.0077829626,0,False,,,,,,,,,,,,"[nan, nan, nan, nan, nan]",stable,0.0,T<0.10,0.0,Unknown,128.48577738250984,,0.0077829626,
Wincanton,15 Jan 2026,2m4f,Good To Soft,2:27,Purple Owl,118,Jack Tudor,David Pipe,11- 2,6,0,True,0,0.007754191,0,False,,,,,,,,,,,,"[nan, nan, nan, nan, nan]",stable,0.0,T<0.10,0.0,Unknown,128.96251846259656,,0.007754191,
Wincanton,15 Jan 2026,2m4f,Good To Soft,2:27,King Of The Road,121,Kielan Woods,Ben Pauling,11 -11,7,0,True,0,0.0077167484,0,False,,,,,,,,,,,,"[nan, nan, nan, nan, nan]",stable,0.0,T<0.10,0.0,Unknown,129.5882602573903,,0.0077167484,
Wincanton,15 Jan 2026,2m4f,Good To Soft,2:27,Choice Runner,115,Harry Skelton,Dan Skelton,11- 3,6,0,True,0,0.0076163574,0,False,,,,,,,,,,,,"[nan, nan, nan, nan, nan]",stable,0.0,T<0.10,0.0,Unknown,131.2963595957301,,0.0076163574,
Wincanton,15 Jan 2026,1m7f,Good To Soft,1:52,Western Soldier,101,Callum Pritchard,Seamus Mullins,11 -10,8,3,True,0,0.0075786863,0,False,,,,,,,,,,,,"[nan, nan, nan, nan, nan]",stable,0.0,T<0.10,0.0,Unknown,131.94898962898094,,0.0075786863,
Wincanton,15 Jan 2026,3m1f,Good To Soft,12:07,Clotilda,127,Harry Cobden,Paul Nicholls,11- 3,5,0,True,0,0.007513799,0,False,,,,,,,,,,,,"[nan, nan, nan, nan, nan]",stable,0.0,T<0.10,0.0,Unknown,133.08846829679635,,0.007513799,
Wincanton,15 Jan 2026,2m4f,Good To Soft,2:27,One Eye On Vegas,119,Charlie Hammond,Stuart Edmunds,11- 7,9,0,True,0,0.007416601,0,False,,,,,,,,,,,,"[nan, nan, nan, nan, nan]",stable,0.0,T<0.10,0.0,Unknown,134.83265447339016,,0.007416601,
Wincanton,15 Jan 2026,2m4f,Good To Soft,2:27,Valadon,120,Bryan Carver,Harry Fry,11- 7,6,0,True,0,0.0074106287,0,False,,,,,,,,,,,,"[nan, nan, nan, nan, nan]",stable,0.0,T<0.10,0.0,Unknown,134.94131746203936,,0.0074106287,
Wincanton,15 Jan 2026,3m1f,Good To Soft,12:07,Not A Light,110,Callum Pritchard,Philip Hobbs & Johnson White,11- 2,9,3,True,0,0.007372533,0,False,,,,,,,,,,,,"[nan, nan, nan, nan, nan]",stable,0.0,T<0.10,0.0,Unknown,135.63859259768657,,0.007372533,
Wincanton,15 Jan 2026,1m7f,Good To Soft,1:52,Postponed Legacy,98,James Best,Martin Keighley,11- 2,5,0,True,0,0.0073645213,0,False,,,,,,,,,,,,"[nan, nan, nan, nan, nan]",stable,0.0,T<0.10,0.0,Unknown,135.78615082558048,,0.0073645213,
Wincanton,15 Jan 2026,1m7f,Good To Soft,1:52,St Lukes Chelsea,100,Harry Kimber,Robert Walford,11- 3,5,0,True,0,0.007300158,0,False,,,,,,,,,,,,"[nan, nan, nan, nan, nan]",stable,0.0,T<0.10,0.0,Unknown,136.98333652504508,,0.007300158,
Wincanton,15 Jan 2026,1m7f,Good To Soft,1:17,Dragons And Demons,86,Harry Kimber,Robert Walford,11- 8,5,0,True,0,0.007238587,0,False,,,,,,,,,,,,"[nan, nan, nan, nan, nan]",stable,0.0,T<0.10,0.0,Unknown,138.14850881808837,,0.007238587,
Wincanton,15 Jan 2026,3m1f,Good To Soft,12:07,Golan Loop,126,Sean Bowen,Warren Greatrex,12- 1,6,0,True,0,0.0072154733,0,False,,,,,,,,,,,,"[nan, nan, nan, nan, nan]",stable,0.0,T<0.10,0.0,Unknown,138.59104710428352,,0.0072154733,
Wincanton,15 Jan 2026,1m7f,Good To Soft,1:52,No Guarantee,97,James Turner,Alexander Gibbons,11- 5,6,5,True,0,0.0071764877,0,False,,,,,,,,,,,,"[nan, nan, nan, nan, nan]",stable,0.0,T<0.10,0.0,Unknown,139.34393003976024,,0.0071764877,
Wincanton,15 Jan 2026,1m7f,Good To Soft,1:52,Run Away Joe,100,Tom Broughton,Fergal O'Brien,12- 0,6,5,True,0,0.007168634,0,False,,,,,,,,,,,,"[nan, nan, nan, nan, nan]",stable,0.0,T<0.10,0.0,Unknown,139.49659028484368,,0.007168634,
Wincanton,15 Jan 2026,1m7f,Good To Soft,1:52,Mistress Emma,96,Mr Daniel Williams,Nicky Henderson,12- 0,8,7,True,0,0.007145366,0,False,,,,,,,,,,,,"[nan, nan, nan, nan, nan]",stable,0.0,T<0.10,0.0,Unknown,139.95084366567087,,0.007145366,
Wincanton,15 Jan 2026,2m4f,Good To Soft,2:27,Light Fandango,124,Bradley Harris,Neil Mulholland,11- 8,7,3,True,0,0.006762461,0,False,,,,,,,,,,,,"[nan, nan, nan, nan, nan]",stable,0.0,T<0.10,0.0,Unknown,147.87515964971925,,0.006762461,
Wincanton,15 Jan 2026,1m7f,Good To Soft,1:17,Montrachet Fin,94,Bryan Carver,Harry Fry,11- 8,5,0,True,0,0.00671255,0,False,,,,,,,,,,,,"[nan, nan, nan, nan, nan]",stable,0.0,T<0.10,0.0,Unknown,148.9746817528361,,0.00671255,
Wincanton,15 Jan 2026,2m4f,Good To Soft,2:27,Le Soleil Reve,115,James Best,Jane Williams,11- 3,5,0,True,0,0.0066002305,0,False,,,,,,,,,,,,"[nan, nan, nan, nan, nan]",stable,0.0,T<0.10,0.0,Unknown,151.50986014806605,,0.0066002305,
Wincanton,15 Jan 2026,2m4f,Good To Soft,2:27,Lucky Bere,119,Harry Cobden,Kayley Woollacott,11- 2,5,0,True,0,0.0065125423,0,False,,,,,,,,,,,,"[nan, nan, nan, nan, nan]",stable,0.0,T<0.10,0.0,Unknown,153.5498663862805,,0.0065125423,
Wincanton,15 Jan 2026,2m4f,Good To Soft,2:27,Meatloaf,122,Freddie Keighley,Paul Nicholls,11 -10,7,7,True,0,0.0064500826,0,False,,,,,,,,,,,,"[nan, nan, nan, nan, nan]",stable,0.0,T<0.10,0.0,Unknown,155.03677425774362,,0.0064500826,
Wincanton,15 Jan 2026,2m4f,Good To Soft,2:27,Teorie,124,Robbie David,Daisy Hitchins,11- 3,6,7,True,0,0.0064341323,0,False,,,,,,,,,,,,"[nan, nan, nan, nan, nan]",stable,0.0,T<0.10,0.0,Unknown,155.42111249406543,,0.0064341323,
Wincanton,15 Jan 2026,2m4f,Good To Soft,2:27,Moutarde,117,Callum Pritchard,Syd Hosie,11- 7,5,3,True,0,0.0056868615,0,False,,,,,,,,,,,,"[nan, nan, nan, nan, nan]",stable,0.0,T<0.10,0.0,Unknown,175.84391671926596,,0.0056868615,
