track_name,race_date,distance,going,time,horse_name,rating,jockey,trainer,weight,age,claims,is_new,label,win_probability,history_count,is_found_in_history,URL,odds_live,odds_1,odds_2,odds_3,odds_4,trend,decimal_odds_1,decimal_odds_2,decimal_odds_3,decimal_odds_4,decimal_odds_live,threshold,precision,recall,f1,pred_plus,p_est,d,edge,ev_per_unit,var_per_unit,sharpe_unit,kelly_full,kelly_clamped,suggested_stake_units,classification,action
kempton (aw),19 Jan 2026Polytrack,6f,Standard To Slow,3:08,unionville,74,William Carson,Michael Attwater,9- 6,3,0,True,0,0.14484623,2,True,https://www.racingpost.com/racecards/1079/kempton-aw/2026-01-19/910650,16/1,14/1,16/1,14/1,,shortening,15.0,17.0,15.0,,17.0,0.1,0.1563100576553491,0.7270560190703218,,,0.1459926127655349,17.0,0.0871690833537702,1.4818744170140934,36.032164467410546,0.24686881073837172,0.09261715106338084,0.05,5.0,STRONG_BET_SINGLE,STRONG BET
kempton (aw),19 Jan 2026Polytrack,6f,Standard To Slow,1:38,conquest of power,73,Paddy Bradley,Mark Usher,9- 4,6,0,True,0,0.046718862,0,False,https://www.racingpost.com/racecards/1079/kempton-aw/2026-01-19/910652,25/1,20/1,,,,shortening,21.0,,,,26.0,0.1,0.1563100576553491,0.7270560190703218,,,0.057677981565534914,26.0,0.01921644310399645,0.4996275207039078,36.741432837449054,0.08242677496287833,0.019985100828156313,0.019985100828156313,1.9985100828156313,STRONG_BET_SINGLE,STRONG BET
kempton (aw),19 Jan 2026Polytrack,1m3f,Standard To Slow,2:38,lion city,57,Ben Ffrench Davis,Clare Ellam,9- 6,6,5,True,0,0.044494003,0,False,https://www.racingpost.com/racecards/1079/kempton-aw/2026-01-19/910646,100/1,,,,,no_data,,,,,101.0,0.1,0.1563100576553491,0.7270560190703218,,,0.05567560846553492,101.0,0.045774618366525015,4.623236455019026,536.3260937278667,0.19963268246080987,0.046232364550190266,0.046232364550190266,4.623236455019026,STRONG_BET_SINGLE,STRONG BET
kempton (aw),19 Jan 2026Polytrack,6f,Standard To Slow,3:08,canyouhearthedrums,80,Charles Bishop,Eve Johnson Houghton,9- 1,3,0,True,0,0.041523606,0,False,https://www.racingpost.com/racecards/1079/kempton-aw/2026-01-19/910650,9/1,17/2,8/1,9/1,8/1,shortening,9.5,9.0,10.0,9.0,10.0,0.1,0.1563100576553491,0.7270560190703218,,,0.053002251165534905,10.0,-0.0469977488344651,-0.4699774883446509,5.0193012536920465,-0.20977581873242554,0.0,0.0,0.0,NO_BET,PASS
kempton (aw),19 Jan 2026Polytrack,6f,Standard To Slow,1:38,smasher,67,William Carson,Michael Attwater,9- 7,6,0,True,0,0.038793914,0,False,https://www.racingpost.com/racecards/1079/kempton-aw/2026-01-19/910652,9/2,7/2,,,,shortening,4.5,,,,5.5,0.1,0.1563100576553491,0.7270560190703218,,,0.050545528365534914,5.5,-0.1312726534526469,-0.721999593989558,1.4517180073154605,-0.599233136973757,0.0,0.0,0.0,NO_BET,PASS
kempton (aw),19 Jan 2026Polytrack,6f,Standard To Slow,1:38,horus,64,Hollie Doyle,Mike Murphy,9- 6,4,0,True,0,0.03852484,0,False,https://www.racingpost.com/racecards/1079/kempton-aw/2026-01-19/910652,9/1,10/1,,,,drifting,11.0,,,,10.0,0.1,0.1563100576553491,0.7270560190703218,,,0.05030336176553492,10.0,-0.04969663823446509,-0.49696638234465085,4.777293356062064,-0.2273715153912024,0.0,0.0,0.0,NO_BET,PASS
kempton (aw),19 Jan 2026Polytrack,6f,Standard To Slow,1:38,dr ali,63,Jonny Peate,J R Jenkins,9- 2,4,0,True,0,0.035546515,0,False,https://www.racingpost.com/racecards/1079/kempton-aw/2026-01-19/910652,7/1,,,,,no_data,,,,,8.0,0.1,0.1563100576553491,0.7270560190703218,,,0.04762286926553491,8.0,-0.07737713073446509,-0.6190170458757207,2.9027156216609713,-0.3633292507507567,0.0,0.0,0.0,NO_BET,PASS
kempton (aw),19 Jan 2026Polytrack,1m3f,Standard To Slow,2:08,five moons,48,Harry Davies,Simon & Ed Crisford,9- 2,3,0,True,0,0.035339184,0,False,https://www.racingpost.com/racecards/1079/kempton-aw/2026-01-19/910648,16/1,14/1,,,,shortening,15.0,,,,17.0,0.1,0.1563100576553491,0.7270560190703218,,,0.04743627136553491,17.0,-0.011387258046229795,-0.19358338678590647,13.0587746705719,-0.053569410788315064,0.0,0.0,0.0,NO_BET,PASS
kempton (aw),19 Jan 2026Polytrack,6f,Standard To Slow,1:38,respectable jack,68,Saffie Osborne,Matt Crawley,9- 9,5,0,True,0,0.031911477,0,False,https://www.racingpost.com/racecards/1079/kempton-aw/2026-01-19/910652,3/1,10/3,,,,drifting,4.333333333333334,,,,4.0,0.1,0.1563100576553491,0.7270560190703218,,,0.044351335065534916,4.0,-0.2056486649344651,-0.8225946597378604,0.6781487062950329,-0.9989032288923426,0.0,0.0,0.0,NO_BET,PASS
kempton (aw),19 Jan 2026Polytrack,1m3f,Standard To Slow,2:08,peas and queues,48,Kieran O'Neill,J S Moore,9- 2,3,0,True,0,0.0312803,0,False,https://www.racingpost.com/racecards/1079/kempton-aw/2026-01-19/910648,66/1,,,,,no_data,,,,,67.0,0.1,0.1563100576553491,0.7270560190703218,,,0.04378327576553491,67.0,0.02885790263120655,1.933479476290839,187.9378230736666,0.14103680804803198,0.029295143580164225,0.029295143580164225,2.9295143580164225,STRONG_BET_SINGLE,STRONG BET
kempton (aw),19 Jan 2026Polytrack,1m3f,Standard To Slow,2:08,galistra,-,Hector Crouch,Ralph Beckett,9- 2,3,0,True,0,0.030828552,0,False,https://www.racingpost.com/racecards/1079/kempton-aw/2026-01-19/910648,9/4,2/1,,,,shortening,3.0,,,,3.25,0.1,0.1563100576553491,0.7270560190703218,,,0.043376702565534914,3.25,-0.26431560512677277,-0.8590257166620116,0.43829267228580315,-1.2975498762053912,0.0,0.0,0.0,NO_BET,PASS
kempton (aw),19 Jan 2026Polytrack,6f,Standard To Slow,1:38,straight back up,65,Lloyd Applegate,Dr Richard Newland & Jamie Insole,9- 1,4,7,True,0,0.030549182,0,False,https://www.racingpost.com/racecards/1079/kempton-aw/2026-01-19/910652,11/1,,,,,no_data,,,,,12.0,0.1,0.1563100576553491,0.7270560190703218,,,0.04312526956553492,12.0,-0.04020806376779841,-0.482496765213581,5.94222921942262,-0.197933683013828,0.0,0.0,0.0,NO_BET,PASS
kempton (aw),19 Jan 2026Polytrack,1m3f,Standard To Slow,2:08,glamerous,-,William Carson,Michael Attwater,9- 2,3,0,True,0,0.03034695,0,False,https://www.racingpost.com/racecards/1079/kempton-aw/2026-01-19/910648,50/1,,,,,no_data,,,,,51.0,0.1,0.1563100576553491,0.7270560190703218,,,0.04294326076553491,51.0,0.02333541762828001,1.1901062990422804,106.89885565005162,0.11510633490536609,0.023802125980845606,0.023802125980845606,2.3802125980845608,STRONG_BET_SINGLE,STRONG BET
kempton (aw),19 Jan 2026Polytrack,1m3f,Standard To Slow,2:38,imperial jade,-,Callum Hutchinson,Charlie Longsdon,9- 1,7,0,True,0,0.030261064,0,False,https://www.racingpost.com/racecards/1079/kempton-aw/2026-01-19/910646,66/1,50/1,40/1,,,shortening,51.0,41.0,,,67.0,0.1,0.1563100576553491,0.7270560190703218,,,0.042865963365534915,67.0,0.027940590231206555,1.8720195454908395,184.17681327820483,0.13794085122795285,0.028363932507436962,0.028363932507436962,2.836393250743696,STRONG_BET_SINGLE,STRONG BET
kempton (aw),19 Jan 2026Polytrack,1m,Standard To Slow,1:08,equion,75,Luke Morris,Tony Carroll,9- 7,8,0,True,0,0.030050283,0,False,https://www.racingpost.com/racecards/1079/kempton-aw/2026-01-19/910651,15/2,7/1,,,,shortening,8.0,,,,8.5,0.1,0.1563100576553491,0.7270560190703218,,,0.04267626046553491,8.5,-0.0749707983579945,-0.6372517860429533,2.95177355190587,-0.37091085440765564,0.0,0.0,0.0,NO_BET,PASS
kempton (aw),19 Jan 2026Polytrack,1m,Standard To Slow,1:08,villalobos,75,Alistair Rawlinson,Simon Hodgson,9- 2,7,0,True,0,0.029795995,0,False,https://www.racingpost.com/racecards/1079/kempton-aw/2026-01-19/910651,9/2,,,,,no_data,,,,,5.5,0.1,0.1563100576553491,0.7270560190703218,,,0.04244740126553491,5.5,-0.1393707805526469,-0.766539293039558,1.2295299865879614,-0.6912972978284595,0.0,0.0,0.0,NO_BET,PASS
kempton (aw),19 Jan 2026Polytrack,7f,Standard To Slow,4:08,lerwick,80,Edward Greatrex,Mark Loughnane,9- 9,6,0,True,0,0.029752186,0,False,https://www.racingpost.com/racecards/1079/kempton-aw/2026-01-19/910649,9/2,4/1,7/2,,,shortening,5.0,4.5,,,5.5,0.1,0.1563100576553491,0.7270560190703218,,,0.042407973165534914,5.5,-0.13941020865264692,-0.766756147589558,1.228438493570167,-0.6918000010113015,0.0,0.0,0.0,NO_BET,PASS
kempton (aw),19 Jan 2026Polytrack,1m3f,Standard To Slow,2:38,summer appeal,-,Lewis Edmunds,William Muir & Chris Grassick,8 -13,4,0,True,0,0.029587273,0,False,https://www.racingpost.com/racecards/1079/kempton-aw/2026-01-19/910646,66/1,,,,,no_data,,,,,67.0,0.1,0.1563100576553491,0.7270560190703218,,,0.042259551465534916,67.0,0.027334178331206556,1.8313899481908393,181.6863574900701,0.1358687772898882,0.02774833254834605,0.02774833254834605,2.774833254834605,STRONG_BET_SINGLE,STRONG BET
kempton (aw),19 Jan 2026Polytrack,6f,Standard To Slow,1:38,miraflores,62,Kieran O'Neill,Rachel Cook & John Bridger,9- 0,4,0,True,0,0.02925614,0,False,https://www.racingpost.com/racecards/1079/kempton-aw/2026-01-19/910652,33/1,25/1,,,,shortening,26.0,,,,34.0,0.1,0.1563100576553491,0.7270560190703218,,,0.04196153176553491,34.0,0.012549767059652557,0.4266920800281868,46.472080429743194,0.0625919561182723,0.012930063031157176,0.012930063031157176,1.2930063031157175,STRONG_BET_SINGLE,STRONG BET
kempton (aw),19 Jan 2026Polytrack,6f,Standard To Slow,3:38,gogo yubari,83,Oisin Murphy,Tony Carroll,9- 6,5,0,True,0,0.028262956,0,False,https://www.racingpost.com/racecards/1079/kempton-aw/2026-01-19/910647,7/1,11/2,,,,shortening,6.5,,,,8.0,0.1,0.1563100576553491,0.7270560190703218,,,0.04106766616553491,8.0,-0.08393233383446509,-0.6714586706757207,2.520391229520069,-0.4229463744511592,0.0,0.0,0.0,NO_BET,PASS
kempton (aw),19 Jan 2026Polytrack,1m3f,Standard To Slow,2:38,king's cruiser,67,Luke Morris,Marco Botti,9- 4,4,0,True,0,0.027752971,0,False,https://www.racingpost.com/racecards/1079/kempton-aw/2026-01-19/910646,40/1,33/1,,,,shortening,34.0,,,,41.0,0.1,0.1563100576553491,0.7270560190703218,,,0.040608679665534914,41.0,0.01621843576309589,0.6649558662869315,65.49111248108092,0.08216779598061184,0.016623896657173287,0.016623896657173287,1.6623896657173287,STRONG_BET_SINGLE,STRONG BET
kempton (aw),19 Jan 2026Polytrack,1m3f,Standard To Slow,2:38,imperial decision,73,Georgia Dobie,Keiran Burke,9- 4,4,0,True,0,0.026978366,0,False,https://www.racingpost.com/racecards/1079/kempton-aw/2026-01-19/910646,25/1,22/1,14/1,,,shortening,23.0,15.0,,,26.0,0.1,0.1563100576553491,0.7270560190703218,,,0.03991153516553492,26.0,0.0014499967039964534,0.037699914303907844,25.903376659755267,0.007407338179702616,0.0015079965721563138,0.0015079965721563138,0.15079965721563138,STRONG_BET_SINGLE,STRONG BET
kempton (aw),19 Jan 2026Polytrack,1m3f,Standard To Slow,2:38,john galt,72,Daniel Muscutt,Jamie Osborne,9- 4,4,0,True,0,0.026884457,0,False,https://www.racingpost.com/racecards/1079/kempton-aw/2026-01-19/910646,25/1,28/1,33/1,30/1,25/1,stable,29.0,34.0,31.0,26.0,26.0,0.1,0.1563100576553491,0.7270560190703218,,,0.03982701706553492,26.0,0.0013654786039964534,0.03550244370390776,25.85079822538484,0.006982665991383357,0.0014200977481563105,0.0014200977481563105,0.14200977481563104,STRONG_BET_SINGLE,STRONG BET
kempton (aw),19 Jan 2026Polytrack,1m,Standard To Slow,1:08,hopjes,70,Tyrese Cameron,Harriet Dickin,9- 1,6,7,True,0,0.026867181,0,False,https://www.racingpost.com/racecards/1079/kempton-aw/2026-01-19/910651,20/1,,,,,no_data,,,,,21.0,0.1,0.1563100576553491,0.7270560190703218,,,0.039811468665534915,21.0,-0.007807578953512702,-0.16395915802376682,16.857893392048567,-0.03993319214998652,0.0,0.0,0.0,NO_BET,PASS
kempton (aw),19 Jan 2026Polytrack,6f,Standard To Slow,3:08,space bear,77,Luke Morris,Marco Botti,9- 5,3,0,True,0,0.025962656,0,False,https://www.racingpost.com/racecards/1079/kempton-aw/2026-01-19/910650,13/2,6/1,11/2,5/1,,shortening,7.0,6.5,6.0,,7.5,0.1,0.1563100576553491,0.7270560190703218,,,0.038997396165534916,7.5,-0.09433593716779842,-0.7075195287584881,2.108058708253682,-0.4873007511828966,0.0,0.0,0.0,NO_BET,PASS
kempton (aw),19 Jan 2026Polytrack,7f,Standard To Slow,4:08,dayman,69,Hollie Doyle,Dominic Ffrench Davis,8 -11,7,0,True,0,0.025664251,0,False,https://www.racingpost.com/racecards/1079/kempton-aw/2026-01-19/910649,16/1,18/1,16/1,12/1,,shortening,19.0,17.0,13.0,,17.0,0.1,0.1563100576553491,0.7270560190703218,,,0.03872883166553491,17.0,-0.020094697746229795,-0.34160986168590657,10.759154777110338,-0.10414569486408663,0.0,0.0,0.0,NO_BET,PASS
kempton (aw),19 Jan 2026Polytrack,1m3f,Standard To Slow,2:08,distorted truth,-,Pierre-Louis Jamin,K R Burke,9- 2,3,0,True,0,0.025331058,0,False,https://www.racingpost.com/racecards/1079/kempton-aw/2026-01-19/910648,3/1,11/4,,,,shortening,3.75,,,,4.0,0.1,0.1563100576553491,0.7270560190703218,,,0.038428957965534916,4.0,-0.21157104203446508,-0.8462841681378603,0.591234770483489,-1.1006170413399683,0.0,0.0,0.0,NO_BET,PASS
kempton (aw),19 Jan 2026Polytrack,1m3f,Standard To Slow,2:08,echo valley,-,Callum Hutchinson,Tom Symonds,9- 2,3,0,True,0,0.025331058,0,False,https://www.racingpost.com/racecards/1079/kempton-aw/2026-01-19/910648,22/1,20/1,22/1,25/1,,drifting,21.0,23.0,26.0,,23.0,0.1,0.1563100576553491,0.7270560190703218,,,0.038428957965534916,23.0,-0.005049302904030301,-0.11613396679269694,19.547699599110356,-0.026267057956626427,0.0,0.0,0.0,NO_BET,PASS
kempton (aw),19 Jan 2026Polytrack,1m3f,Standard To Slow,2:08,al amirah,67,Sean D Bowen,Ismail Mohammed,9- 2,3,0,True,0,0.024816934,0,False,https://www.racingpost.com/racecards/1079/kempton-aw/2026-01-19/910648,66/1,50/1,,,,shortening,51.0,,,,67.0,0.1,0.1563100576553491,0.7270560190703218,,,0.03796624636553492,67.0,0.023040873231206557,1.5437385064908393,163.959874345482,0.12056047455050714,0.023389977371073324,0.023389977371073324,2.3389977371073325,STRONG_BET_SINGLE,STRONG BET
kempton (aw),19 Jan 2026Polytrack,7f,Standard To Slow,4:08,king david,80,Luke Morris,Gay Kelleway,9- 5,5,0,True,0,0.024164924,0,False,https://www.racingpost.com/racecards/1079/kempton-aw/2026-01-19/910649,7/2,10/3,,,,stable,4.333333333333334,,,,4.5,0.1,0.1563100576553491,0.7270560190703218,,,0.03737943736553491,4.5,-0.18484278485668731,-0.8317925318550929,0.728639854312362,-0.9744477468132647,0.0,0.0,0.0,NO_BET,PASS
kempton (aw),19 Jan 2026Polytrack,6f,Standard To Slow,1:38,magna,64,Oisin Murphy,Tony Carroll,9- 9,4,0,True,0,0.023957921,0,False,https://www.racingpost.com/racecards/1079/kempton-aw/2026-01-19/910652,13/8,,,,,no_data,,,,,2.625,0.1,0.1563100576553491,0.7270560190703218,,,0.037193134665534915,2.625,-0.343759246286846,-0.9023680215029708,0.24675194032945713,-1.8165753134117217,0.0,0.0,0.0,NO_BET,PASS
kempton (aw),19 Jan 2026Polytrack,6f,Standard To Slow,3:08,uniter,82,Oisin Murphy,Andrew Balding,9- 3,3,0,True,0,0.023302248,0,False,https://www.racingpost.com/racecards/1079/kempton-aw/2026-01-19/910650,6/1,15/2,8/1,10/1,9/1,drifting,8.5,9.0,11.0,10.0,7.0,0.1,0.1563100576553491,0.7270560190703218,,,0.03660302896553491,7.0,-0.10625411389160794,-0.7437787972412556,1.727899114568073,-0.5658282190000977,0.0,0.0,0.0,NO_BET,PASS
kempton (aw),19 Jan 2026Polytrack,7f,Standard To Slow,4:08,party bear,84,Pierre-Louis Jamin,K R Burke,9- 7,4,0,True,0,0.023185551,0,False,https://www.racingpost.com/racecards/1079/kempton-aw/2026-01-19/910649,5/1,,,,,no_data,,,,,6.0,0.1,0.1563100576553491,0.7270560190703218,,,0.036498001665534914,6.0,-0.13016866500113175,-0.7810119900067904,1.2659723114384707,-0.6941376442898315,0.0,0.0,0.0,NO_BET,PASS
kempton (aw),19 Jan 2026Polytrack,1m,Standard To Slow,1:08,super hit,75,Oisin Murphy,Darryll Holland,9- 8,5,0,True,0,0.022825582,0,False,https://www.racingpost.com/racecards/1079/kempton-aw/2026-01-19/910651,7/4,,,,,no_data,,,,,2.75,0.1,0.1563100576553491,0.7270560190703218,,,0.036174029565534914,2.75,-0.32746233407082875,-0.900521418694779,0.2636701104508583,-1.7537334932072615,0.0,0.0,0.0,NO_BET,PASS
kempton (aw),19 Jan 2026Polytrack,1m,Standard To Slow,1:08,purple sky,76,Charles Bishop,Joe Ponting,9- 5,5,0,True,0,0.02272231,0,False,https://www.racingpost.com/racecards/1079/kempton-aw/2026-01-19/910651,20/1,,,,,no_data,,,,,21.0,0.1,0.1563100576553491,0.7270560190703218,,,0.03608108476553491,21.0,-0.011537962853512704,-0.24229721992376685,15.337644878665644,-0.06186842954290671,0.0,0.0,0.0,NO_BET,PASS
kempton (aw),19 Jan 2026Polytrack,7f,Standard To Slow,4:08,riot,86,Saffie Osborne,Charlie Wallis,9- 9,9,0,True,0,0.022639042,0,False,https://www.racingpost.com/racecards/1079/kempton-aw/2026-01-19/910649,25/1,28/1,25/1,,,stable,29.0,26.0,,,26.0,0.1,0.1563100576553491,0.7270560190703218,,,0.036006143565534915,26.0,-0.0024553948960035488,-0.06384026729609227,23.463758005165353,-0.01317940825688291,0.0,0.0,0.0,NO_BET,PASS
kempton (aw),19 Jan 2026Polytrack,6f,Standard To Slow,3:38,shallow,92,Saffie Osborne,Richard Spencer,9- 9,5,0,True,0,0.02128408,0,False,https://www.racingpost.com/racecards/1079/kempton-aw/2026-01-19/910647,5/2,11/4,,,,drifting,3.75,,,,3.5,0.1,0.1563100576553491,0.7270560190703218,,,0.034786677765534915,3.5,-0.2509276079487508,-0.8782466278206278,0.41131291899075406,-1.3693999751361055,0.0,0.0,0.0,NO_BET,PASS
kempton (aw),19 Jan 2026Polytrack,1m,Standard To Slow,1:08,apache green,73,Kieran O'Neill,S Woods,9- 9,4,0,True,0,0.0211467,0,False,https://www.racingpost.com/racecards/1079/kempton-aw/2026-01-19/910651,4/1,,,,,no_data,,,,,5.0,0.1,0.1563100576553491,0.7270560190703218,,,0.034663035765534915,5.0,-0.1653369642344651,-0.8266848211723254,0.836537742926304,-0.9038517296843599,0.0,0.0,0.0,NO_BET,PASS
kempton (aw),19 Jan 2026Polytrack,1m,Standard To Slow,1:08,token gesture,77,Hollie Doyle,Mark Usher,9- 7,4,0,True,0,0.021032657,0,False,https://www.racingpost.com/racecards/1079/kempton-aw/2026-01-19/910651,12/1,14/1,,,,drifting,15.0,,,,13.0,0.1,0.1563100576553491,0.7270560190703218,,,0.03456039706553492,13.0,-0.04236267985754201,-0.550714838148046,5.638849947415065,-0.23191642570157994,0.0,0.0,0.0,NO_BET,PASS
kempton (aw),19 Jan 2026Polytrack,7f,Standard To Slow,4:08,kev,77,Alec Voikhansky,Tom Ward,9- 7,4,0,True,0,0.020790633,0,False,https://www.racingpost.com/racecards/1079/kempton-aw/2026-01-19/910649,28/1,33/1,,,,drifting,34.0,,,,29.0,0.1,0.1563100576553491,0.7270560190703218,,,0.034342575465534916,29.0,-0.00014018315515473834,-0.004065311499487412,27.890220062756253,-0.0007697821884515652,0.0,0.0,0.0,NO_BET,PASS
kempton (aw),19 Jan 2026Polytrack,1m3f,Standard To Slow,2:08,helga,65,Oisin Murphy,Andrew Balding,9- 2,3,0,True,0,0.020651996,0,False,https://www.racingpost.com/racecards/1079/kempton-aw/2026-01-19/910648,4/1,11/2,6/1,13/2,7/1,drifting,6.5,7.0,7.5,8.0,5.0,0.1,0.1563100576553491,0.7270560190703218,,,0.03421780216553491,5.0,-0.1657821978344651,-0.8289109891723254,0.8261736045123808,-0.9119525446465098,0.0,0.0,0.0,NO_BET,PASS
kempton (aw),19 Jan 2026Polytrack,6f,Standard To Slow,3:38,your love,86,George Wood,Richard Spencer,9- 6,4,0,True,0,0.020187251,0,False,https://www.racingpost.com/racecards/1079/kempton-aw/2026-01-19/910647,3/1,,,,,no_data,,,,,4.0,0.1,0.1563100576553491,0.7270560190703218,,,0.03379953166553491,4.0,-0.2162004683344651,-0.8648018733378604,0.5225139731956067,-1.1963759311238045,0.0,0.0,0.0,NO_BET,PASS
kempton (aw),19 Jan 2026Polytrack,6f,Standard To Slow,3:38,cressida wildes,86,Hector Crouch,Phil McEntee,9- 7,4,0,True,0,0.019949501,0,False,https://www.racingpost.com/racecards/1079/kempton-aw/2026-01-19/910647,14/1,,,,,no_data,,,,,15.0,0.1,0.1563100576553491,0.7270560190703218,,,0.033585556665534914,15.0,-0.03308111000113175,-0.49621665001697624,7.3029525860252384,-0.18362089164648066,0.0,0.0,0.0,NO_BET,PASS
kempton (aw),19 Jan 2026Polytrack,6f,Standard To Slow,3:38,handle with care,88,Hollie Doyle,Marco Botti,9- 5,4,0,True,0,0.019721197,0,False,https://www.racingpost.com/racecards/1079/kempton-aw/2026-01-19/910647,7/2,10/3,3/1,,,shortening,4.333333333333334,4.0,,,4.5,0.1,0.1563100576553491,0.7270560190703218,,,0.033380083065534916,4.5,-0.1888421391566873,-0.8497896262050929,0.6533835256814764,-1.0513016235916086,0.0,0.0,0.0,NO_BET,PASS
kempton (aw),19 Jan 2026Polytrack,7f,Standard To Slow,4:08,saturn seven,80,George Wood,Ross Burdon,9- 1,6,0,True,0,0.01930128,0,False,https://www.racingpost.com/racecards/1079/kempton-aw/2026-01-19/910649,12/1,14/1,25/1,14/1,20/1,drifting,15.0,26.0,15.0,21.0,13.0,0.1,0.1563100576553491,0.7270560190703218,,,0.03300215776553492,13.0,-0.04392091915754201,-0.570971949048046,5.393299593871769,-0.2458597862528849,0.0,0.0,0.0,NO_BET,PASS
kempton (aw),19 Jan 2026Polytrack,1m,Standard To Slow,1:08,mbappe,79,Edward Greatrex,Mark Loughnane,9- 3,5,0,True,0,0.019039946,0,False,https://www.racingpost.com/racecards/1079/kempton-aw/2026-01-19/910651,6/1,9/2,,,,shortening,5.5,,,,7.0,0.1,0.1563100576553491,0.7270560190703218,,,0.03276695716553491,7.0,-0.11009018569160794,-0.7706312998412557,1.5529709004986985,-0.6183935986010375,0.0,0.0,0.0,NO_BET,PASS
kempton (aw),19 Jan 2026Polytrack,1m3f,Standard To Slow,2:38,siouxfonic,87,Pat Cosgrave,James Owen,9 -13,5,0,True,0,0.018990856,0,False,https://www.racingpost.com/racecards/1079/kempton-aw/2026-01-19/910646,11/4,5/2,9/4,,,shortening,3.5,3.25,,,3.75,0.1,0.1563100576553491,0.7270560190703218,,,0.032722776165534914,3.75,-0.23394389050113173,-0.8772895893792441,0.4451061949531203,-1.3149558039386589,0.0,0.0,0.0,NO_BET,PASS
kempton (aw),19 Jan 2026Polytrack,7f,Standard To Slow,4:08,i'm workin on it,79,Lewis Edmunds,Rod Millman,9- 9,4,0,True,0,0.018564424,0,False,https://www.racingpost.com/racecards/1079/kempton-aw/2026-01-19/910649,10/3,3/1,11/4,3/1,,shortening,4.0,3.75,4.0,,4.333333333333334,0.1,0.1563100576553491,0.7270560190703218,,,0.032338987365534914,4.333333333333334,-0.1984302434036958,-0.859864388082682,0.5876163285809367,-1.1217163108939439,0.0,0.0,0.0,NO_BET,PASS
kempton (aw),19 Jan 2026Polytrack,6f,Standard To Slow,3:38,court drive,88,Luke Morris,Gay Kelleway,8 -12,5,0,True,0,0.018463839,0,False,https://www.racingpost.com/racecards/1079/kempton-aw/2026-01-19/910647,6/1,,,,,no_data,,,,,7.0,0.1,0.1563100576553491,0.7270560190703218,,,0.032248460865534914,7.0,-0.11060868199160794,-0.7742607739412556,1.52921638422961,-0.6261130936506871,0.0,0.0,0.0,NO_BET,PASS
kempton (aw),19 Jan 2026Polytrack,1m3f,Standard To Slow,2:08,misty cove,77,Saffie Osborne,Gavin Cromwell,9- 2,3,0,True,0,0.018177003,0,False,https://www.racingpost.com/racecards/1079/kempton-aw/2026-01-19/910648,9/4,2/1,7/4,,,shortening,3.0,2.75,,,3.25,0.1,0.1563100576553491,0.7270560190703218,,,0.03199030846553491,3.25,-0.2757019992267728,-0.8960314974870115,0.3270881836524191,-1.5667180566885088,0.0,0.0,0.0,NO_BET,PASS
kempton (aw),19 Jan 2026Polytrack,6f,Standard To Slow,3:38,searchingtheblues,87,Tyler Heard,Mark Usher,9- 1,4,0,True,0,0.01815927,0,False,https://www.racingpost.com/racecards/1079/kempton-aw/2026-01-19/910647,14/1,,,,,no_data,,,,,15.0,0.1,0.1563100576553491,0.7270560190703218,,,0.03197434876553491,15.0,-0.03469231790113175,-0.5203847685169762,6.964197701974841,-0.19719188142747665,0.0,0.0,0.0,NO_BET,PASS
kempton (aw),19 Jan 2026Polytrack,6f,Standard To Slow,3:08,mighty vega,78,George Wood,Lemos De Souza,9- 5,3,0,True,0,0.018088821,0,False,https://www.racingpost.com/racecards/1079/kempton-aw/2026-01-19/910650,5/1,9/2,11/2,6/1,11/2,drifting,5.5,6.5,7.0,6.5,6.0,0.1,0.1563100576553491,0.7270560190703218,,,0.031910944665534915,6.0,-0.13475572200113173,-0.8085343320067905,1.112134905939171,-0.7666898780940048,0.0,0.0,0.0,NO_BET,PASS
kempton (aw),19 Jan 2026Polytrack,6f,Standard To Slow,3:08,saxon prince,78,Hector Crouch,Clive Cox,9- 2,3,0,True,0,0.01796902,0,False,https://www.racingpost.com/racecards/1079/kempton-aw/2026-01-19/910650,6/1,11/2,9/2,4/1,,shortening,6.5,5.5,5.0,,7.0,0.1,0.1563100576553491,0.7270560190703218,,,0.031803123765534916,7.0,-0.11105401909160793,-0.7773781336412555,1.5087925691301602,-0.6328744343670312,0.0,0.0,0.0,NO_BET,PASS
kempton (aw),19 Jan 2026Polytrack,1m3f,Standard To Slow,2:38,caliban,93,Oisin Murphy,Andrew Balding,9- 4,4,0,True,0,0.017827936,0,False,https://www.racingpost.com/racecards/1079/kempton-aw/2026-01-19/910646,Evs,6/5,5/4,11/8,7/4,drifting,2.2,2.25,2.375,2.75,2.2,0.1,0.1563100576553491,0.7270560190703218,,,0.03167614816553491,2.2,-0.4228693063799196,-0.9303124740358232,0.14845620584618124,-2.4145136544410994,0.0,0.0,0.0,NO_BET,PASS
kempton (aw),19 Jan 2026Polytrack,6f,Standard To Slow,3:08,up the agenda,80,Daniel Muscutt,Jack Morland,9- 9,3,0,True,0,0.01744699,0,False,https://www.racingpost.com/racecards/1079/kempton-aw/2026-01-19/910650,11/8,6/4,15/8,,,drifting,2.5,2.875,,,2.375,0.1,0.1563100576553491,0.7270560190703218,,,0.03133329676553491,2.375,-0.3897193348134124,-0.9255834201818546,0.17120154971626478,-2.2369780402334283,0.0,0.0,0.0,NO_BET,PASS
kempton (aw),19 Jan 2026Polytrack,7f,Standard To Slow,4:08,neyva's angel,80,Darragh Keenan,Martin Dunne,9- 7,4,0,True,0,0.016879063,0,False,https://www.racingpost.com/racecards/1079/kempton-aw/2026-01-19/910649,15/2,8/1,16/1,12/1,,drifting,9.0,17.0,13.0,,8.5,0.1,0.1563100576553491,0.7270560190703218,,,0.030822162465534913,8.5,-0.0868248963579945,-0.7380116190429533,2.158263326378403,-0.5023552943751916,0.0,0.0,0.0,NO_BET,PASS
kempton (aw),19 Jan 2026Polytrack,7f,Standard To Slow,4:08,exposay,79,Alexandra Egan,David Loughnane,9- 2,4,7,True,0,0.016512318,0,False,https://www.racingpost.com/racecards/1079/kempton-aw/2026-01-19/910649,33/1,,,,,no_data,,,,,34.0,0.1,0.1563100576553491,0.7270560190703218,,,0.030492091965534915,34.0,0.0010803272596525623,0.03673112682818713,34.17404688282392,0.00628327468727971,0.001113064449339004,0.001113064449339004,0.11130644493390039,STRONG_BET_SINGLE,STRONG BET
kempton (aw),19 Jan 2026Polytrack,7f,Standard To Slow,4:08,danehill star,81,William Carson,Tony Carroll,8 -10,5,0,True,0,0.016401002,0,False,https://www.racingpost.com/racecards/1079/kempton-aw/2026-01-19/910649,17/2,9/1,17/2,8/1,15/2,shortening,10.0,9.5,9.0,8.5,9.5,0.1,0.1563100576553491,0.7270560190703218,,,0.030391907565534913,9.5,-0.07487125032920192,-0.7112768781274184,2.659508616685676,-0.43615212242156504,0.0,0.0,0.0,NO_BET,PASS
kempton (aw),19 Jan 2026Polytrack,1m3f,Standard To Slow,2:38,aethelthryth,89,Harry Davies,Tom Clover,8 -13,4,0,True,0,0.016130434,0,False,https://www.racingpost.com/racecards/1079/kempton-aw/2026-01-19/910646,10/3,3/1,11/4,5/2,,shortening,4.0,3.75,3.5,,4.333333333333334,0.1,0.1563100576553491,0.7270560190703218,,,0.030148396365534912,4.333333333333334,-0.20062083440369582,-0.869356949082682,0.549052280555393,-1.1732519374419952,0.0,0.0,0.0,NO_BET,PASS
kempton (aw),19 Jan 2026Polytrack,1m3f,Standard To Slow,2:38,abando,107,Saffie Osborne,Jamie Osborne,9- 4,4,0,True,0,0.015148466,0,False,https://www.racingpost.com/racecards/1079/kempton-aw/2026-01-19/910646,11/1,10/1,9/1,7/1,,shortening,11.0,10.0,8.0,,12.0,0.1,0.1563100576553491,0.7270560190703218,,,0.029264625165534915,12.0,-0.054068708167798414,-0.648824498013581,4.090781790641614,-0.32079240859335306,0.0,0.0,0.0,NO_BET,PASS
lingfield,19 Jan 2026 SKY,2m3½f,Soft,2:20,canty bay,-,Ben Jones,Emma Lavelle,12- 2,9,0,True,0,0.039356876,0,False,https://www.racingpost.com/racecards/31/lingfield/2026-01-19/910485,17/2,9/1,17/2,8/1,13/2,shortening,10.0,9.5,9.0,7.5,9.5,0.1,0.1563100576553491,0.7270560190703218,,,0.051052194165534914,9.5,-0.05421096372920192,-0.5150041554274183,4.372239554186854,-0.24629679405241323,0.0,0.0,0.0,NO_BET,PASS
lingfield,19 Jan 2026 SKY,2m7½f,Soft,3:20,icaque de l'isle,-,Harry Bannister,Richard J Bandey,12- 0,8,0,True,0,0.03593665,0,False,https://www.racingpost.com/racecards/31/lingfield/2026-01-19/910486,9/1,17/2,8/1,,,shortening,9.5,9.0,,,10.0,0.1,0.1563100576553491,0.7270560190703218,,,0.04797399076553492,10.0,-0.052026009234465084,-0.5202600923446508,4.567248697556329,-0.24344069733326434,0.0,0.0,0.0,NO_BET,PASS
lingfield,19 Jan 2026 SKY,2m,Soft,1:20,connies hill,61,Harry Reed,Nick Scholfield,11- 1,6,0,True,0,0.022982508,0,False,https://www.racingpost.com/racecards/31/lingfield/2026-01-19/910484,80/1,100/1,150/1,100/1,,drifting,101.0,151.0,101.0,,81.0,0.1,0.1563100576553491,0.7270560190703218,,,0.03631526296553492,81.0,0.02396958395318924,1.9415363002083281,229.61180451143127,0.12812928685808767,0.0242692037526041,0.0242692037526041,2.42692037526041,STRONG_BET_SINGLE,STRONG BET
lingfield,19 Jan 2026 SKY,2m4f,Soft,3:50,jack the nipper,-,James Bowen,Warren Greatrex,11- 9,7,0,True,0,0.022677224,0,False,https://www.racingpost.com/racecards/31/lingfield/2026-01-19/910487,11/1,14/1,,,,drifting,15.0,,,,12.0,0.1,0.1563100576553491,0.7270560190703218,,,0.036040507365534914,12.0,-0.047292825967798414,-0.567513911613581,5.002788843989242,-0.25372918566185626,0.0,0.0,0.0,NO_BET,PASS
lingfield,19 Jan 2026 SKY,2m3½f,Soft,2:20,chief sunday,113,Sam Twiston-Davies,Nigel & Willy Twiston-Davies,12- 0,6,0,True,0,0.020996807,0,False,https://www.racingpost.com/racecards/31/lingfield/2026-01-19/910485,9/1,17/2,8/1,,,shortening,9.5,9.0,,,10.0,0.1,0.1563100576553491,0.7270560190703218,,,0.034528132065534914,10.0,-0.06547186793446509,-0.6547186793446509,3.3335940161599895,-0.35859016802639654,0.0,0.0,0.0,NO_BET,PASS
lingfield,19 Jan 2026 SKY,2m3½f,Soft,2:50,mac's xpress,77,Charlie Maggs,Clare Ellam,10- 5,8,5,True,0,0.020635506,0,False,https://www.racingpost.com/racecards/31/lingfield/2026-01-19/910488,66/1,,,,,no_data,,,,,67.0,0.1,0.1563100576553491,0.7270560190703218,,,0.034202961165534916,67.0,0.019277588031206556,1.2915983980908394,148.28566945395372,0.10606641902543086,0.01956967269834605,0.01956967269834605,1.956967269834605,STRONG_BET_SINGLE,STRONG BET
lingfield,19 Jan 2026 SKY,3m5f,Soft,1:50,regal blue,-,Jonjo O'Neill Jr,Jonjo & A J O'Neill,11- 7,9,0,True,0,0.020074856,0,False,https://www.racingpost.com/racecards/31/lingfield/2026-01-19/910483,25/1,22/1,25/1,22/1,20/1,shortening,23.0,26.0,23.0,21.0,26.0,0.1,0.1563100576553491,0.7270560190703218,,,0.03369837616553491,26.0,-0.004763162296003556,-0.12384221969609244,22.012449831914527,-0.026395782304865962,0.0,0.0,0.0,NO_BET,PASS
lingfield,19 Jan 2026 SKY,2m7½f,Soft,3:20,givehimthehonour,86,Jack Tudor,David Pipe,11- 3,8,0,True,0,0.019338533,0,False,https://www.racingpost.com/racecards/31/lingfield/2026-01-19/910486,18/1,25/1,,,,drifting,26.0,,,,19.0,0.1,0.1563100576553491,0.7270560190703218,,,0.03303568546553491,19.0,-0.019595893481833507,-0.37232197615483664,11.531902751439933,-0.10963978755943296,0.0,0.0,0.0,NO_BET,PASS
lingfield,19 Jan 2026 SKY,2m3½f,Soft,2:20,confinentic,114,Freddie Gordon,Chris Gordon,11 -13,6,0,True,0,0.019055972,0,False,https://www.racingpost.com/racecards/31/lingfield/2026-01-19/910485,14/1,12/1,14/1,,,stable,13.0,15.0,,,15.0,0.1,0.1563100576553491,0.7270560190703218,,,0.03278138056553491,15.0,-0.033885286101131756,-0.5082792915169764,7.134021372094308,-0.19029843331979698,0.0,0.0,0.0,NO_BET,PASS
lingfield,19 Jan 2026 SKY,2m3½f,Soft,2:20,sea warrior,105,Brendan Powell,Joe Tizzard,11- 6,7,0,True,0,0.018911118,0,False,https://www.racingpost.com/racecards/31/lingfield/2026-01-19/910485,8/1,10/1,11/1,10/1,7/1,shortening,11.0,12.0,11.0,8.0,9.0,0.1,0.1563100576553491,0.7270560190703218,,,0.03265101196553491,9.0,-0.0784600991455762,-0.7061408923101858,2.558378794036074,-0.44147787017559137,0.0,0.0,0.0,NO_BET,PASS
lingfield,19 Jan 2026 SKY,2m3½f,Soft,2:20,karton plein,112,Sean Bowen,Olly Murphy,11- 6,6,0,True,0,0.018845739,0,False,https://www.racingpost.com/racecards/31/lingfield/2026-01-19/910485,15/2,8/1,,,,drifting,9.0,,,,8.5,0.1,0.1563100576553491,0.7270560190703218,,,0.03259217086553491,8.5,-0.0850548879579945,-0.7229665476429532,2.2780368113100335,-0.4790025591442045,0.0,0.0,0.0,NO_BET,PASS
lingfield,19 Jan 2026 SKY,2m,Soft,1:20,somkiyr,53,Freddie Mitchell,Andy Irvine,11- 8,5,3,True,0,0.018536378,0,False,https://www.racingpost.com/racecards/31/lingfield/2026-01-19/910484,150/1,100/1,,,,shortening,101.0,,,,151.0,0.1,0.1563100576553491,0.7270560190703218,,,0.032313745965534914,151.0,0.025691229409243524,3.8793756407957716,712.9774151161704,0.1452860605492688,0.02586250427197181,0.02586250427197181,2.586250427197181,STRONG_BET_SINGLE,STRONG BET
lingfield,19 Jan 2026 SKY,2m3½f,Soft,2:20,galactic charm,114,Tom Cannon,Gary & Josh Moore,12- 0,5,0,True,0,0.018512202,0,False,https://www.racingpost.com/racecards/31/lingfield/2026-01-19/910485,14/1,12/1,,,,shortening,13.0,,,,15.0,0.1,0.1563100576553491,0.7270560190703218,,,0.03229198756553491,15.0,-0.034374679101131754,-0.5156201865169763,7.031073398535506,-0.1944549915927557,0.0,0.0,0.0,NO_BET,PASS
lingfield,19 Jan 2026 SKY,2m3½f,Soft,2:50,mild magic,83,Conor O'Farrell,Neil Mulholland,11- 4,6,0,True,0,0.018271461,0,False,https://www.racingpost.com/racecards/31/lingfield/2026-01-19/910488,12/1,11/1,10/1,16/1,9/1,shortening,12.0,11.0,17.0,10.0,13.0,0.1,0.1563100576553491,0.7270560190703218,,,0.03207532066553491,13.0,-0.04484775625754202,-0.5830208313480462,5.246857565385725,-0.2545273377740971,0.0,0.0,0.0,NO_BET,PASS
lingfield,19 Jan 2026 SKY,2m7½f,Soft,3:20,montmartin,108,Jonjo O'Neill Jr,Jonjo & A J O'Neill,11- 6,8,0,True,0,0.017470047,0,False,https://www.racingpost.com/racecards/31/lingfield/2026-01-19/910486,7/1,13/2,6/1,11/2,4/1,shortening,7.5,7.0,6.5,5.0,8.0,0.1,0.1563100576553491,0.7270560190703218,,,0.03135404806553491,8.0,-0.0936459519344651,-0.7491676154757207,1.9437421910680985,-0.5373529839856148,0.0,0.0,0.0,NO_BET,PASS
lingfield,19 Jan 2026 SKY,2m7½f,Soft,3:20,endersen,95,Harry Kimber,Richard Rowe,10- 3,9,0,True,0,0.017390529,0,False,https://www.racingpost.com/racecards/31/lingfield/2026-01-19/910486,12/1,11/1,16/1,,,drifting,12.0,17.0,,,13.0,0.1,0.1563100576553491,0.7270560190703218,,,0.03128248186553491,13.0,-0.04564059505754202,-0.5933277357480462,5.121357104763588,-0.2621815463276772,0.0,0.0,0.0,NO_BET,PASS
lingfield,19 Jan 2026 SKY,2m3½f,Soft,2:20,risk it all,113,Caoilin Quinn,Gary & Josh Moore,10 -13,5,0,True,0,0.017169176,0,False,https://www.racingpost.com/racecards/31/lingfield/2026-01-19/910485,9/1,,,,,no_data,,,,,10.0,0.1,0.1563100576553491,0.7270560190703218,,,0.031083264165534915,10.0,-0.06891673583446509,-0.6891673583446509,3.0117094854350484,-0.39711670924042247,0.0,0.0,0.0,NO_BET,PASS
lingfield,19 Jan 2026 SKY,2m3½f,Soft,2:20,luwdvig,113,Jack Quinlan,Neil King,10 -10,7,0,True,0,0.017148357,0,False,https://www.racingpost.com/racecards/31/lingfield/2026-01-19/910485,14/1,16/1,,,,drifting,17.0,,,,15.0,0.1,0.1563100576553491,0.7270560190703218,,,0.031064527065534912,15.0,-0.03560213960113175,-0.5340320940169763,6.772392500339151,-0.2052089498023916,0.0,0.0,0.0,NO_BET,PASS
lingfield,19 Jan 2026 SKY,2m3½f,Soft,2:50,directly,86,Sam Twiston-Davies,Samuel Drinkwater,11 -12,7,0,True,0,0.016910125,0,False,https://www.racingpost.com/racecards/31/lingfield/2026-01-19/910488,12/1,16/1,9/1,,,shortening,17.0,10.0,,,13.0,0.1,0.1563100576553491,0.7270560190703218,,,0.030850118265534916,13.0,-0.04607295865754201,-0.5989484625480461,5.052827651182825,-0.26645398019677735,0.0,0.0,0.0,NO_BET,PASS
lingfield,19 Jan 2026 SKY,2m3½f,Soft,2:20,casa loupi,116,Ben Pollard,Gary & Josh Moore,12- 0,9,10,True,0,0.016110333,0,False,https://www.racingpost.com/racecards/31/lingfield/2026-01-19/910485,5/1,13/2,5/1,,,stable,7.5,6.0,,,6.0,0.1,0.1563100576553491,0.7270560190703218,,,0.030130305465534912,6.0,-0.13653636120113175,-0.8192181672067905,1.0520089256911849,-0.7987113619826142,0.0,0.0,0.0,NO_BET,PASS
lingfield,19 Jan 2026 SKY,2m3½f,Soft,2:20,sunday soldier,120,Oscar Palmer,David Killahena & Graeme McPherson,11 -13,8,7,True,0,0.015929898,0,False,https://www.racingpost.com/racecards/31/lingfield/2026-01-19/910485,10/1,11/1,10/1,12/1,10/1,stable,12.0,11.0,13.0,11.0,11.0,0.1,0.1563100576553491,0.7270560190703218,,,0.029967913965534915,11.0,-0.060941176943556,-0.6703529463791159,3.5174504098687946,-0.35742878998074795,0.0,0.0,0.0,NO_BET,PASS
lingfield,19 Jan 2026 SKY,2m,Soft,1:20,bluey bay,-,James Best,Martin Keighley,11- 8,6,0,True,0,0.015814219,0,False,https://www.racingpost.com/racecards/31/lingfield/2026-01-19/910484,100/1,80/1,100/1,,,stable,81.0,101.0,,,101.0,0.1,0.1563100576553491,0.7270560190703218,,,0.029863802865534916,101.0,0.019962812766525014,2.0162440894190263,295.5429246243665,0.11728239443380137,0.020162440894190264,0.020162440894190264,2.0162440894190263,STRONG_BET_SINGLE,STRONG BET
lingfield,19 Jan 2026 SKY,2m,Soft,1:20,knight templar,-,Harry Bannister,Richard J Bandey,11- 8,6,0,True,0,0.015814219,0,False,https://www.racingpost.com/racecards/31/lingfield/2026-01-19/910484,33/1,,,,,no_data,,,,,34.0,0.1,0.1563100576553491,0.7270560190703218,,,0.029863802865534916,34.0,0.00045203815965256383,0.015369297428187156,33.49158130239855,0.002655743875352206,0.0004657362857026411,0.0004657362857026411,0.046573628570264106,BET_SINGLE,BET
lingfield,19 Jan 2026 SKY,2m7½f,Soft,3:20,star of diamonds,103,NON-RUNNER,Emma Lavelle,11 -11,7,0,True,0,0.015797203,0,False,https://www.racingpost.com/racecards/31/lingfield/2026-01-19/910486,-,,,,,no_data,,,,,,0.1,0.1563100576553491,0.7270560190703218,,,0.029848488465534912,0.0,0.029848488465534912,-1.0,0.0,0.0,0.0,0.0,0.0,NO_BET,PASS
lingfield,19 Jan 2026 SKY,2m4f,Soft,3:50,arctic stream,-,Ned Fox,Richard J Bandey,11- 1,9,5,True,0,0.015682694,0,False,https://www.racingpost.com/racecards/31/lingfield/2026-01-19/910487,50/1,33/1,,,,shortening,34.0,,,,51.0,0.1,0.1563100576553491,0.7270560190703218,,,0.029745430365534915,51.0,0.010137587228280013,0.5170169486422806,75.06652395828837,0.05967351597080226,0.010340338972845612,0.010340338972845612,1.0340338972845613,STRONG_BET_SINGLE,STRONG BET
lingfield,19 Jan 2026 SKY,2m3½f,Soft,2:20,godot,117,Freddie Mitchell,Andy Irvine,11- 5,9,3,True,0,0.015610693,0,False,https://www.racingpost.com/racecards/31/lingfield/2026-01-19/910485,16/1,14/1,10/1,,,shortening,15.0,11.0,,,17.0,0.1,0.1563100576553491,0.7270560190703218,,,0.029680629465534913,17.0,-0.029142899946229792,-0.4954292990859065,8.32311032331865,-0.1717271099176447,0.0,0.0,0.0,NO_BET,PASS
lingfield,19 Jan 2026 SKY,2m3½f,Soft,2:50,flagon dry,105,James Bowen,Warren Greatrex,10- 8,4,0,True,0,0.015454924,0,False,https://www.racingpost.com/racecards/31/lingfield/2026-01-19/910488,16/1,,,,,no_data,,,,,17.0,0.1,0.1563100576553491,0.7270560190703218,,,0.029540437365534914,17.0,-0.02928309204622979,-0.4978125647859064,8.28499417855268,-0.17294967498362765,0.0,0.0,0.0,NO_BET,PASS
lingfield,19 Jan 2026 SKY,2m3½f,Soft,2:20,blue sky dreaming,117,Tom Bellamy,Alan King,11- 5,5,0,True,0,0.015436375,0,False,https://www.racingpost.com/racecards/31/lingfield/2026-01-19/910485,13/2,,,,,no_data,,,,,7.5,0.1,0.1563100576553491,0.7270560190703218,,,0.02952374326553491,7.5,-0.10380959006779841,-0.7785719255084882,1.6116801665133198,-0.6132807156815514,0.0,0.0,0.0,NO_BET,PASS
lingfield,19 Jan 2026 SKY,2m3½f,Soft,2:50,bollin thou,116,Sean Bowen,Nick Scholfield,11- 7,8,0,True,0,0.015302741,0,False,https://www.racingpost.com/racecards/31/lingfield/2026-01-19/910488,4/9,8/15,4/7,8/13,4/7,drifting,1.5333333333333332,1.5714285714285714,1.6153846153846154,1.5714285714285714,1.4444444444444444,0.1,0.1563100576553491,0.7270560190703218,,,0.029403472665534912,1.4444444444444444,-0.6629042196421574,-0.957528317260894,0.05954414234401739,-3.9240280597392303,0.0,0.0,0.0,NO_BET,PASS
lingfield,19 Jan 2026 SKY,2m7½f,Soft,3:20,koenigsstern,110,James Davies,Nick Gifford,12- 0,9,0,True,0,0.014608358,0,False,https://www.racingpost.com/racecards/31/lingfield/2026-01-19/910486,9/2,4/1,9/2,,,stable,5.0,5.5,,,5.5,0.1,0.1563100576553491,0.7270560190703218,,,0.028778527965534914,5.5,-0.1530396538526469,-0.841718096189558,0.8454973098835732,-0.915399243428133,0.0,0.0,0.0,NO_BET,PASS
lingfield,19 Jan 2026 SKY Polytrack,2m,Standard To Slow,12:50,broken vow,-,Sean Bowen,Olly Murphy,10- 2,4,0,True,0,0.014580414,0,False,https://www.racingpost.com/racecards/31/lingfield/2026-01-19/910489,10/1,15/2,,,,shortening,8.5,,,,11.0,0.1,0.1563100576553491,0.7270560190703218,,,0.02875337836553491,11.0,-0.062155712543556,-0.683712837979116,3.379121213370499,-0.3719391115069127,0.0,0.0,0.0,NO_BET,PASS
lingfield,19 Jan 2026 SKY,2m,Soft,1:20,shifra,-,Sean Houlihan,Pat Phelan,10- 2,4,0,True,0,0.014580414,0,False,https://www.racingpost.com/racecards/31/lingfield/2026-01-19/910484,200/1,,,,,no_data,,,,,201.0,0.1,0.1563100576553491,0.7270560190703218,,,0.02875337836553491,201.0,0.02377825398742546,4.779429051472517,1128.2634391849715,0.14228881464549534,0.023897145257362588,0.023897145257362588,2.3897145257362586,STRONG_BET_SINGLE,STRONG BET
lingfield,19 Jan 2026 SKY,2m7½f,Soft,3:20,one last glance,111,Freddie Mitchell,Tom Gretton,11- 5,9,3,True,0,0.014523221,0,False,https://www.racingpost.com/racecards/31/lingfield/2026-01-19/910486,9/2,4/1,,,,shortening,5.0,,,,5.5,0.1,0.1563100576553491,0.7270560190703218,,,0.028701904665534912,5.5,-0.15311627715264692,-0.842139524339558,0.8433126863566902,-0.9170430711528651,0.0,0.0,0.0,NO_BET,PASS
lingfield,19 Jan 2026 SKY,2m7½f,Soft,3:20,thruthelookinglass,110,Tom Bellamy,Kim Bailey & Mat Nicholls,11 -13,9,0,True,0,0.014507301,0,False,https://www.racingpost.com/racecards/31/lingfield/2026-01-19/910486,9/2,11/2,13/2,7/1,13/2,drifting,6.5,7.5,8.0,7.5,5.5,0.1,0.1563100576553491,0.7270560190703218,,,0.02868757666553491,5.5,-0.15313060515264693,-0.842218328339558,0.8429041382204675,-0.9173511195024189,0.0,0.0,0.0,NO_BET,PASS
lingfield,19 Jan 2026 SKY,2m3½f,Soft,2:50,court one,94,James Davies,Richard Rowe,10- 5,6,0,True,0,0.01442118,0,False,https://www.racingpost.com/racecards/31/lingfield/2026-01-19/910488,13/2,6/1,13/2,,,stable,7.0,7.5,,,7.5,0.1,0.1563100576553491,0.7270560190703218,,,0.028610067765534916,7.5,-0.10472326556779842,-0.7854244917584882,1.5632736630742359,-0.6281840917459572,0.0,0.0,0.0,NO_BET,PASS
lingfield,19 Jan 2026 SKY Polytrack,2m,Standard To Slow,12:50,kings wardrobe,-,Robert Dunne,Jim Boyle,10- 3,4,0,True,0,0.014405924,0,False,https://www.racingpost.com/racecards/31/lingfield/2026-01-19/910489,33/1,28/1,33/1,40/1,33/1,stable,29.0,34.0,41.0,34.0,34.0,0.1,0.1563100576553491,0.7270560190703218,,,0.028596337365534914,34.0,-0.0008154273403474382,-0.027724529571812928,32.11204640416201,-0.0048924927913394705,0.0,0.0,0.0,NO_BET,PASS
lingfield,19 Jan 2026 SKY Polytrack,2m,Standard To Slow,12:50,moscow star,-,Gavin Sheehan,Oliver Signy,10- 3,4,0,True,0,0.014405924,0,False,https://www.racingpost.com/racecards/31/lingfield/2026-01-19/910489,12/1,11/1,10/1,11/1,10/1,shortening,12.0,11.0,12.0,11.0,13.0,0.1,0.1563100576553491,0.7270560190703218,,,0.028596337365534914,13.0,-0.04832673955754201,-0.6282476142480461,4.694581178463131,-0.2899562146315479,0.0,0.0,0.0,NO_BET,PASS
lingfield,19 Jan 2026 SKY,2m7½f,Soft,3:20,better off alone,107,Freddie Keighley,Martin Keighley,12- 0,7,7,True,0,0.014281652,0,False,https://www.racingpost.com/racecards/31/lingfield/2026-01-19/910486,9/2,4/1,,,,shortening,5.0,,,,5.5,0.1,0.1563100576553491,0.7270560190703218,,,0.028484492565534914,5.5,-0.1533336892526469,-0.8433352908895579,0.8371120690267715,-0.9217400811267926,0.0,0.0,0.0,NO_BET,PASS
lingfield,19 Jan 2026 SKY,2m7½f,Soft,3:20,felton bellevue,124,Ciaran Gethings,Ben Case,10 -11,11,0,True,0,0.014212382,0,False,https://www.racingpost.com/racecards/31/lingfield/2026-01-19/910486,10/1,9/1,10/1,11/1,12/1,drifting,10.0,11.0,12.0,13.0,11.0,0.1,0.1563100576553491,0.7270560190703218,,,0.028422149565534915,11.0,-0.06248694134355599,-0.6873563547791159,3.3413340485327225,-0.3760295751916122,0.0,0.0,0.0,NO_BET,PASS
lingfield,19 Jan 2026 SKY,2m3½f,Soft,2:20,raffles nobu,123,Freddie Keighley,Nick Scholfield,10 -12,6,7,True,0,0.013229194,0,False,https://www.racingpost.com/racecards/31/lingfield/2026-01-19/910485,10/1,12/1,14/1,,,drifting,13.0,15.0,,,11.0,0.1,0.1563100576553491,0.7270560190703218,,,0.027537280365534912,11.0,-0.063371810543556,-0.697089915979116,3.2402564052281853,-0.38725685259376,0.0,0.0,0.0,NO_BET,PASS
lingfield,19 Jan 2026 SKY,2m3½f,Soft,2:50,inion tiogair,97,Joe Anderson,Grace Harris,11- 2,9,3,True,0,0.0129470695,0,False,https://www.racingpost.com/racecards/31/lingfield/2026-01-19/910488,7/1,13/2,6/1,7/1,,stable,7.5,7.0,8.0,,8.0,0.1,0.1563100576553491,0.7270560190703218,,,0.027283368315534913,8.0,-0.0977166316844651,-0.7817330534757208,1.6984951122492018,-0.5998274334681424,0.0,0.0,0.0,NO_BET,PASS
lingfield,19 Jan 2026 SKY Polytrack,2m,Standard To Slow,12:50,itsinthename,-,Sam Twiston-Davies,Nigel & Willy Twiston-Davies,11- 2,5,0,True,0,0.01251611,0,False,https://www.racingpost.com/racecards/31/lingfield/2026-01-19/910489,7/2,10/3,7/2,10/3,7/2,stable,4.333333333333334,4.5,4.333333333333334,4.5,4.5,0.1,0.1563100576553491,0.7270560190703218,,,0.026895504765534914,4.5,-0.19532671745668728,-0.8789702285550929,0.5299857659260756,-1.2073746760690585,0.0,0.0,0.0,NO_BET,PASS
lingfield,19 Jan 2026 SKY Polytrack,2m,Standard To Slow,12:50,le cold grey,-,Harry Cobden,Paul Nicholls,11- 2,5,0,True,0,0.0124376705,0,False,https://www.racingpost.com/racecards/31/lingfield/2026-01-19/910489,10/3,7/2,4/1,7/2,10/3,stable,4.5,5.0,4.5,4.333333333333334,4.333333333333334,0.1,0.1563100576553491,0.7270560190703218,,,0.02682490921553491,4.333333333333334,-0.20394432155369582,-0.8837587267326821,0.4902001505475705,-1.2622546961744596,0.0,0.0,0.0,NO_BET,PASS
lingfield,19 Jan 2026 SKY,2m4f,Soft,3:50,stardhem,110,Ben Jones,Ben Pauling,11- 3,7,0,True,0,0.012321283,0,False,https://www.racingpost.com/racecards/31/lingfield/2026-01-19/910487,12/1,11/1,10/1,,,shortening,12.0,11.0,,,13.0,0.1,0.1563100576553491,0.7270560190703218,,,0.026720160465534916,13.0,-0.05020291645754201,-0.652637913948046,4.395046699849036,-0.31130819458513936,0.0,0.0,0.0,NO_BET,PASS
lingfield,19 Jan 2026 SKY,2m,Soft,1:20,holeheartedly,-,Harry Skelton,Dan Skelton,11- 8,5,0,True,0,0.011686161,0,False,https://www.racingpost.com/racecards/31/lingfield/2026-01-19/910484,12/1,10/1,7/1,,,shortening,11.0,8.0,,,13.0,0.1,0.1563100576553491,0.7270560190703218,,,0.02614855066553491,13.0,-0.050774526257542016,-0.6600688413480462,4.3035518698529405,-0.31818207622240735,0.0,0.0,0.0,NO_BET,PASS
lingfield,19 Jan 2026 SKY,3m5f,Soft,1:50,special john,139,Dylan Johnston,Sam Thomas,10- 2,7,0,True,0,0.011351504,0,False,https://www.racingpost.com/racecards/31/lingfield/2026-01-19/910483,17/2,8/1,15/2,6/1,9/2,shortening,9.0,8.5,7.0,5.5,9.5,0.1,0.1563100576553491,0.7270560190703218,,,0.025847359365534915,9.5,-0.07941579852920191,-0.7544500860274184,2.272429422487584,-0.5004783676277926,0.0,0.0,0.0,NO_BET,PASS
lingfield,19 Jan 2026 SKY,3m5f,Soft,1:50,catch catchfire,135,Charlie Todd,Ian Williams,10- 2,7,0,True,0,0.010964783,0,False,https://www.racingpost.com/racecards/31/lingfield/2026-01-19/910483,14/1,16/1,14/1,,,stable,17.0,15.0,,,15.0,0.1,0.1563100576553491,0.7270560190703218,,,0.025499310465534913,15.0,-0.04116735620113175,-0.6175103430169763,5.591046517046364,-0.2611546021058262,0.0,0.0,0.0,NO_BET,PASS
lingfield,19 Jan 2026 SKY,2m4f,Soft,3:50,desert halo,97,Harry Bannister,Richard J Bandey,12- 0,7,0,True,0,0.010722814,0,False,https://www.racingpost.com/racecards/31/lingfield/2026-01-19/910487,10/1,12/1,14/1,,,drifting,13.0,15.0,,,11.0,0.1,0.1563100576553491,0.7270560190703218,,,0.025281538365534914,11.0,-0.065627552543556,-0.721903077979116,2.981728244192235,-0.41806601421170664,0.0,0.0,0.0,NO_BET,PASS
lingfield,19 Jan 2026 SKY,2m,Soft,1:20,blazing gaden,-,Finn Lambert,D J Jeffreys,11- 8,5,3,True,0,0.01047765,0,False,https://www.racingpost.com/racecards/31/lingfield/2026-01-19/910484,150/1,,,,,no_data,,,,,151.0,0.1,0.1563100576553491,0.7270560190703218,,,0.025060890765534916,151.0,0.018438374209243526,2.784194505595772,557.0932422887804,0.1179602344085819,0.018561296703971816,0.018561296703971816,1.8561296703971817,STRONG_BET_SINGLE,STRONG BET
lingfield,19 Jan 2026 SKY,2m4f,Soft,3:50,gwennie may jem,109,Sean Bowen,Olly Murphy,11- 4,6,0,True,0,0.010189073,0,False,https://www.racingpost.com/racecards/31/lingfield/2026-01-19/910487,7/1,13/2,11/2,,,shortening,7.5,6.5,,,8.0,0.1,0.1563100576553491,0.7270560190703218,,,0.024801171465534913,8.0,-0.10019882853446509,-0.8015906282757207,1.5479086950062118,-0.6442878791609367,0.0,0.0,0.0,NO_BET,PASS
lingfield,19 Jan 2026 SKY,2m4f,Soft,3:50,constant friday,103,James Davies,Richard Rowe,10- 2,11,0,True,0,0.009912603,0,False,https://www.racingpost.com/racecards/31/lingfield/2026-01-19/910487,15/2,,,,,no_data,,,,,8.5,0.1,0.1563100576553491,0.7270560190703218,,,0.024552348465534914,8.5,-0.09309471035799449,-0.7913050380429533,1.7303535894886442,-0.6015566078232177,0.0,0.0,0.0,NO_BET,PASS
lingfield,19 Jan 2026 SKY,2m4f,Soft,3:50,diamond days,103,Brendan Powell,Joe Tizzard,11- 4,6,0,True,0,0.0095542045,0,False,https://www.racingpost.com/racecards/31/lingfield/2026-01-19/910487,13/2,6/1,11/2,,,shortening,7.0,6.5,,,7.5,0.1,0.1563100576553491,0.7270560190703218,,,0.024229789815534912,7.5,-0.10910354351779841,-0.8182765763834882,1.3299022744329325,-0.7095618462356093,0.0,0.0,0.0,NO_BET,PASS
lingfield,19 Jan 2026 SKY,3m5f,Soft,1:50,ali star bert,135,Murray Dodd,Shaun Harris,10- 2,10,7,True,0,0.009280869,0,False,https://www.racingpost.com/racecards/31/lingfield/2026-01-19/910483,16/1,14/1,,,,shortening,15.0,,,,17.0,0.1,0.1563100576553491,0.7270560190703218,,,0.023983787865534914,17.0,-0.03483974154622979,-0.5922756062859065,6.765075511910065,-0.2277128409992008,0.0,0.0,0.0,NO_BET,PASS
lingfield,19 Jan 2026 SKY,2m4f,Soft,3:50,lady pretender,103,Charlie Deutsch,Venetia Williams,11 -12,7,0,True,0,0.009125038,0,False,https://www.racingpost.com/racecards/31/lingfield/2026-01-19/910487,11/4,,,,,no_data,,,,,3.75,0.1,0.1563100576553491,0.7270560190703218,,,0.023843539965534913,3.75,-0.24282312670113176,-0.9105867251292441,0.3273050470422213,-1.591640434736099,0.0,0.0,0.0,NO_BET,PASS
lingfield,19 Jan 2026 SKY,3m5f,Soft,1:50,ken roy,142,NON-RUNNER,Paul Nicholls,10- 9,7,0,True,0,0.008977081,0,False,https://www.racingpost.com/racecards/31/lingfield/2026-01-19/910483,-,20/1,,,,no_data,21.0,,,,21.0,0.1,0.1563100576553491,0.7270560190703218,,,0.023710378665534913,21.0,-0.023908668953512704,-0.5020820480237669,10.20835470460069,-0.15714364317819038,0.0,0.0,0.0,NO_BET,PASS
lingfield,19 Jan 2026 SKY,2m4f,Soft,3:50,jackeline,101,Daniel Sansom,Seamus Mullins,11- 7,7,3,True,0,0.008590256,0,False,https://www.racingpost.com/racecards/31/lingfield/2026-01-19/910487,14/1,,,,,no_data,,,,,15.0,0.1,0.1563100576553491,0.7270560190703218,,,0.023362236165534914,15.0,-0.04330443050113175,-0.6495664575169763,5.133699469548155,-0.28668724422865716,0.0,0.0,0.0,NO_BET,PASS
lingfield,19 Jan 2026 SKY,2m4f,Soft,3:50,ronnies reflection,108,Jack Quinlan,Ben Case,10 -12,8,0,True,0,0.008455181,0,False,https://www.racingpost.com/racecards/31/lingfield/2026-01-19/910487,12/1,11/1,10/1,,,shortening,12.0,11.0,,,13.0,0.1,0.1563100576553491,0.7270560190703218,,,0.023240668665534914,13.0,-0.053682408257542016,-0.697871307348046,3.8363912575518224,-0.35629842006174106,0.0,0.0,0.0,NO_BET,PASS
lingfield,19 Jan 2026 SKY,3m5f,Soft,1:50,sporting ace,142,Jack Quinlan,Neil King,10- 8,10,0,True,0,0.0082058385,0,False,https://www.racingpost.com/racecards/31/lingfield/2026-01-19/910483,12/1,14/1,12/1,16/1,12/1,stable,15.0,13.0,17.0,13.0,13.0,0.1,0.1563100576553491,0.7270560190703218,,,0.023016260415534912,13.0,-0.05390681650754202,-0.7007886145980462,3.800220557071244,-0.35948654159473475,0.0,0.0,0.0,NO_BET,PASS
lingfield,19 Jan 2026 SKY,3m5f,Soft,1:50,makin'yourmindup,106,Harry Cobden,Paul Nicholls,12- 0,9,0,True,0,0.007857152,0,False,https://www.racingpost.com/racecards/31/lingfield/2026-01-19/910483,14/1,12/1,,,,shortening,13.0,,,,15.0,0.1,0.1563100576553491,0.7270560190703218,,,0.022702442565534914,15.0,-0.04396422410113175,-0.6594633615169763,4.992084375096038,-0.29515470694035584,0.0,0.0,0.0,NO_BET,PASS
lingfield,19 Jan 2026 SKY,2m,Soft,1:20,fravanco,103,Marc Goldstein,Michael Madgwick,11- 8,7,0,True,0,0.0078359675,0,False,https://www.racingpost.com/racecards/31/lingfield/2026-01-19/910484,100/1,50/1,,,,shortening,51.0,,,,101.0,0.1,0.1563100576553491,0.7270560190703218,,,0.022683376515534915,101.0,0.012782386416525014,1.2910210280690264,226.1443464839172,0.08585002946800356,0.012910210280690265,0.012910210280690265,1.2910210280690264,STRONG_BET_SINGLE,STRONG BET
lingfield,19 Jan 2026 SKY,3m5f,Soft,1:50,aworkinprogress,142,James Davies,Nick Gifford,11- 5,7,0,True,0,0.0074948617,0,False,https://www.racingpost.com/racecards/31/lingfield/2026-01-19/910483,10/1,9/1,8/1,17/2,9/1,shortening,10.0,9.0,9.5,10.0,11.0,0.1,0.1563100576553491,0.7270560190703218,,,0.022376381295534913,11.0,-0.068532709613556,-0.7538598057491159,2.646957141533862,-0.4633584992044382,0.0,0.0,0.0,NO_BET,PASS
lingfield,19 Jan 2026 SKY,2m,Soft,1:20,jamada,113,James Bowen,Olly Murphy,11- 8,6,0,True,0,0.0074717104,0,False,https://www.racingpost.com/racecards/31/lingfield/2026-01-19/910484,7/1,13/2,6/1,7/1,,stable,7.5,7.0,8.0,,8.0,0.1,0.1563100576553491,0.7270560190703218,,,0.022355545125534913,8.0,-0.10264445487446508,-0.8211556389957206,1.3987695825712054,-0.6943083524067131,0.0,0.0,0.0,NO_BET,PASS
lingfield,19 Jan 2026 SKY,3m5f,Soft,1:50,my silver lining,143,James Best,Emma Lavelle,11- 0,10,0,True,0,0.007468024,0,False,https://www.racingpost.com/racecards/31/lingfield/2026-01-19/910483,7/1,13/2,7/1,13/2,9/1,drifting,7.5,8.0,7.5,10.0,8.0,0.1,0.1563100576553491,0.7270560190703218,,,0.022352227365534914,8.0,-0.10264777263446509,-0.8211821810757207,1.3985667390293979,-0.6943811443297566,0.0,0.0,0.0,NO_BET,PASS
lingfield,19 Jan 2026 SKY,2m,Soft,1:20,hello fortune,104,James Davies,Nick Gifford,11- 8,6,0,True,0,0.0074210493,0,False,https://www.racingpost.com/racecards/31/lingfield/2026-01-19/910484,12/1,11/1,14/1,,,drifting,12.0,15.0,,,13.0,0.1,0.1563100576553491,0.7270560190703218,,,0.02230995013553491,13.0,-0.054613126787542016,-0.7099706482380461,3.6862645480219407,-0.3697831729541611,0.0,0.0,0.0,NO_BET,PASS
lingfield,19 Jan 2026 SKY,3m5f,Soft,1:50,ivane,136,Jonathan Burke,James Owen,11- 1,8,0,True,0,0.007332331,0,False,https://www.racingpost.com/racecards/31/lingfield/2026-01-19/910483,14/1,12/1,,,,shortening,13.0,,,,15.0,0.1,0.1563100576553491,0.7270560190703218,,,0.022230103665534913,15.0,-0.04443656300113175,-0.6665484450169763,4.890583385224758,-0.301405647521953,0.0,0.0,0.0,NO_BET,PASS
lingfield,19 Jan 2026 SKY,2m4f,Soft,3:50,begin the luck,108,Robbie David,Daisy Hitchins,11 -10,10,7,True,0,0.0073135607,0,False,https://www.racingpost.com/racecards/31/lingfield/2026-01-19/910487,9/2,,,,,no_data,,,,,5.5,0.1,0.1563100576553491,0.7270560190703218,,,0.022213210395534914,5.5,-0.1596049714226469,-0.877827342824558,0.657023456303623,-1.0829755878652236,0.0,0.0,0.0,NO_BET,PASS
lingfield,19 Jan 2026 SKY,3m5f,Soft,1:50,hidden history,137,Harry Skelton,Dan Skelton,11- 7,8,0,True,0,0.007226624,0,False,https://www.racingpost.com/racecards/31/lingfield/2026-01-19/910483,5/1,11/2,15/2,8/1,15/2,drifting,6.5,8.5,9.0,8.5,6.0,0.1,0.1563100576553491,0.7270560190703218,,,0.022134967365534913,6.0,-0.14453169930113174,-0.8671901958067905,0.7792203810694182,-0.9823906210243818,0.0,0.0,0.0,NO_BET,PASS
lingfield,19 Jan 2026 SKY,2m,Soft,1:20,cayman dancer,117,Caoilin Quinn,Gary & Josh Moore,10- 9,4,0,True,0,0.007190942,0,False,https://www.racingpost.com/racecards/31/lingfield/2026-01-19/910484,6/1,7/2,,,,shortening,4.5,,,,7.0,0.1,0.1563100576553491,0.7270560190703218,,,0.022102853565534913,7.0,-0.12075428929160793,-0.8452800250412555,1.0591015540599762,-0.8213566989171058,0.0,0.0,0.0,NO_BET,PASS
lingfield,19 Jan 2026 SKY,2m,Soft,1:20,zamek,113,Sean Bowen,Olly Murphy,11- 8,6,0,True,0,0.0071635214,0,False,https://www.racingpost.com/racecards/31/lingfield/2026-01-19/910484,9/4,5/2,10/3,7/2,15/4,drifting,3.5,4.333333333333334,4.5,4.75,3.25,0.1,0.1563100576553491,0.7270560190703218,,,0.022078175025534913,3.25,-0.2856141326667728,-0.9282459311670115,0.22805207731312327,-1.943775205164458,0.0,0.0,0.0,NO_BET,PASS
lingfield,19 Jan 2026 SKY,3m5f,Soft,1:50,invincible nao,136,Caoilin Quinn,Gary & Josh Moore,11- 4,8,0,True,0,0.007157355,0,False,https://www.racingpost.com/racecards/31/lingfield/2026-01-19/910483,8/1,17/2,9/1,8/1,9/1,drifting,9.5,10.0,9.0,10.0,9.0,0.1,0.1563100576553491,0.7270560190703218,,,0.022072625265534912,9.0,-0.08903848584557619,-0.8013463726101858,1.7484193828331966,-0.6060346688992818,0.0,0.0,0.0,NO_BET,PASS
lingfield,19 Jan 2026 SKY,3m5f,Soft,1:50,art decco,135,Harry Kimber,Robert Walford,11 -13,10,0,True,0,0.007119602,0,False,https://www.racingpost.com/racecards/31/lingfield/2026-01-19/910483,15/2,7/1,15/2,7/1,13/2,shortening,8.0,8.5,8.0,7.5,8.5,0.1,0.1563100576553491,0.7270560190703218,,,0.022038647565534912,8.5,-0.09560841125799449,-0.8126714956929533,1.557200318083982,-0.651242575776395,0.0,0.0,0.0,NO_BET,PASS
lingfield,19 Jan 2026 SKY,3m5f,Soft,1:50,whistle stop tour,143,Jack Tudor,Lucinda Russell & Michael Scudamore,11- 7,8,0,True,0,0.0071185604,0,False,https://www.racingpost.com/racecards/31/lingfield/2026-01-19/910483,16/1,,,,,no_data,,,,,17.0,0.1,0.1563100576553491,0.7270560190703218,,,0.02203771012553491,17.0,-0.036785819286229794,-0.6253589278659065,6.228542293349807,-0.25057408058309316,0.0,0.0,0.0,NO_BET,PASS
lingfield,19 Jan 2026 SKY,3m5f,Soft,1:50,val dancer,140,Charlie Hammond,Mel Rowley,11 -10,9,0,True,0,0.0070675625,0,False,https://www.racingpost.com/racecards/31/lingfield/2026-01-19/910483,8/1,15/2,7/1,15/2,8/1,stable,8.5,8.0,8.5,9.0,9.0,0.1,0.1563100576553491,0.7270560190703218,,,0.021991812015534913,9.0,-0.0891192990955762,-0.8020736918601858,1.742161949804471,-0.6076730969213701,0.0,0.0,0.0,NO_BET,PASS
lingfield,19 Jan 2026 SKY,3m5f,Soft,1:50,surrey quest,145,Kevin Brogan,Toby Lawes,11 -11,9,0,True,0,0.0070269043,0,False,https://www.racingpost.com/racecards/31/lingfield/2026-01-19/910483,9/1,10/1,9/1,10/1,9/1,stable,11.0,10.0,11.0,10.0,10.0,0.1,0.1563100576553491,0.7270560190703218,,,0.021955219635534914,10.0,-0.07804478036446509,-0.7804478036446508,2.1473187966290332,-0.5325931787809925,0.0,0.0,0.0,NO_BET,PASS
lingfield,19 Jan 2026 SKY,2m,Soft,1:20,gone country,96,Tabitha Worsley,Nick Gifford,11- 8,6,3,True,0,0.0069437623,0,False,https://www.racingpost.com/racecards/31/lingfield/2026-01-19/910484,100/1,,,,,no_data,,,,,101.0,0.1,0.1563100576553491,0.7270560190703218,,,0.02188039183553491,101.0,0.01197940173652501,1.209919575389026,218.318132584604,0.08188636621861299,0.01209919575389026,0.01209919575389026,1.209919575389026,STRONG_BET_SINGLE,STRONG BET
lingfield,19 Jan 2026 SKY Polytrack,2m,Standard To Slow,12:50,my mate aj,115,Ben Jones,Ben Pauling,11- 2,5,0,True,0,0.006784924,0,False,https://www.racingpost.com/racecards/31/lingfield/2026-01-19/910489,Evs,10/11,Evs,11/10,6/5,drifting,1.9090909090909092,,2.1,2.2,1.9090909090909092,0.1,0.1563100576553491,0.7270560190703218,,,0.021737437365534913,1.9090909090909092,-0.5020720864439889,-0.9585012559385242,0.07750272926777368,-3.4429775272861383,0.0,0.0,0.0,NO_BET,PASS
lingfield,19 Jan 2026 SKY,2m,Soft,1:20,kentucky river,93,Robert Dunne,Olly Murphy,10- 9,4,0,True,0,0.0064736702,0,False,https://www.racingpost.com/racecards/31/lingfield/2026-01-19/910484,12/1,,,,,no_data,,,,,13.0,0.1,0.1563100576553491,0.7270560190703218,,,0.021457308945534912,13.0,-0.05546576797754202,-0.7210549837080462,3.5484748896812817,-0.3827784810523763,0.0,0.0,0.0,NO_BET,PASS
lingfield,19 Jan 2026 SKY,2m,Soft,1:20,wondering why,113,Ben Jones,Ben Pauling,11- 8,5,0,True,0,0.006390694,0,False,https://www.racingpost.com/racecards/31/lingfield/2026-01-19/910484,3/1,11/4,3/1,11/4,,shortening,3.75,4.0,3.75,,4.0,0.1,0.1563100576553491,0.7270560190703218,,,0.021382630365534915,4.0,-0.22861736963446508,-0.9144694785378603,0.334806615746973,-1.5804188445538236,0.0,0.0,0.0,NO_BET,PASS
lingfield,19 Jan 2026 SKY,2m,Soft,1:20,trapper john,108,Jack Quinlan,Harry Eustace,11- 8,5,0,True,0,0.0062917145,0,False,https://www.racingpost.com/racecards/31/lingfield/2026-01-19/910484,28/1,33/1,,,,drifting,34.0,,,,29.0,0.1,0.1563100576553491,0.7270560190703218,,,0.021293548815534913,29.0,-0.013189209805154742,-0.3824870843494875,17.52655235286966,-0.09136261624207805,0.0,0.0,0.0,NO_BET,PASS
lingfield,19 Jan 2026 SKY,2m,Soft,1:20,sense of reason,106,Tom Cannon,Charlie Fellowes,11- 8,5,0,True,0,0.0062393313,0,False,https://www.racingpost.com/racecards/31/lingfield/2026-01-19/910484,33/1,20/1,,,,shortening,21.0,,,,34.0,0.1,0.1563100576553491,0.7270560190703218,,,0.021246403935534914,34.0,-0.008165360770347439,-0.27762226619181296,24.039013359176508,-0.05662340419640431,0.0,0.0,0.0,NO_BET,PASS
lingfield,19 Jan 2026 SKY,2m,Soft,1:20,unjeu royal,103,Stan Sheppard,Tom Lacey,11- 8,5,0,True,0,0.0061480836,0,False,https://www.racingpost.com/racecards/31/lingfield/2026-01-19/910484,11/2,5/1,11/2,5/1,,shortening,6.0,6.5,6.0,,6.5,0.1,0.1563100576553491,0.7270560190703218,,,0.021164281005534913,6.5,-0.13268187284061894,-0.862432173464023,0.8752659655860174,-0.9218386842736829,0.0,0.0,0.0,NO_BET,PASS
wolverhampton (aw),19 Jan 2026 SKY Tapeta,7f,Standard,8:00,ganthorpe,53,Billy Garritty,Michael & David Easterby,9- 9,3,0,True,0,0.09252534,0,False,https://www.racingpost.com/racecards/513/wolverhampton-aw/2026-01-19/910659,20/1,,,,,no_data,,,,,21.0,0.1,0.1563100576553491,0.7270560190703218,,,0.09890381176553492,21.0,0.051284764146487305,1.0769800470762334,39.3027348726481,0.1717893638474182,0.05384900235381167,0.05,5.0,STRONG_BET_SINGLE,STRONG BET
wolverhampton (aw),19 Jan 2026 SKY Tapeta,1m1½f,Standard,6:00,racing country,41,Paul Mulrennan,Damien Wingrove,9- 9,11,0,True,0,0.071709044,0,False,https://www.racingpost.com/racecards/513/wolverhampton-aw/2026-01-19/910657,22/1,20/1,,,,shortening,21.0,,,,23.0,0.1,0.1563100576553491,0.7270560190703218,,,0.08016914536553492,23.0,0.0366908844959697,0.8438903434073031,39.00954629985726,0.13511406731297762,0.03835865197305923,0.03835865197305923,3.8358651973059232,STRONG_BET_SINGLE,STRONG BET
wolverhampton (aw),19 Jan 2026 SKY Tapeta,5f,Standard,8:30,daley t,56,Marco Ghiani,Tony Carroll,9- 0,6,0,True,0,0.066470675,0,False,https://www.racingpost.com/racecards/513/wolverhampton-aw/2026-01-19/910658,17/2,8/1,15/2,7/1,,shortening,9.0,8.5,8.0,,9.5,0.1,0.1563100576553491,0.7270560190703218,,,0.07545461326553492,9.5,-0.02980854462920192,-0.28318117397741827,6.295949617874134,-0.11285836541314309,0.0,0.0,0.0,NO_BET,PASS
wolverhampton (aw),19 Jan 2026 SKY Tapeta,1m1½f,Standard,6:00,trusty scout,54,Cam Hardie,Derek Shaw,9- 9,8,0,True,0,0.054895777,0,False,https://www.racingpost.com/racecards/513/wolverhampton-aw/2026-01-19/910657,18/1,,,,,no_data,,,,,19.0,0.1,0.1563100576553491,0.7270560190703218,,,0.06503720506553491,19.0,0.012405626118166493,0.2357068962451634,21.95145949523025,0.05030840967680151,0.013094827569175745,0.013094827569175745,1.3094827569175744,STRONG_BET_SINGLE,STRONG BET
wolverhampton (aw),19 Jan 2026 SKY Tapeta,1m1½f,Standard,6:00,relevant range,60,Jordan Nason,Ivan Furtado,9 -13,7,3,True,0,0.053237084,0,False,https://www.racingpost.com/racecards/513/wolverhampton-aw/2026-01-19/910657,6/4,13/8,6/4,11/8,,stable,2.625,2.5,2.375,,2.5,0.1,0.1563100576553491,0.7270560190703218,,,0.0635443813655349,2.5,-0.3364556186344651,-0.8411390465861628,0.37191558101503974,-1.379258303918007,0.0,0.0,0.0,NO_BET,PASS
wolverhampton (aw),19 Jan 2026 SKY Tapeta,1m4f,Standard,5:30,eutropia,64,Finley Marsh,Adrian Wintle,9- 7,4,0,True,0,0.052098945,8,True,https://www.racingpost.com/racecards/513/wolverhampton-aw/2026-01-19/910654,5/2,10/3,,,,drifting,4.333333333333334,,,,3.5,0.1,0.1563100576553491,0.7270560190703218,,,0.06252005626553492,3.5,-0.22319422944875078,-0.7811798030706278,0.7179884106685934,-0.9219179889674376,0.0,0.0,0.0,NO_BET,PASS
wolverhampton (aw),19 Jan 2026 SKY Tapeta,7f,Standard,8:00,hardstyle,61,Billy Loughnane,George Boughey,10- 1,3,0,True,0,0.048785448,0,False,https://www.racingpost.com/racecards/513/wolverhampton-aw/2026-01-19/910659,8/15,,,,,no_data,,,,,1.5333333333333332,0.1,0.1563100576553491,0.7270560190703218,,,0.059537908965534916,1.5333333333333332,-0.5926360040779434,-0.9087085395861798,0.1316461085567029,-2.504497464663818,0.0,0.0,0.0,NO_BET,PASS
wolverhampton (aw),19 Jan 2026 SKY Tapeta,7f,Standard,8:00,electrocution,56,Joey Haynes,Chelsea Banham,9- 5,3,0,True,0,0.047560044,0,False,https://www.racingpost.com/racecards/513/wolverhampton-aw/2026-01-19/910659,28/1,33/1,40/1,50/1,,drifting,34.0,41.0,51.0,,29.0,0.1,0.1563100576553491,0.7270560190703218,,,0.05843504536553491,29.0,0.023952286744845258,0.6946163156005125,46.27214869531541,0.10211396660652894,0.02480772555716116,0.02480772555716116,2.480772555716116,STRONG_BET_SINGLE,STRONG BET
wolverhampton (aw),19 Jan 2026 SKY Tapeta,1m1½f,Standard,6:00,star of st louis,57,Kyle McHugh,Wayne Lukas,9- 9,9,7,True,0,0.04736041,0,False,https://www.racingpost.com/racecards/513/wolverhampton-aw/2026-01-19/910657,12/1,,,,,no_data,,,,,13.0,0.1,0.1563100576553491,0.7270560190703218,,,0.05825537476553491,13.0,-0.018667702157542015,-0.24268012804804617,9.271624946922076,-0.07969962679336694,0.0,0.0,0.0,NO_BET,PASS
wolverhampton (aw),19 Jan 2026 SKY Tapeta,1m1½f,Standard,6:00,spinning dancer,55,Taylor Fisher,J S Moore,9- 8,4,3,True,0,0.04634199,0,False,https://www.racingpost.com/racecards/513/wolverhampton-aw/2026-01-19/910657,16/1,20/1,,,,drifting,21.0,,,,17.0,0.1,0.1563100576553491,0.7270560190703218,,,0.05733879676553491,17.0,-0.0014847326462297944,-0.025240454985906546,15.620756094643507,-0.006386253498626017,0.0,0.0,0.0,NO_BET,PASS
wolverhampton (aw),19 Jan 2026 SKY Tapeta,1m1½f,Standard,6:00,bondi man,57,Jason Hart,Sarah Hollinshead,9- 9,7,0,True,0,0.045003746,0,False,https://www.racingpost.com/racecards/513/wolverhampton-aw/2026-01-19/910657,25/1,,,,,no_data,,,,,26.0,0.1,0.1563100576553491,0.7270560190703218,,,0.05613437716553492,26.0,0.017672838703996455,0.4594938063039078,35.81671679326214,0.07677799652483881,0.018379752252156312,0.018379752252156312,1.8379752252156312,STRONG_BET_SINGLE,STRONG BET
wolverhampton (aw),19 Jan 2026 SKY Tapeta,5f,Standard,8:30,master dandy,64,Billy Loughnane,Michael Keady,9- 9,6,0,True,0,0.043700326,0,False,https://www.racingpost.com/racecards/513/wolverhampton-aw/2026-01-19/910658,11/2,6/1,13/2,15/2,8/1,drifting,7.0,7.5,8.5,9.0,6.5,0.1,0.1563100576553491,0.7270560190703218,,,0.05496129916553491,6.5,-0.09888485468061894,-0.6427515554240231,2.1944884385918955,-0.43388684973277913,0.0,0.0,0.0,NO_BET,PASS
wolverhampton (aw),19 Jan 2026 SKY Tapeta,1m1½f,Standard,6:00,port noir,59,Robert Havlin,Robert Stephens,9- 9,9,0,True,0,0.04194862,0,False,https://www.racingpost.com/racecards/513/wolverhampton-aw/2026-01-19/910657,20/1,,,,,no_data,,,,,21.0,0.1,0.1563100576553491,0.7270560190703218,,,0.053384763765534915,21.0,0.005765716146487299,0.12108003907623321,22.285860366585727,0.025648256596062197,0.0060540019538116606,0.0060540019538116606,0.6054001953811661,STRONG_BET_SINGLE,STRONG BET
wolverhampton (aw),19 Jan 2026 SKY Tapeta,5f,Standard,8:30,colors of freedom,65,Gina Mangan,Joe Ponting,9- 3,6,0,True,0,0.040861286,0,False,https://www.racingpost.com/racecards/513/wolverhampton-aw/2026-01-19/910658,9/4,2/1,,,,shortening,3.0,,,,3.25,0.1,0.1563100576553491,0.7270560190703218,,,0.05240616316553491,3.25,-0.2552861445267728,-0.8296799697120115,0.5245311857186613,-1.1455787482040225,0.0,0.0,0.0,NO_BET,PASS
wolverhampton (aw),19 Jan 2026 SKY Tapeta,5f,Standard,8:30,she went whoosh,57,Joey Haynes,Scott Dixon,9- 0,4,0,True,0,0.0401492,0,False,https://www.racingpost.com/racecards/513/wolverhampton-aw/2026-01-19/910658,33/1,25/1,,,,shortening,26.0,,,,34.0,0.1,0.1563100576553491,0.7270560190703218,,,0.05176528576553492,34.0,0.02235352105965257,0.7600197160281874,56.74300094415043,0.10089478249895667,0.023030900485702648,0.023030900485702648,2.303090048570265,STRONG_BET_SINGLE,STRONG BET
wolverhampton (aw),19 Jan 2026 SKY Tapeta,1m1½f,Standard,6:00,boujee gold,59,Marco Ghiani,Tony Carroll,9- 9,7,0,True,0,0.039676595,0,False,https://www.racingpost.com/racecards/513/wolverhampton-aw/2026-01-19/910657,9/1,11/1,,,,drifting,12.0,,,,10.0,0.1,0.1563100576553491,0.7270560190703218,,,0.051339941265534914,10.0,-0.04866005873446509,-0.48660058734465084,4.870415169638634,-0.22049037550626133,0.0,0.0,0.0,NO_BET,PASS
wolverhampton (aw),19 Jan 2026 SKY Tapeta,6f,Standard,7:00,lucky man,80,Paul Mulrennan,Jennie Candlish,9- 7,7,0,True,0,0.038470168,0,False,https://www.racingpost.com/racecards/513/wolverhampton-aw/2026-01-19/910656,16/1,,,,,no_data,,,,,17.0,0.1,0.1563100576553491,0.7270560190703218,,,0.05025415696553491,17.0,-0.008569372446229795,-0.1456793315859065,13.793587558560086,-0.039224672131519873,0.0,0.0,0.0,NO_BET,PASS
wolverhampton (aw),19 Jan 2026 SKY Tapeta,1m1½f,Standard,6:00,al baahy,59,Billy Loughnane,Kevin Frost,9- 9,7,0,True,0,0.03489827,0,False,https://www.racingpost.com/racecards/513/wolverhampton-aw/2026-01-19/910657,9/2,4/1,7/2,,,shortening,5.0,4.5,,,5.5,0.1,0.1563100576553491,0.7270560190703218,,,0.04703944876553491,5.5,-0.13477873305264693,-0.741283031789558,1.3560088555174281,-0.6365797161420382,0.0,0.0,0.0,NO_BET,PASS
wolverhampton (aw),19 Jan 2026 SKY Tapeta,5f,Standard,8:30,mister mcgregor,63,Faye McManoman,Michael Mullineaux,9- 8,4,0,True,0,0.034238882,0,False,https://www.racingpost.com/racecards/513/wolverhampton-aw/2026-01-19/910658,8/1,12/1,14/1,16/1,33/1,drifting,13.0,15.0,17.0,34.0,9.0,0.1,0.1563100576553491,0.7270560190703218,,,0.04644599956553491,9.0,-0.06466511154557619,-0.5819860039101858,3.587390263881353,-0.30727217031772525,0.0,0.0,0.0,NO_BET,PASS
wolverhampton (aw),19 Jan 2026 SKY Tapeta,1m1½f,Standard,6:00,lady margret,62,Gina Mangan,Tony Carroll,9- 8,4,0,True,0,0.034113135,0,False,https://www.racingpost.com/racecards/513/wolverhampton-aw/2026-01-19/910657,28/1,25/1,20/1,,,shortening,26.0,21.0,,,29.0,0.1,0.1563100576553491,0.7270560190703218,,,0.04633282726553492,29.0,0.011850068644845266,0.34365199070051267,37.16050705820141,0.056373895792623425,0.012273285382161167,0.012273285382161167,1.2273285382161168,STRONG_BET_SINGLE,STRONG BET
wolverhampton (aw),19 Jan 2026 SKY Tapeta,7f,Standard,8:00,sorted,55,Jason Hart,Mark Loughnane,9- 4,3,0,True,0,0.033987053,0,False,https://www.racingpost.com/racecards/513/wolverhampton-aw/2026-01-19/910659,25/1,22/1,20/1,,,shortening,23.0,21.0,,,26.0,0.1,0.1563100576553491,0.7270560190703218,,,0.04621935346553492,26.0,0.007757815003996457,0.20170319010390791,29.800192385595697,0.03694904628965883,0.008068127604156317,0.008068127604156317,0.8068127604156317,STRONG_BET_SINGLE,STRONG BET
wolverhampton (aw),19 Jan 2026 SKY Tapeta,7f,Standard,7:30,he's a gentleman,88,Jason Hart,Hugo Palmer,9- 8,7,0,True,0,0.033582464,0,False,https://www.racingpost.com/racecards/513/wolverhampton-aw/2026-01-19/910655,5/1,11/2,5/1,11/2,7/1,drifting,6.5,6.0,6.5,8.0,6.0,0.1,0.1563100576553491,0.7270560190703218,,,0.04585522336553491,6.0,-0.12081144330113175,-0.7248686598067906,1.575090786802745,-0.5775725273763511,0.0,0.0,0.0,NO_BET,PASS
wolverhampton (aw),19 Jan 2026 SKY Tapeta,7f,Standard,8:00,fallacious promise,45,Paul Mulrennan,John Butler,9- 4,3,0,True,0,0.033582035,0,False,https://www.racingpost.com/racecards/513/wolverhampton-aw/2026-01-19/910659,12/1,10/1,,,,shortening,11.0,,,,13.0,0.1,0.1563100576553491,0.7270560190703218,,,0.045854837265534916,13.0,-0.03106823965754201,-0.4038871155480461,7.394116926865772,-0.14853091002317212,0.0,0.0,0.0,NO_BET,PASS
wolverhampton (aw),19 Jan 2026 SKY Tapeta,1m1½f,Standard,6:00,dors delight,60,Callum Shepherd,Dean Ivory,9- 9,5,0,True,0,0.03349011,0,False,https://www.racingpost.com/racecards/513/wolverhampton-aw/2026-01-19/910657,16/1,14/1,,,,shortening,15.0,,,,17.0,0.1,0.1563100576553491,0.7270560190703218,,,0.04577210476553491,17.0,-0.013051424646229798,-0.22187421898590654,12.622658546160796,-0.06244985358320253,0.0,0.0,0.0,NO_BET,PASS
wolverhampton (aw),19 Jan 2026 SKY Tapeta,5f,Standard,8:30,second collection,59,Matthew Lloyd Slater,Tony Carroll,9- 0,10,7,True,0,0.032864958,0,False,https://www.racingpost.com/racecards/513/wolverhampton-aw/2026-01-19/910658,12/1,8/1,,,,shortening,9.0,,,,13.0,0.1,0.1563100576553491,0.7270560190703218,,,0.04520946796553491,13.0,-0.031713608957542015,-0.4122769164480461,7.294981663235584,-0.15264300841019085,0.0,0.0,0.0,NO_BET,PASS
wolverhampton (aw),19 Jan 2026 SKY Tapeta,7f,Standard,7:30,beauty choice,86,Joanna Mason,Michael & David Easterby,9- 5,9,0,True,0,0.032759555,0,False,https://www.racingpost.com/racecards/513/wolverhampton-aw/2026-01-19/910655,28/1,30/1,33/1,20/1,,shortening,31.0,34.0,21.0,,29.0,0.1,0.1563100576553491,0.7270560190703218,,,0.045114605265534916,29.0,0.010631846644845261,0.3083235527005126,36.22967250976398,0.05122411895868822,0.011011555453589736,0.011011555453589736,1.1011555453589736,STRONG_BET_SINGLE,STRONG BET
wolverhampton (aw),19 Jan 2026 SKY Tapeta,7f,Standard,8:00,backfire,58,Mikkel Mortensen,Scott Dixon,9- 5,3,5,True,0,0.03268208,0,False,https://www.racingpost.com/racecards/513/wolverhampton-aw/2026-01-19/910659,18/1,16/1,,,,shortening,17.0,,,,19.0,0.1,0.1563100576553491,0.7270560190703218,,,0.04504487776553492,19.0,-0.007586701181833501,-0.14414732245483652,15.52871706769688,-0.03657958644085627,0.0,0.0,0.0,NO_BET,PASS
wolverhampton (aw),19 Jan 2026 SKY Tapeta,7f,Standard,8:00,miss ayala,58,George Bass,Mark Usher,9- 4,3,0,True,0,0.032137148,0,False,https://www.racingpost.com/racecards/513/wolverhampton-aw/2026-01-19/910659,10/1,8/1,,,,shortening,9.0,,,,11.0,0.1,0.1563100576553491,0.7270560190703218,,,0.04455443896553491,11.0,-0.046354651943556,-0.509901171379116,5.150890253014161,-0.22466988411563035,0.0,0.0,0.0,NO_BET,PASS
wolverhampton (aw),19 Jan 2026 SKY Tapeta,6f,Standard,7:00,water of leith,78,Robert Havlin,Jim Goldie,9- 2,8,0,True,0,0.03069967,0,False,https://www.racingpost.com/racecards/513/wolverhampton-aw/2026-01-19/910656,9/2,3/1,,,,shortening,4.0,,,,5.5,0.1,0.1563100576553491,0.7270560190703218,,,0.04326070876553491,5.5,-0.13855747305264693,-0.762066101789558,1.252023900239814,-0.6810615055612377,0.0,0.0,0.0,NO_BET,PASS
wolverhampton (aw),19 Jan 2026 SKY Tapeta,6f,Standard,6:30,appetiser,61,Callum Shepherd,Eve Johnson Houghton,9 -11,4,0,True,0,0.030556953,0,False,https://www.racingpost.com/racecards/513/wolverhampton-aw/2026-01-19/910653,16/1,14/1,,,,shortening,15.0,,,,17.0,0.1,0.1563100576553491,0.7270560190703218,,,0.04313226346553491,17.0,-0.015691265946229792,-0.2667515210859065,11.927570809709758,-0.07723797922427074,0.0,0.0,0.0,NO_BET,PASS
wolverhampton (aw),19 Jan 2026 SKY Tapeta,5f,Standard,8:30,sultan of oj,62,Robert Havlin,Thomas Faulkner,9- 1,4,0,True,0,0.0300533,0,False,https://www.racingpost.com/racecards/513/wolverhampton-aw/2026-01-19/910658,9/4,2/1,15/8,7/4,,shortening,3.0,2.875,2.75,,3.25,0.1,0.1563100576553491,0.7270560190703218,,,0.042678975765534914,3.25,-0.2650133319267728,-0.8612933287620115,0.43155714087753905,-1.311088263634098,0.0,0.0,0.0,NO_BET,PASS
wolverhampton (aw),19 Jan 2026 SKY Tapeta,1m1½f,Standard,6:00,al shabab,62,Sean Levey,David Evans,9- 9,5,0,True,0,0.02995988,0,False,https://www.racingpost.com/racecards/513/wolverhampton-aw/2026-01-19/910657,4/1,11/2,4/1,5/1,,drifting,6.5,5.0,6.0,,5.0,0.1,0.1563100576553491,0.7270560190703218,,,0.04259489776553492,5.0,-0.15740510223446508,-0.7870255111723254,1.0195143112469638,-0.7794569734816171,0.0,0.0,0.0,NO_BET,PASS
wolverhampton (aw),19 Jan 2026 SKY Tapeta,7f,Standard,8:00,resalah,66,Jack Dace,Nikki Evans,9- 7,3,5,True,0,0.029856747,0,False,https://www.racingpost.com/racecards/513/wolverhampton-aw/2026-01-19/910659,33/1,28/1,33/1,,,stable,29.0,34.0,,,34.0,0.1,0.1563100576553491,0.7270560190703218,,,0.04250207806553491,34.0,0.013090313359652557,0.44507065422818703,47.04417304804688,0.06488974097719635,0.013486989522066273,0.013486989522066273,1.3486989522066273,STRONG_BET_SINGLE,STRONG BET
wolverhampton (aw),19 Jan 2026 SKY Tapeta,5f,Standard,8:30,rogue endeavour,63,Finley Marsh,Grace Harris,9- 0,4,0,True,0,0.029482089,0,False,https://www.racingpost.com/racecards/513/wolverhampton-aw/2026-01-19/910658,11/1,10/1,,,,shortening,11.0,,,,12.0,0.1,0.1563100576553491,0.7270560190703218,,,0.042164885865534914,12.0,-0.041168447467798415,-0.494021369613581,5.815729190229312,-0.20485362228357917,0.0,0.0,0.0,NO_BET,PASS
wolverhampton (aw),19 Jan 2026 SKY Tapeta,6f,Standard,6:30,alasrae,70,Billy Loughnane,George Boughey,9- 0,3,0,True,0,0.029304681,0,False,https://www.racingpost.com/racecards/513/wolverhampton-aw/2026-01-19/910653,7/4,6/4,,,,shortening,2.5,,,,2.75,0.1,0.1563100576553491,0.7270560190703218,,,0.042005218665534916,2.75,-0.32163114497082873,-0.884485648669779,0.30432090079486596,-1.603337315183665,0.0,0.0,0.0,NO_BET,PASS
wolverhampton (aw),19 Jan 2026 SKY Tapeta,1m4f,Standard,5:30,blue siam,63,Jason Hart,Hugo Palmer,9- 4,4,0,True,0,0.02789133,0,False,https://www.racingpost.com/racecards/513/wolverhampton-aw/2026-01-19/910654,11/2,5/1,9/2,,,shortening,6.0,5.5,,,6.5,0.1,0.1563100576553491,0.7270560190703218,,,0.04073320276553491,6.5,-0.11311295108061895,-0.7352341820240231,1.6508768784753618,-0.5722270020253495,0.0,0.0,0.0,NO_BET,PASS
wolverhampton (aw),19 Jan 2026 SKY Tapeta,6f,Standard,6:30,jubilee time,-,Taylor Fisher,Mark Usher,9 -12,4,3,True,0,0.027789097,0,False,https://www.racingpost.com/racecards/513/wolverhampton-aw/2026-01-19/910653,33/1,40/1,33/1,,,stable,41.0,34.0,,,34.0,0.1,0.1563100576553491,0.7270560190703218,,,0.04064119306553492,34.0,0.011229428359652564,0.3818005642281872,45.071846384457025,0.05687008680253244,0.011569714067520824,0.011569714067520824,1.1569714067520824,STRONG_BET_SINGLE,STRONG BET
wolverhampton (aw),19 Jan 2026 SKY Tapeta,6f,Standard,7:00,brian the snail,81,James Sullivan,Patrick Morris,9- 5,12,0,True,0,0.027511492,0,False,https://www.racingpost.com/racecards/513/wolverhampton-aw/2026-01-19/910656,11/1,16/1,25/1,,,drifting,17.0,26.0,,,12.0,0.1,0.1563100576553491,0.7270560190703218,,,0.04039134856553491,12.0,-0.04294198476779842,-0.5153038172135811,5.581423803829301,-0.2181176748724167,0.0,0.0,0.0,NO_BET,PASS
wolverhampton (aw),19 Jan 2026 SKY Tapeta,5f,Standard,8:30,blue dandy,-,NON-RUNNER,Gary Harrison,9- 1,4,0,True,0,0.027346142,0,False,https://www.racingpost.com/racecards/513/wolverhampton-aw/2026-01-19/910658,-,,,,,no_data,,,,,,0.1,0.1563100576553491,0.7270560190703218,,,0.040242533565534915,0.0,0.040242533565534915,-1.0,0.0,0.0,0.0,0.0,0.0,NO_BET,PASS
wolverhampton (aw),19 Jan 2026 SKY Tapeta,6f,Standard,7:00,wodao,80,Callum Shepherd,Jamie Osborne,9- 8,6,0,True,0,0.026747322,0,False,https://www.racingpost.com/racecards/513/wolverhampton-aw/2026-01-19/910656,20/1,,,,,no_data,,,,,21.0,0.1,0.1563100576553491,0.7270560190703218,,,0.03970359556553492,21.0,-0.007915452053512698,-0.16622449312376675,16.81410404853418,-0.040537611107811684,0.0,0.0,0.0,NO_BET,PASS
wolverhampton (aw),19 Jan 2026 SKY Tapeta,7f,Standard,8:00,blue mountains,55,Jack Nicholls,Marco Botti,9- 0,3,5,True,0,0.026598211,0,False,https://www.racingpost.com/racecards/513/wolverhampton-aw/2026-01-19/910659,10/1,9/1,6/1,,,shortening,10.0,7.0,,,11.0,0.1,0.1563100576553491,0.7270560190703218,,,0.03956939566553491,11.0,-0.051339695243556,-0.564736647679116,4.59844268965611,-0.2633544022025386,0.0,0.0,0.0,NO_BET,PASS
wolverhampton (aw),19 Jan 2026 SKY Tapeta,6f,Standard,6:30,exhibition match,34,Nicola Currie,Ollie Sangster,8- 9,3,0,True,0,0.02630527,0,False,https://www.racingpost.com/racecards/513/wolverhampton-aw/2026-01-19/910653,50/1,33/1,,,,shortening,34.0,,,,51.0,0.1,0.1563100576553491,0.7270560190703218,,,0.039305748765534915,51.0,0.019697905628280013,1.0045931870422806,98.21585869361998,0.10136765960290982,0.020091863740845612,0.020091863740845612,2.0091863740845612,STRONG_BET_SINGLE,STRONG BET
wolverhampton (aw),19 Jan 2026 SKY Tapeta,6f,Standard,6:30,fuseboard,32,Joey Haynes,Chelsea Banham,8 -12,3,0,True,0,0.025936263,0,False,https://www.racingpost.com/racecards/513/wolverhampton-aw/2026-01-19/910653,80/1,66/1,,,,shortening,67.0,,,,81.0,0.1,0.1563100576553491,0.7270560190703218,,,0.03897364246553492,81.0,0.02662796345318924,2.1568650397083284,245.74027133744195,0.13758934537213097,0.026960812996354104,0.026960812996354104,2.69608129963541,STRONG_BET_SINGLE,STRONG BET
wolverhampton (aw),19 Jan 2026 SKY Tapeta,1m4f,Standard,5:30,pomeriggio,57,Jack Dace,Nikki Evans,9- 4,5,5,True,0,0.02572473,0,False,https://www.racingpost.com/racecards/513/wolverhampton-aw/2026-01-19/910654,50/1,,,,,no_data,,,,,51.0,0.1,0.1563100576553491,0.7270560190703218,,,0.03878326276553491,51.0,0.01917541962828001,0.9779464010422805,96.9629944877602,0.09931435882781303,0.01955892802084561,0.01955892802084561,1.955892802084561,STRONG_BET_SINGLE,STRONG BET
wolverhampton (aw),19 Jan 2026 SKY Tapeta,7f,Standard,7:30,anthropologist,87,Dylan Hogan,Michael Herrington,9- 4,4,0,True,0,0.024976864,0,False,https://www.racingpost.com/racecards/513/wolverhampton-aw/2026-01-19/910655,33/1,40/1,33/1,20/1,,shortening,41.0,34.0,21.0,,34.0,0.1,0.1563100576553491,0.7270560190703218,,,0.038110183365534914,34.0,0.008698418659652561,0.29574623442818715,42.37641366652354,0.045431505017388546,0.00896200710388446,0.00896200710388446,0.896200710388446,STRONG_BET_SINGLE,STRONG BET
wolverhampton (aw),19 Jan 2026 SKY Tapeta,7f,Standard,7:30,chifa,86,Callum Shepherd,Ed de Giles,9- 5,9,0,True,0,0.024815347,0,False,https://www.racingpost.com/racecards/513/wolverhampton-aw/2026-01-19/910655,7/2,3/1,,,,shortening,4.0,,,,4.5,0.1,0.1563100576553491,0.7270560190703218,,,0.037964818065534915,4.5,-0.1842574041566873,-0.8291583187050928,0.7396006857594114,-0.9641371329142782,0.0,0.0,0.0,NO_BET,PASS
wolverhampton (aw),19 Jan 2026 SKY Tapeta,1m4f,Standard,5:30,tenadaay,60,Gina Mangan,Fergal O'Brien,9- 7,4,0,True,0,0.024678383,0,False,https://www.racingpost.com/racecards/513/wolverhampton-aw/2026-01-19/910654,14/1,18/1,16/1,,,drifting,19.0,17.0,,,15.0,0.1,0.1563100576553491,0.7270560190703218,,,0.03784155046553492,15.0,-0.028825116201131748,-0.43237674301697626,8.19215269287734,-0.15106480921224655,0.0,0.0,0.0,NO_BET,PASS
wolverhampton (aw),19 Jan 2026 SKY Tapeta,7f,Standard,7:30,vince lombardi,87,Dale Swift,Seb Spencer,9- 4,7,0,True,0,0.02452281,0,False,https://www.racingpost.com/racecards/513/wolverhampton-aw/2026-01-19/910655,14/1,12/1,10/1,,,shortening,13.0,11.0,,,15.0,0.1,0.1563100576553491,0.7270560190703218,,,0.03770153476553491,15.0,-0.028965131901131758,-0.4344769785169764,8.163029034418066,-0.15206914318704903,0.0,0.0,0.0,NO_BET,PASS
wolverhampton (aw),19 Jan 2026 SKY Tapeta,1m4f,Standard,5:30,galactic glow,65,Taylor Fisher,Joe Tickle,9- 9,9,3,True,0,0.024508001,0,False,https://www.racingpost.com/racecards/513/wolverhampton-aw/2026-01-19/910654,10/1,11/1,10/1,8/1,15/2,shortening,12.0,11.0,9.0,8.5,11.0,0.1,0.1563100576553491,0.7270560190703218,,,0.037688206665534914,11.0,-0.053220884243556,-0.585429726679116,4.3884044950083725,-0.2794611523008889,0.0,0.0,0.0,NO_BET,PASS
wolverhampton (aw),19 Jan 2026 SKY Tapeta,1m4f,Standard,5:30,rampant,64,Faye McManoman,Patrick Morris,9- 0,6,0,True,0,0.024486708,0,False,https://www.racingpost.com/racecards/513/wolverhampton-aw/2026-01-19/910654,20/1,18/1,16/1,,,shortening,19.0,17.0,,,21.0,0.1,0.1563100576553491,0.7270560190703218,,,0.037669042965534916,21.0,-0.0099500046535127,-0.20895009772376683,15.986287999909658,-0.05225992260776468,0.0,0.0,0.0,NO_BET,PASS
wolverhampton (aw),19 Jan 2026 SKY Tapeta,6f,Standard,6:30,lucky sevens,-,Mason Paetel,James Owen,8 -12,3,5,True,0,0.0243857,0,False,https://www.racingpost.com/racecards/513/wolverhampton-aw/2026-01-19/910653,11/2,5/1,,,,shortening,6.0,,,,6.5,0.1,0.1563100576553491,0.7270560190703218,,,0.03757813576553491,6.5,-0.11626801808061894,-0.7557421175240231,1.5280143229422016,-0.6113781501570644,0.0,0.0,0.0,NO_BET,PASS
wolverhampton (aw),19 Jan 2026 SKY Tapeta,1m4f,Standard,5:30,staffordshire,61,Paul Mulrennan,Jennie Candlish,9- 5,4,0,True,0,0.024127614,0,False,https://www.racingpost.com/racecards/513/wolverhampton-aw/2026-01-19/910654,12/1,14/1,12/1,,,stable,15.0,13.0,,,13.0,0.1,0.1563100576553491,0.7270560190703218,,,0.03734585836553492,13.0,-0.03957721855754201,-0.514503841248046,6.075743543612498,-0.20873193756553426,0.0,0.0,0.0,NO_BET,PASS
wolverhampton (aw),19 Jan 2026 SKY Tapeta,7f,Standard,8:00,maynora,64,Sean Kirrane,Craig Lidster,9- 8,3,0,True,0,0.02285628,0,False,https://www.racingpost.com/racecards/513/wolverhampton-aw/2026-01-19/910659,12/1,14/1,16/1,,,drifting,15.0,17.0,,,13.0,0.1,0.1563100576553491,0.7270560190703218,,,0.03620165776553491,13.0,-0.040721419157542016,-0.5293784490480462,5.896595518154978,-0.2180045652173941,0.0,0.0,0.0,NO_BET,PASS
wolverhampton (aw),19 Jan 2026 SKY Tapeta,1m4f,Standard,5:30,ice opera,65,Billy Loughnane,Grace Harris,9- 7,5,0,True,0,0.022462372,0,False,https://www.racingpost.com/racecards/513/wolverhampton-aw/2026-01-19/910654,2/1,15/8,,,,stable,2.875,,,,3.0,0.1,0.1563100576553491,0.7270560190703218,,,0.03584714056553491,3.0,-0.2974861927677984,-0.8924585783033953,0.31105910770928713,-1.6001717811305163,0.0,0.0,0.0,NO_BET,PASS
wolverhampton (aw),19 Jan 2026 SKY Tapeta,1m4f,Standard,5:30,late claim,67,Marco Ghiani,John Mackie,9- 3,5,0,True,0,0.022253372,0,False,https://www.racingpost.com/racecards/513/wolverhampton-aw/2026-01-19/910654,6/1,11/2,,,,shortening,6.5,,,,7.0,0.1,0.1563100576553491,0.7270560190703218,,,0.035659040565534914,7.0,-0.10719810229160794,-0.7503867160412556,1.684986196182542,-0.5780786946015769,0.0,0.0,0.0,NO_BET,PASS
wolverhampton (aw),19 Jan 2026 SKY Tapeta,6f,Standard,7:00,brave empire,80,Jason Hart,Ivan Furtado,9- 9,5,0,True,0,0.022178443,0,False,https://www.racingpost.com/racecards/513/wolverhampton-aw/2026-01-19/910656,11/2,,,,,no_data,,,,,6.5,0.1,0.1563100576553491,0.7270560190703218,,,0.035591604465534915,6.5,-0.11825454938061894,-0.7686545709740231,1.4502245811376366,-0.6382834489958288,0.0,0.0,0.0,NO_BET,PASS
wolverhampton (aw),19 Jan 2026 SKY Tapeta,6f,Standard,7:00,phoenix of dreams,80,Sean Levey,John & Sean Quinn,9- 6,5,0,True,0,0.022020852,0,False,https://www.racingpost.com/racecards/513/wolverhampton-aw/2026-01-19/910656,14/1,,,,,no_data,,,,,15.0,0.1,0.1563100576553491,0.7270560190703218,,,0.035449772565534915,15.0,-0.03121689410113175,-0.4682534115169763,7.6934443928820215,-0.1688186957142581,0.0,0.0,0.0,NO_BET,PASS
wolverhampton (aw),19 Jan 2026 SKY Tapeta,6f,Standard,7:00,addarella,80,Marco Ghiani,Marco Botti,9- 5,4,0,True,0,0.020782625,0,False,https://www.racingpost.com/racecards/513/wolverhampton-aw/2026-01-19/910656,9/1,8/1,,,,shortening,9.0,,,,10.0,0.1,0.1563100576553491,0.7270560190703218,,,0.03433536826553491,10.0,-0.0656646317344651,-0.6566463173446508,3.315645075160501,-0.36061807886064534,0.0,0.0,0.0,NO_BET,PASS
wolverhampton (aw),19 Jan 2026 SKY Tapeta,6f,Standard,7:00,zoulu warrior,80,Billy Loughnane,Heather Main,9- 8,4,0,True,0,0.020709913,0,False,https://www.racingpost.com/racecards/513/wolverhampton-aw/2026-01-19/910656,5/2,9/4,,,,shortening,3.25,,,,3.5,0.1,0.1563100576553491,0.7270560190703218,,,0.034269927465534915,3.5,-0.2514443582487508,-0.8800552538706278,0.40541986932876317,-1.3821571518886226,0.0,0.0,0.0,NO_BET,PASS
wolverhampton (aw),19 Jan 2026 SKY Tapeta,7f,Standard,7:30,lodge,79,Billy Loughnane,Brian Meehan,9- 7,4,0,True,0,0.020189086,0,False,https://www.racingpost.com/racecards/513/wolverhampton-aw/2026-01-19/910655,4/1,7/2,10/3,5/2,,shortening,4.5,4.333333333333334,3.5,,5.0,0.1,0.1563100576553491,0.7270560190703218,,,0.03380118316553491,5.0,-0.1661988168344651,-0.8309940841723255,0.8164665795536218,-0.9196630245491038,0.0,0.0,0.0,NO_BET,PASS
wolverhampton (aw),19 Jan 2026 SKY Tapeta,6f,Standard,6:30,adalida,73,Marco Ghiani,Stuart Williams,8- 9,3,0,True,0,0.019946398,0,False,https://www.racingpost.com/racecards/513/wolverhampton-aw/2026-01-19/910653,5/1,11/2,5/1,,,stable,6.5,6.0,,,6.0,0.1,0.1563100576553491,0.7270560190703218,,,0.03358276396553492,6.0,-0.13308390270113174,-0.7985034162067906,1.1683786294789233,-0.7387287071171619,0.0,0.0,0.0,NO_BET,PASS
wolverhampton (aw),19 Jan 2026 SKY Tapeta,6f,Standard,6:30,coul britannia,-,Jack Dace,Jamie Osborne,8- 5,3,5,True,0,0.01949291,0,False,https://www.racingpost.com/racecards/513/wolverhampton-aw/2026-01-19/910653,14/1,12/1,11/1,,,shortening,13.0,12.0,,,15.0,0.1,0.1563100576553491,0.7270560190703218,,,0.03317462476553491,15.0,-0.03349204190113175,-0.5023806285169763,7.216665533370196,-0.18700989916255195,0.0,0.0,0.0,NO_BET,PASS
wolverhampton (aw),19 Jan 2026 SKY Tapeta,7f,Standard,7:30,arantes nascimento,86,Sean Levey,Michael Attwater,9- 5,5,0,True,0,0.019410837,0,False,https://www.racingpost.com/racecards/513/wolverhampton-aw/2026-01-19/910655,13/2,11/2,,,,shortening,6.5,,,,7.5,0.1,0.1563100576553491,0.7270560190703218,,,0.03310075906553492,7.5,-0.10023257426779841,-0.7517443070084882,1.8002868083336432,-0.5602724894957695,0.0,0.0,0.0,NO_BET,PASS
wolverhampton (aw),19 Jan 2026 SKY Tapeta,6f,Standard,7:00,early release,82,Ryan Kavanagh,David Evans,9- 3,4,5,True,0,0.019267876,0,False,https://www.racingpost.com/racecards/513/wolverhampton-aw/2026-01-19/910656,11/1,10/1,11/1,14/1,18/1,drifting,11.0,12.0,15.0,19.0,12.0,0.1,0.1563100576553491,0.7270560190703218,,,0.03297209416553491,12.0,-0.050361239167798416,-0.6043348700135811,4.591430664749858,-0.2820354102355182,0.0,0.0,0.0,NO_BET,PASS
wolverhampton (aw),19 Jan 2026 SKY Tapeta,6f,Standard,6:30,arishka's dream,67,Dylan Hogan,Daniel & Claire Kubler,8 -10,3,0,True,0,0.01925553,0,False,https://www.racingpost.com/racecards/513/wolverhampton-aw/2026-01-19/910653,15/8,3/1,11/4,5/2,,drifting,4.0,3.75,3.5,,2.875,0.1,0.1563100576553491,0.7270560190703218,,,0.03296098276553491,2.875,-0.3148651041909868,-0.9052371745490871,0.2634631300839343,-1.7636096107502095,0.0,0.0,0.0,NO_BET,PASS
wolverhampton (aw),19 Jan 2026 SKY Tapeta,7f,Standard,7:30,ash wednesday,90,Marco Ghiani,Heather Main,9- 8,5,0,True,0,0.0188621,0,False,https://www.racingpost.com/racecards/513/wolverhampton-aw/2026-01-19/910655,15/2,8/1,9/1,11/1,12/1,drifting,9.0,10.0,12.0,13.0,8.5,0.1,0.1563100576553491,0.7270560190703218,,,0.03260689576553491,8.5,-0.0850401630579945,-0.7228413859929532,2.27903132174159,-0.4788151276232559,0.0,0.0,0.0,NO_BET,PASS
wolverhampton (aw),19 Jan 2026 SKY Tapeta,6f,Standard,7:00,amerjeet,81,Dylan Hogan,Michael Herrington,8 -11,4,0,True,0,0.018228432,0,False,https://www.racingpost.com/racecards/513/wolverhampton-aw/2026-01-19/910656,7/1,5/1,,,,shortening,6.0,,,,8.0,0.1,0.1563100576553491,0.7270560190703218,,,0.03203659456553491,8.0,-0.09296340543446509,-0.7437072434757207,1.984656075147421,-0.5279093845593347,0.0,0.0,0.0,NO_BET,PASS
wolverhampton (aw),19 Jan 2026 SKY Tapeta,7f,Standard,7:30,star of mali,88,Robert Havlin,James Tate,9- 6,4,0,True,0,0.017883763,0,False,https://www.racingpost.com/racecards/513/wolverhampton-aw/2026-01-19/910655,3/1,10/3,4/1,11/2,,drifting,4.333333333333334,5.0,6.5,,4.0,0.1,0.1563100576553491,0.7270560190703218,,,0.031726392465534915,4.0,-0.2182736075344651,-0.8730944301378604,0.4915172557865244,-1.24535116975292,0.0,0.0,0.0,NO_BET,PASS
