track_name,race_date,race_time,going,distance,horse_name,jockey,claims,trainer,race_position,lost_by_length,age,weight,rating,first_place_found,J_Name,T_Name,track_stripped,j_t,jt_wins,jt_runs,wilson_score,performance_on_Good,performance_on_Good to Yielding,performance_on_Yielding,performance_on_Soft,performance_on_Good to Firm,performance_on_Yielding to Soft,performance_on_Soft to Heavy,performance_on_Standard,performance_on_Heavy,EMA_Form,recent_win_rate,career_wins,career_races,career_win_rate,days_since_last,track_win_rate,track_avg_distance,weight_percentile,is_young_horse,is_prime_age,is_veteran,rating_clean,win_probability,predicted_winner,prediction_confidence,probability_rank,track_rank
Downpatrick Racing Results | 15th June 2025 14:05,,14:05,Yielding to Soft,4800.0,Full Confession (IRE),K Callaghan,2,W P Mullins,2nd,2 3/4 l,5,166,,True,K Callaghan,W P Mullins,Downpatrick Racing Results,K Callaghan | W P Mullins,17,80,0.13712274217035494,1.0,0.0,0.0,0.0,0.0,0.0,0.0,0.0,0.0,0.6,1.0,1,1,1.0,0,0.0,0.0,0.9210526315789473,0,1,0,70,0.4673492,0,0.0653016,1.0,1.0
Downpatrick Racing Results | 15th June 2025 14:05,,14:05,Yielding to Soft,4800.0,Cinammon Roll (FR),C P Millar,2,G Elliott,1st,,5,166,,True,C P Millar,G Elliott,Downpatrick Racing Results,C P Millar | G Elliott,9,149,0.032099859851737626,1.0,0.0,0.0,0.0,0.0,0.0,0.0,0.0,0.0,0.5431578947368421,0.5,1,2,0.5,0,0.0,0.0,0.9210526315789473,0,1,0,70,0.2444472,0,0.5111056,4.0,2.0
Downpatrick Racing Results | 15th June 2025 14:05,,14:05,Yielding to Soft,4800.0,Hickeys Hill (IRE),D P Maxwell,2,A McNamara,10th,21 l,6,158,,True,D P Maxwell,A McNamara,Downpatrick Racing Results,D P Maxwell | A McNamara,2,37,0.014950662770539937,0.0,0.0,0.0,0.0,0.0,0.0,0.0,0.0,0.0,0.3789473684210526,0.0,0,1,0.0,0,0.0,0.0,0.631578947368421,0,1,0,70,2.8882696e-05,0,0.99994224,59.0,3.0
Downpatrick Racing Results | 15th June 2025 14:05,,14:05,Yielding to Soft,4800.0,Sugar Cookie (FR),Anna McGuinness,4,W P Mullins,6th,5 1/2 l,6,151,,True,A McGuinness,W P Mullins,Downpatrick Racing Results,A McGuinness | W P Mullins,2,5,0.11761823115925325,0.0,0.0,0.0,0.0,0.0,0.0,0.0,0.0,0.0,0.5298252631578947,0.0,0,5,0.0,0,0.0,0.0,0.5300751879699248,0,1,0,70,1.8930075e-05,0,0.99996215,65.0,4.0
Downpatrick Racing Results | 15th June 2025 14:05,,14:05,Yielding to Soft,4800.0,Never Present (IRE),D A Kidd,4,J C McConnell,7th,5 1/2 l,7,158,,True,D A Kidd,J C McConnell,Downpatrick Racing Results,D A Kidd | J C McConnell,2,66,0.008349735075946508,0.0,0.0,0.0,0.0,0.0,0.0,0.0,0.0,0.0,0.33415048421052623,0.0,0,7,0.0,0,0.0,0.0,0.631578947368421,0,0,1,70,1.1532181e-05,0,0.99997693,68.0,5.0
Downpatrick Racing Results | 15th June 2025 14:05,,14:05,Yielding to Soft,4800.0,Keep Kool Coko (FR),T Ryan,2,A Slattery,3rd,1/2 l,5,158,112.0,True,T Ryan,A Slattery,Downpatrick Racing Results,T Ryan | A Slattery,0,18,0.0,0.0,0.0,0.0,0.0,0.0,0.0,0.0,0.0,0.0,0.5709885455465585,0.0,0,9,0.0,0,0.0,0.0,0.631578947368421,0,1,0,70,3.7817817e-06,0,0.99999243,89.0,6.0
Downpatrick Racing Results | 15th June 2025 14:05,,14:05,Yielding to Soft,4800.0,Tinker Hill (IRE),Caragh Monaghan,4,L Lennon,9th,Head,4,152,,True,C Monaghan,L Lennon,Downpatrick Racing Results,C Monaghan | L Lennon,0,12,0.0,0.0,0.0,0.0,0.0,0.0,0.0,0.0,0.0,0.0,0.5,0.0,0,0,0.0,0,0.0,0.0,0.5526315789473685,0,1,0,70,2.4130836e-06,0,0.9999952,101.0,7.0
Downpatrick Racing Results | 15th June 2025 14:05,,14:05,Yielding to Soft,4800.0,Maroto (IRE),G B Noonan,0,A McNamara,8th,19 l,8,158,105.0,True,G B Noonan,A McNamara,Downpatrick Racing Results,G B Noonan | A McNamara,0,0,0.0,0.0,0.0,0.0,0.0,0.0,0.0,0.0,0.0,0.0,0.5665366699919028,0.0,0,9,0.0,0,0.0,0.0,0.631578947368421,0,0,1,70,1.7573959e-06,0,0.9999965,107.0,8.0
Downpatrick Racing Results | 15th June 2025 14:05,,14:05,Yielding to Soft,4800.0,Imperial Miss (IRE),G Brouder,0,T Gibney,5th,1/2 l,4,145,,True,G Brouder,T Gibney,Downpatrick Racing Results,G Brouder | T Gibney,0,6,0.0,0.0,0.0,0.0,0.0,0.0,0.0,0.0,0.0,0.0,0.6331592113363448,0.0,0,13,0.0,0,0.0,0.0,0.48120300751879697,0,1,0,70,1.6879629e-06,0,0.9999966,108.0,9.0
Downpatrick Racing Results | 15th June 2025 14:05,,14:05,Yielding to Soft,4800.0,Mavetherave (IRE),J Smith,2,S R B Crawford,4th,5 1/2 l,5,158,,True,J Smith,S R B Crawford,Downpatrick Racing Results,J Smith | S R B Crawford,0,0,0.0,0.0,0.0,0.0,0.0,0.0,0.0,0.0,0.0,0.0,0.44842105263157894,0.0,0,2,0.0,0,0.0,0.0,0.631578947368421,0,1,0,70,1.2568452e-06,0,0.9999975,110.0,10.0
Downpatrick Racing Results | 15th June 2025 14:05,,14:05,Yielding to Soft,4800.0,Niamhie (IRE),Niall Moore,2,P Cluskey,11th,45 l,5,151,,True,N Moore,P Cluskey,Downpatrick Racing Results,N Moore | P Cluskey,0,5,0.0,0.0,0.0,0.0,0.0,0.0,0.0,0.0,0.0,0.0,0.46989473684210514,0.0,0,3,0.0,0,0.0,0.0,0.5300751879699248,0,1,0,70,9.769066e-07,0,0.99999803,113.0,11.0
Downpatrick Racing Results | 15th June 2025 14:40,,14:40,Yielding to Soft,4145.0,Penny Express (IRE),K C Sexton,0,G Elliott,2nd,8 1/2 l,5,166,108.0,True,K C Sexton,G Elliott,Downpatrick Racing Results,K C Sexton | G Elliott,3,70,0.014681274851143573,0.0,0.0,0.0,0.0,0.0,0.0,0.0,0.0,0.0,0.5279999999999999,0.0,0,3,0.0,0,0.0,0.0,0.9210526315789473,0,1,0,70,0.00017539067,0,0.9996492,50.0,1.0
Downpatrick Racing Results | 15th June 2025 14:40,,14:40,Yielding to Soft,4145.0,On The Cards (FR),D A Kidd,7,J C McConnell,14th,40 l,5,166,,True,D A Kidd,J C McConnell,Downpatrick Racing Results,D A Kidd | J C McConnell,2,66,0.008349735075946508,0.0,0.0,0.0,0.0,0.0,0.0,0.0,0.0,0.0,0.3840461538461538,0.0,0,4,0.0,0,0.0,0.0,0.9210526315789473,0,1,0,70,0.00012091893,0,0.9997582,53.0,2.0
Downpatrick Racing Results | 15th June 2025 14:40,,14:40,Yielding to Soft,4145.0,Vangelis (IRE),E Walsh,0,Ciaran Murphy,13th,26 l,4,161,,True,E Walsh,C Murphy,Downpatrick Racing Results,E Walsh | C Murphy,11,212,0.02921626084545352,0.0,0.0,0.0,0.0,0.0,0.0,0.0,0.0,0.0,0.476634024291498,0.0,0,5,0.0,0,0.0,0.0,0.7330827067669173,0,1,0,70,4.000692e-05,0,0.99992,55.0,3.0
Downpatrick Racing Results | 15th June 2025 14:40,,14:40,Yielding to Soft,4145.0,Yoradreamer,S Cleary-Farrell,7,W P Mullins,1st,,6,166,118.0,True,S Cleary-Farrell,W P Mullins,Downpatrick Racing Results,S Cleary-Farrell | W P Mullins,8,23,0.18811054636982238,0.0,0.0,0.0,0.0,0.0,0.0,0.0,0.0,0.0,0.6168925506072873,0.0,0,5,0.0,0,0.0,0.0,0.9210526315789473,0,1,0,70,3.6503872e-05,0,0.999927,56.0,4.0
Downpatrick Racing Results | 15th June 2025 14:40,,14:40,Yielding to Soft,4145.0,Dysart Dasher (IRE),K Callaghan,5,W P Mullins,3rd,2 1/2 l,8,166,,True,K Callaghan,W P Mullins,Downpatrick Racing Results,K Callaghan | W P Mullins,17,80,0.13712274217035494,0.0,0.0,0.0,0.0,0.0,0.0,0.0,0.0,0.0,0.5731578947368421,0.0,0,3,0.0,0,0.0,0.0,0.9210526315789473,0,0,1,70,3.3831657e-05,0,0.99993235,57.0,5.0
Downpatrick Racing Results | 15th June 2025 14:40,,14:40,Yielding to Soft,4145.0,Jessie's Dreamgirl (IRE),B W Harvey,0,J C McConnell,PU,,6,159,,True,B W Harvey,J C McConnell,Downpatrick Racing Results,B W Harvey | J C McConnell,9,158,0.03025373514703127,0.0,0.0,0.0,0.0,0.0,0.0,0.0,0.0,0.0,0.4536221052631578,0.0,0,5,0.0,0,0.0,0.0,0.6654135338345865,0,1,0,70,3.1153926e-05,0,0.9999377,58.0,6.0
Downpatrick Racing Results | 15th June 2025 14:40,,14:40,Yielding to Soft,4145.0,Gerrys Wish (IRE),P Cleary,7,G Elliott,9th,27 l,4,154,,True,P Cleary,G Elliott,Downpatrick Racing Results,P Cleary | G Elliott,3,21,0.049809217982134925,0.0,0.0,0.0,0.0,0.0,0.0,0.0,0.0,0.0,0.4010526315789473,0.0,0,2,0.0,0,0.0,0.0,0.5827067669172933,0,1,0,70,2.7532566e-05,0,0.9999449,62.0,7.0
Downpatrick Racing Results | 15th June 2025 14:40,,14:40,Yielding to Soft,4145.0,Doorman Moe (IRE),D P Maxwell,5,A McNamara,10th,19 l,5,166,,True,D P Maxwell,A McNamara,Downpatrick Racing Results,D P Maxwell | A McNamara,2,37,0.014950662770539937,0.0,0.0,0.0,0.0,0.0,0.0,0.0,0.0,0.0,0.26210526315789473,0.0,0,2,0.0,0,0.0,0.0,0.9210526315789473,0,1,0,70,2.3757586e-05,0,0.9999525,64.0,8.0
Downpatrick Racing Results | 15th June 2025 14:40,,14:40,Yielding to Soft,4145.0,Dramatic License (IRE),B Bromley,5,S R B Crawford,4th,1 1/4 l,5,166,,True,B Bromley,S R B Crawford,Downpatrick Racing Results,B Bromley | S R B Crawford,0,15,-2.2096511667503485e-17,0.0,0.0,0.0,0.0,0.0,0.0,0.0,0.0,0.0,0.5434736842105263,0.0,0,4,0.0,0,0.0,0.0,0.9210526315789473,0,1,0,70,1.0634516e-05,0,0.9999787,70.0,9.0
Downpatrick Racing Results | 15th June 2025 14:40,,14:40,Yielding to Soft,4145.0,Colvin (IRE),L A McKenna,5,S R B Crawford,6th,3 1/4 l,6,166,107.0,True,L A McKenna,S R B Crawford,Downpatrick Racing Results,L A McKenna | S R B Crawford,0,1,0.0,0.0,0.0,0.0,0.0,0.0,0.0,0.0,0.0,0.0,0.5330477732793522,0.0,0,4,0.0,0,0.0,0.0,0.9210526315789473,0,1,0,70,1.0321296e-05,0,0.9999794,71.0,10.0
Downpatrick Racing Results | 15th June 2025 14:40,,14:40,Yielding to Soft,4145.0,Forty Kay,C Owens,7,W P Mullins,12th,3 3/4 l,5,159,,True,C Owens,W P Mullins,Downpatrick Racing Results,C Owens | W P Mullins,0,0,0.0,0.0,0.0,0.0,0.0,0.0,0.0,0.0,0.0,0.0,0.5052631578947367,0.0,0,1,0.0,0,0.0,0.0,0.6654135338345865,0,1,0,70,7.0284477e-06,0,0.99998593,75.0,11.0
Downpatrick Racing Results | 15th June 2025 14:40,,14:40,Yielding to Soft,4145.0,Take Chance (FR),P Hanlon,7,J C McConnell,8th,Head,5,166,,True,P Hanlon,J C McConnell,Downpatrick Racing Results,P Hanlon | J C McConnell,0,1,0.0,0.0,0.0,0.0,0.0,0.0,0.0,0.0,0.0,0.0,0.4392631578947368,0.0,0,3,0.0,0,0.0,0.0,0.9210526315789473,0,1,0,70,5.3086337e-06,0,0.9999894,81.0,12.0
Downpatrick Racing Results | 15th June 2025 14:40,,14:40,Yielding to Soft,4145.0,Parkgarve (IRE),P J O'Hanlon,0,Ian Donoghue,5th,9 1/2 l,5,166,,True,P J O'Hanlon,I Donoghue,Downpatrick Racing Results,P J O'Hanlon | I Donoghue,0,6,0.0,0.0,0.0,0.0,0.0,0.0,0.0,0.0,0.0,0.0,0.4528421052631578,0.0,0,3,0.0,0,0.0,0.0,0.9210526315789473,0,1,0,70,1.6009137e-06,0,0.9999968,109.0,13.0
Downpatrick Racing Results | 15th June 2025 14:40,,14:40,Yielding to Soft,4145.0,Silk Degrees (IRE),J Smith,5,S R B Crawford,11th,2 1/2 l,4,161,,True,J Smith,S R B Crawford,Downpatrick Racing Results,J Smith | S R B Crawford,0,0,0.0,0.0,0.0,0.0,0.0,0.0,0.0,0.0,0.0,0.0,0.3183157894736842,0.0,0,4,0.0,0,0.0,0.0,0.7330827067669173,0,1,0,70,4.7345088e-07,0,0.99999905,117.0,14.0
Downpatrick Racing Results | 15th June 2025 14:40,,14:40,Yielding to Soft,4145.0,Little Boy Sivola (FR),C Gethings,0,P J Rothwell,7th,Short Head,4,161,,True,C Gethings,P J Rothwell,Downpatrick Racing Results,C Gethings | P J Rothwell,0,0,0.0,0.0,0.0,0.0,0.0,0.0,0.0,0.0,0.0,0.0,0.33157894736842103,0.0,0,2,0.0,0,0.0,0.0,0.7330827067669173,0,1,0,70,2.9923717e-07,0,0.9999994,121.0,15.0
Downpatrick Racing Results | 15th June 2025 15:15,,15:15,Yielding to Soft,4145.0,Influential Lady (IRE),K Callaghan,5,J Barcoe,4th,12 l,11,147,96.0,True,K Callaghan,J Barcoe,Downpatrick Racing Results,K Callaghan | J Barcoe,5,69,0.031347309217669046,0.15789473684210525,0.0,0.0,0.0,0.0,0.0,0.0,0.0,0.25,0.5681607833737694,0.2,4,49,0.08163265306122448,0,0.0,0.0,0.49624060150375937,0,0,1,70,0.075070485,0,0.849859,23.0,1.0
Downpatrick Racing Results | 15th June 2025 15:15,,15:15,Yielding to Soft,4145.0,Rockview Consort,D A Kidd,7,J C McConnell,5th,11 l,6,159,108.0,True,D A Kidd,J C McConnell,Downpatrick Racing Results,D A Kidd | J C McConnell,2,66,0.008349735075946508,0.16666666666666666,0.0,0.0,0.0,0.0,0.0,0.0,0.08333333333333333,0.0,0.7107678009324312,0.0,2,25,0.08,0,0.0,0.0,0.6654135338345865,0,1,0,70,0.058091648,0,0.8838167,25.0,2.0
Downpatrick Racing Results | 15th June 2025 15:15,,15:15,Yielding to Soft,4145.0,Theflyingbee (IRE),P M O'Brien,7,F G Hand,1st,,8,165,114.0,True,P M O'Brien,F G Hand,Downpatrick Racing Results,P M O'Brien | F G Hand,1,11,0.016231752262825985,0.0,0.5,0.0,0.0,0.0,0.0,0.0,0.0,0.0,0.5694361750931172,0.0,1,10,0.1,0,0.0,0.0,0.8383458646616542,0,0,1,70,0.04096443,0,0.91807115,28.0,3.0
Downpatrick Racing Results | 15th June 2025 15:15,,15:15,Yielding to Soft,4145.0,Brianna Lily (IRE),Cian Cullinan,7,J Barcoe,7th,58 l,8,148,97.0,True,C Cullinan,J Barcoe,Downpatrick Racing Results,C Cullinan | J Barcoe,0,2,0.0,0.0,0.2,0.0,0.25,0.0,0.0,0.0,0.0,0.0,0.62209592924172,0.2,2,21,0.09523809523809523,0,0.0,0.0,0.5075187969924813,0,0,1,70,0.002504983,0,0.99499005,31.0,4.0
Downpatrick Racing Results | 15th June 2025 15:15,,15:15,Yielding to Soft,4145.0,Dame Rapide (IRE),G Brouder,3,Cian Hughes,3rd,5 1/2 l,8,166,115.0,True,G Brouder,C Hughes,Downpatrick Racing Results,G Brouder | C Hughes,0,0,0.0,0.18181818181818182,0.0,0.14285714285714285,0.0,0.0,0.0,0.0,0.0,0.0,0.7989452435217884,0.0,3,28,0.10714285714285714,0,0.0,0.0,0.9210526315789473,0,0,1,70,0.00076835335,0,0.9984633,41.0,5.0
Downpatrick Racing Results | 15th June 2025 15:15,,15:15,Yielding to Soft,4145.0,Maxios Prime (IRE),C Gethings,0,P J Rothwell,2nd,1 l,4,146,100.0,True,C Gethings,P J Rothwell,Downpatrick Racing Results,C Gethings | P J Rothwell,0,0,0.0,0.0,0.0,0.0,0.3333333333333333,0.0,0.0,0.0,0.0,0.0,0.556519405668016,0.2,1,6,0.16666666666666666,0,0.0,0.0,0.48872180451127817,0,1,0,70,0.0004988467,0,0.9990023,45.0,6.0
Downpatrick Racing Results | 15th June 2025 15:15,,15:15,Yielding to Soft,4145.0,Mexican Moonshine (IRE),K C Sexton,0,G Elliott,6th,20 l,6,161,110.0,True,K C Sexton,G Elliott,Downpatrick Racing Results,K C Sexton | G Elliott,3,70,0.014681274851143573,0.0,0.0,0.0,0.0,0.0,0.5,0.0,0.0,0.0,0.5765392955465586,0.2,1,6,0.16666666666666666,0,0.0,0.0,0.7330827067669173,0,1,0,70,0.00031615017,0,0.9993677,47.0,7.0
Downpatrick Racing Results | 15th June 2025 15:50,,15:50,Yielding to Soft,3905.0,Portnacoo (IRE),P Hanlon,7,H Smyth,7th,55 l,7,161,120.0,True,P Hanlon,H Smyth,Downpatrick Racing Results,P Hanlon | H Smyth,1,2,0.09452865480086611,1.0,0.3333333333333333,0.0,0.0,0.0,0.0,0.0,0.0,0.0,0.6235138920378602,0.0,3,18,0.16666666666666666,0,0.0,0.0,0.7330827067669173,0,0,1,70,0.25777048,0,0.48445904,2.0,1.0
Downpatrick Racing Results | 15th June 2025 15:50,,15:50,Yielding to Soft,3905.0,Newtown Rambler (IRE),M P O'Connor,0,H De Bromhead,6th,8 l,6,152,111.0,True,M P O'Connor,H D Bromhead,Downpatrick Racing Results,M P O'Connor | H D Bromhead,29,215,0.09558215828549928,0.0,0.0,0.5,0.0,0.0,0.0,0.0,0.0,0.0,0.604460939271255,0.2,1,5,0.2,0,0.0,0.0,0.5526315789473685,0,1,0,70,0.15385656,0,0.69228685,11.0,2.0
Downpatrick Racing Results | 15th June 2025 15:50,,15:50,Yielding to Soft,3905.0,Dollar Value (USA),M M McDonagh,0,T G McCourt,4th,13 l,10,163,122.0,True,M M McDonagh,T G McCourt,Downpatrick Racing Results,M M McDonagh | T G McCourt,1,2,0.09452865480086611,0.16666666666666666,0.25,0.0,0.3333333333333333,0.0,0.0,0.0,0.0,0.0,0.6672446386642936,0.2,5,26,0.19230769230769232,0,0.0,0.0,0.7819548872180451,0,0,1,70,0.11699545,0,0.7660091,16.0,3.0
Downpatrick Racing Results | 15th June 2025 15:50,,15:50,Yielding to Soft,3905.0,Malbay Madness (IRE),P J O'Hanlon,0,D A McLoughlin,UR,,5,152,111.0,True,P J O'Hanlon,D A McLoughlin,Downpatrick Racing Results,P J O'Hanlon | D A McLoughlin,9,94,0.051191380830443195,0.2222222222222222,0.0,0.25,0.0,0.0,0.5,0.0,0.0,0.0,0.6849543457469914,0.4,4,25,0.16,0,0.0,0.0,0.5526315789473685,0,1,0,70,0.11572389,0,0.7685522,17.0,4.0
Downpatrick Racing Results | 15th June 2025 15:50,,15:50,Yielding to Soft,3905.0,Bowensonfire (FR),F Brickley,7,G Elliott,3rd,Neck,5,164,123.0,True,F Brickley,G Elliott,Downpatrick Racing Results,F Brickley | G Elliott,2,32,0.01731020319515724,0.0,0.5,0.0,0.0,0.0,0.0,0.0,0.0,1.0,0.5938662024291497,0.4,2,7,0.2857142857142857,0,0.0,0.0,0.8007518796992481,0,1,0,70,0.1008746,0,0.7982508,20.0,5.0
Downpatrick Racing Results | 15th June 2025 15:50,,15:50,Yielding to Soft,3905.0,Tonaghneave Well (IRE),P M O'Brien,7,G P Cromwell,1st,,5,165,124.0,True,P M O'Brien,G P Cromwell,Downpatrick Racing Results,P M O'Brien | G P Cromwell,1,77,0.002296158172154949,0.5,0.0,0.0,0.0,0.0,0.0,0.0,0.0,0.0,0.7589617492761133,0.2,2,10,0.2,0,0.0,0.0,0.8383458646616542,0,1,0,70,0.047218237,0,0.90556353,26.0,6.0
Downpatrick Racing Results | 15th June 2025 15:50,,15:50,Yielding to Soft,3905.0,Run For Harry (IRE),K E Buckley,0,Mrs G Callaghan,2nd,1 1/4 l,7,160,119.0,True,K E Buckley,M G Callaghan,Downpatrick Racing Results,K E Buckley | M G Callaghan,0,2,0.0,0.3333333333333333,0.3333333333333333,0.0,0.0,0.0,0.0,0.0,0.0,0.0,0.5673986721658962,0.0,2,22,0.09090909090909091,0,0.0,0.0,0.6954887218045113,0,0,1,70,0.0024744926,0,0.995051,32.0,7.0
Downpatrick Racing Results | 15th June 2025 15:50,,15:50,Yielding to Soft,3905.0,Extrapolation (IRE),G Brouder,3,R O'Brien,F,,8,166,125.0,True,G Brouder,R O'Brien,Downpatrick Racing Results,G Brouder | R O'Brien,0,0,0.0,0.2857142857142857,0.0,0.5,0.0,0.0,0.0,0.0,0.0,0.0,0.5534477207716377,0.2,4,19,0.21052631578947367,0,0.0,0.0,0.9210526315789473,0,0,1,70,0.00091402046,0,0.998172,37.0,8.0
Downpatrick Racing Results | 15th June 2025 15:50,,15:50,Yielding to Soft,3905.0,The Dasher Conway (IRE),K C Sexton,0,Mrs G Callaghan,5th,1/2 l,10,157,116.0,True,K C Sexton,M G Callaghan,Downpatrick Racing Results,K C Sexton | M G Callaghan,0,1,0.0,0.2727272727272727,0.0,0.0,0.0,0.0,0.0,0.0,0.0,0.0,0.9244310457847089,0.0,3,30,0.1,0,0.0,0.0,0.6052631578947368,0,0,1,70,0.00076835335,0,0.9984633,41.0,9.0
Downpatrick Racing Results | 15th June 2025 16:20,,16:20,Yielding to Soft,3905.0,Warriors Wood,D P Maxwell,5,A McNamara,7th,42 l,5,168,,True,D P Maxwell,A McNamara,Downpatrick Racing Results,D P Maxwell | A McNamara,2,37,0.014950662770539937,1.0,0.0,0.0,0.0,0.0,0.0,0.0,0.0,0.0,0.5193473684210526,0.25,1,4,0.25,0,0.0,0.0,0.9849624060150376,0,1,0,70,0.22130674,0,0.5573865,6.0,1.0
Downpatrick Racing Results | 15th June 2025 16:20,,16:20,Yielding to Soft,3905.0,Ballyearl (FR),M P O'Connor,0,H De Bromhead,6th,4 3/4 l,4,163,110.0,True,M P O'Connor,H D Bromhead,Downpatrick Racing Results,M P O'Connor | H D Bromhead,29,215,0.09558215828549928,0.0,1.0,0.0,0.0,0.0,0.0,0.0,0.0,0.0,0.5426842105263157,0.25,1,4,0.25,0,0.0,0.0,0.7819548872180451,0,1,0,70,0.15497585,0,0.69004834,10.0,2.0
Downpatrick Racing Results | 15th June 2025 16:20,,16:20,Yielding to Soft,3905.0,Boston Rajj (IRE),C P Millar,5,G Elliott,2nd,2 1/2 l,7,170,114.0,True,C P Millar,G Elliott,Downpatrick Racing Results,C P Millar | G Elliott,9,149,0.032099859851737626,0.25,0.0,0.0,0.0,0.0,0.0,0.0,0.0,0.0,0.6731274077732793,0.2,1,8,0.125,0,0.0,0.0,1.0,0,0,1,70,0.06721148,0,0.86557704,24.0,3.0
Downpatrick Racing Results | 15th June 2025 16:20,,16:20,Yielding to Soft,3905.0,Sage Conseil (IRE),J Smith,5,J C McConnell,F,,7,168,,True,J Smith,J C McConnell,Downpatrick Racing Results,J Smith | J C McConnell,0,0,0.0,0.0,0.0,1.0,0.0,0.0,0.0,0.0,0.0,0.0,0.5215263157894736,0.25,1,4,0.25,0,0.0,0.0,0.9849624060150376,0,0,1,70,0.00075767626,0,0.9984847,42.0,4.0
Downpatrick Racing Results | 15th June 2025 16:20,,16:20,Yielding to Soft,3905.0,Dunkerque (DEN),A Balfe,7,G P Cromwell,3rd,1 l,5,168,110.0,True,A Balfe,G P Cromwell,Downpatrick Racing Results,A Balfe | G P Cromwell,2,35,0.01581282961404396,0.0,0.0,0.0,0.0,0.0,0.0,0.0,0.0,0.0,0.4919999999999999,0.0,0,3,0.0,0,0.0,0.0,0.9849624060150376,0,1,0,70,0.0005114516,0,0.9989771,44.0,5.0
Downpatrick Racing Results | 15th June 2025 16:20,,16:20,Yielding to Soft,3905.0,Brave Soldier (IRE),P Hanlon,7,M M McNiff,4th,3/4 l,5,157,99.0,True,P Hanlon,M M McNiff,Downpatrick Racing Results,P Hanlon | M M McNiff,0,0,0.0,0.0,0.0,0.0,0.0,0.0,0.0,0.0,0.0,0.0,0.5343463724696356,0.0,0,6,0.0,0,0.0,0.0,0.6052631578947368,0,1,0,70,5.5348546e-06,0,0.9999889,80.0,6.0
Downpatrick Racing Results | 15th June 2025 16:20,,16:20,Yielding to Soft,3905.0,Cap Bernat (IRE),P J O'Hanlon,0,R McNeilly,5th,4 1/2 l,12,153,,True,P J O'Hanlon,R McNeilly,Downpatrick Racing Results,P J O'Hanlon | R McNeilly,0,0,0.0,0.0,0.0,0.0,0.0,0.0,0.0,0.0,0.0,0.0,0.4864228951578946,0.0,0,9,0.0,0,0.0,0.0,0.5714285714285714,0,0,1,70,5.4513714e-07,0,0.9999989,115.0,7.0
Downpatrick Racing Results | 15th June 2025 16:20,,16:20,Yielding to Soft,3905.0,Bruant,K C Sexton,0,A J Martin,1st,,4,148,,True,K C Sexton,A J Martin,Downpatrick Racing Results,K C Sexton | A J Martin,0,14,0.0,0.0,0.0,0.0,0.0,0.0,0.0,0.0,0.0,0.0,0.45170040485829954,0.0,0,3,0.0,0,0.0,0.0,0.5075187969924813,0,1,0,70,4.707778e-07,0,0.99999905,118.0,8.0
Downpatrick Racing Results | 15th June 2025 16:50,,16:50,Yielding to Soft,3905.0,Feast (IRE),Anna McGuinness,7,P J McKenna,10th,13 l,8,162,91.0,True,A McGuinness,P J McKenna,Downpatrick Racing Results,A McGuinness | P J McKenna,0,1,0.0,0.5,0.0,0.0,0.0,0.0,0.0,0.0,0.0,0.0,0.4543263157894736,0.25,1,4,0.25,0,0.0,0.0,0.7631578947368421,0,0,1,70,0.0019661721,0,0.99606764,33.0,1.0
Downpatrick Racing Results | 15th June 2025 16:50,,16:50,Yielding to Soft,3905.0,Ar Nos Na Gaoithe (IRE),H E Sexton,7,P J Rothwell,2nd,1/2 l,6,159,88.0,True,H E Sexton,P J Rothwell,Downpatrick Racing Results,H E Sexton | P J Rothwell,0,3,0.0,0.0,0.0,0.0,0.5,0.0,0.0,0.0,0.0,0.0,0.6732940149664327,0.2,1,16,0.0625,0,0.0,0.0,0.6654135338345865,0,1,0,70,0.001021855,0,0.9979563,35.0,2.0
Downpatrick Racing Results | 15th June 2025 16:50,,16:50,Yielding to Soft,3905.0,Baron Blake (FR),P Hanlon,7,J J Hanlon,11th,5 1/2 l,4,162,96.0,True,P Hanlon,J J Hanlon,Downpatrick Racing Results,P Hanlon | J J Hanlon,10,211,0.02594361836189739,0.0,0.0,0.0,0.0,0.0,0.0,0.0,0.0,0.0,0.48902404858299586,0.0,0,5,0.0,0,0.0,0.0,0.7631578947368421,0,1,0,70,0.00015928327,0,0.9996814,51.0,3.0
Downpatrick Racing Results | 15th June 2025 16:50,,16:50,Yielding to Soft,3905.0,Pralognan (FR),K C Sexton,0,A J Martin,1st,,6,163,92.0,True,K C Sexton,A J Martin,Downpatrick Racing Results,K C Sexton | A J Martin,0,14,0.0,0.0,0.0,0.0,0.0,0.0,0.0,0.0,0.0,0.0,0.6981350084536788,0.0,0,21,0.0,0,0.0,0.0,0.7819548872180451,0,1,0,70,1.4802314e-05,0,0.9999704,66.0,4.0
Downpatrick Racing Results | 15th June 2025 16:50,,16:50,Yielding to Soft,3905.0,Chatterbox (IRE),K E Buckley,0,J J Murphy,3rd,3 l,6,164,93.0,True,K E Buckley,J J Murphy,Downpatrick Racing Results,K E Buckley | J J Murphy,0,0,0.0,0.0,0.0,0.0,0.0,0.0,0.0,0.0,0.0,0.0,0.6429592539356275,0.0,0,20,0.0,0,0.0,0.0,0.8007518796992481,0,1,0,70,9.837325e-06,0,0.99998033,72.0,5.0
Downpatrick Racing Results | 15th June 2025 16:50,,16:50,Yielding to Soft,3905.0,Centaq (IRE),P J O'Hanlon,0,D A McLoughlin,6th,1 1/4 l,5,156,85.0,True,P J O'Hanlon,D A McLoughlin,Downpatrick Racing Results,P J O'Hanlon | D A McLoughlin,9,94,0.051191380830443195,0.0,0.0,0.0,0.0,0.0,0.0,0.0,0.0,0.0,0.3562105263157895,0.0,0,3,0.0,0,0.0,0.0,0.5939849624060151,0,1,0,70,8.779355e-06,0,0.9999824,74.0,6.0
Downpatrick Racing Results | 15th June 2025 16:50,,16:50,Yielding to Soft,3905.0,Small Bucks (IRE),P M O'Brien,7,P E Collins,8th,2 l,4,161,95.0,True,P M O'Brien,P E Collins,Downpatrick Racing Results,P M O'Brien | P E Collins,0,11,2.057132194452876e-17,0.0,0.0,0.0,0.0,0.0,0.0,0.0,0.0,0.0,0.4919350377791514,0.0,0,12,0.0,0,0.0,0.0,0.7330827067669173,0,1,0,70,2.8232434e-06,0,0.99999434,97.0,7.0
Downpatrick Racing Results | 15th June 2025 16:50,,16:50,Yielding to Soft,3905.0,Every River,Niall Moore,5,W J Bryson,9th,28 l,9,154,83.0,True,N Moore,W J Bryson,Downpatrick Racing Results,N Moore | W J Bryson,0,4,0.0,0.0,0.0,0.0,0.0,0.0,0.0,0.0,0.0,0.0,0.5025716113360322,0.0,0,5,0.0,0,0.0,0.0,0.5827067669172933,0,0,1,70,1.0883379e-06,0,0.9999978,111.0,8.0
Downpatrick Racing Results | 15th June 2025 16:50,,16:50,Yielding to Soft,3905.0,Sydney Cruiser (IRE),C P Millar,5,Ciaran Murphy,4th,3 1/2 l,7,152,81.0,True,C P Millar,C Murphy,Downpatrick Racing Results,C P Millar | C Murphy,0,3,0.0,0.0,0.0,0.0,0.0,0.0,0.0,0.0,0.0,0.0,0.4585385456381724,0.0,0,18,0.0,0,0.0,0.0,0.5526315789473685,0,0,1,70,6.6825874e-07,0,0.9999987,114.0,9.0
Downpatrick Racing Results | 15th June 2025 16:50,,16:50,Yielding to Soft,3905.0,Live To Laugh (IRE),B W Harvey,0,Peter Fahey,7th,1 1/4 l,6,166,95.0,True,B W Harvey,P Fahey,Downpatrick Racing Results,B W Harvey | P Fahey,0,6,0.0,0.0,0.0,0.0,0.0,0.0,0.0,0.0,0.0,0.0,0.33473684210526305,0.0,0,3,0.0,0,0.0,0.0,0.9210526315789473,0,1,0,70,4.8759927e-07,0,0.99999905,116.0,10.0
Downpatrick Racing Results | 15th June 2025 16:50,,16:50,Yielding to Soft,3905.0,I'm For Home (IRE),M P O'Connor,0,R K Watson,5th,3 1/4 l,7,149,78.0,True,M P O'Connor,R K Watson,Downpatrick Racing Results,M P O'Connor | R K Watson,0,13,0.0,0.0,0.0,0.0,0.0,0.0,0.0,0.0,0.0,0.0,0.47926259201115745,0.0,0,17,0.0,0,0.0,0.0,0.518796992481203,0,0,1,70,4.1634968e-07,0,0.99999917,120.0,11.0
Downpatrick Racing Results | 15th June 2025 17:20,,17:20,Yielding to Soft,3905.0,Summer Dawn (IRE),Mr S Connor,7,S R B Crawford,5th,9 l,5,165,,True,M S Connor,S R B Crawford,Downpatrick Racing Results,M S Connor | S R B Crawford,4,63,0.02496521390048504,0.0,0.0,0.0,0.0,0.0,0.0,0.0,0.0,0.0,0.48565263157894734,0.0,0,4,0.0,0,0.0,0.0,0.8383458646616542,0,1,0,70,0.00025900832,0,0.999482,48.0,1.0
Downpatrick Racing Results | 15th June 2025 17:20,,17:20,Yielding to Soft,3905.0,Walks The Talk (IRE),Mr F R Buckley,7,J C McConnell,3rd,1 1/2 l,6,165,,True,M F R Buckley,J C McConnell,Downpatrick Racing Results,M F R Buckley | J C McConnell,3,23,0.04537576514344702,0.0,0.0,0.0,0.0,0.0,0.0,0.0,0.0,0.0,0.5,0.0,0,0,0.0,0,0.0,0.0,0.8383458646616542,0,1,0,70,0.00021617087,0,0.9995677,49.0,2.0
Downpatrick Racing Results | 15th June 2025 17:20,,17:20,Yielding to Soft,3905.0,Beir Bua (IRE),Mr A P Ryan,7,A Slattery,2nd,10 l,4,160,,True,M A P Ryan,A Slattery,Downpatrick Racing Results,M A P Ryan | A Slattery,9,82,0.05882647906650992,0.0,0.0,0.0,0.0,0.0,0.0,0.0,0.0,0.0,0.5,0.0,0,0,0.0,0,0.0,0.0,0.6954887218045113,0,1,0,70,9.169375e-05,0,0.9998166,54.0,3.0
Downpatrick Racing Results | 15th June 2025 17:20,,17:20,Yielding to Soft,3905.0,Shannon Bank (IRE),Mr D G Lavery,0,G P Cromwell,4th,2 1/4 l,6,165,,True,M D G Lavery,G P Cromwell,Downpatrick Racing Results,M D G Lavery | G P Cromwell,11,60,0.10557689037136128,0.0,0.0,0.0,0.0,0.0,0.0,0.0,0.0,0.0,0.4636922409473683,0.0,0,10,0.0,0,0.0,0.0,0.8383458646616542,0,1,0,70,2.7991717e-05,0,0.99994403,60.0,4.0
Downpatrick Racing Results | 15th June 2025 17:20,,17:20,Yielding to Soft,3905.0,Bebinn Court (IRE),Mr O McGill,5,Gary McGill,6th,20 l,5,165,,True,M O McGill,G McGill,Downpatrick Racing Results,M O McGill | G McGill,5,18,0.12499569146355476,0.0,0.0,0.0,0.0,0.0,0.0,0.0,0.0,0.0,0.5,0.0,0,0,0.0,0,0.0,0.0,0.8383458646616542,0,1,0,70,2.7763192e-05,0,0.99994445,61.0,5.0
Downpatrick Racing Results | 15th June 2025 17:20,,17:20,Yielding to Soft,3905.0,Liadawn (IRE),Mr P W Mullins,0,W P Mullins,1st,,5,165,,True,M P W Mullins,W P Mullins,Downpatrick Racing Results,M P W Mullins | W P Mullins,122,336,0.3134906380203708,0.0,0.0,0.0,0.0,0.0,0.0,0.0,0.0,0.0,0.5,0.0,0,0,0.0,0,0.0,0.0,0.8383458646616542,0,1,0,70,1.1920645e-05,0,0.99997616,67.0,6.0
Downpatrick Racing Results | 15th June 2025 17:20,,17:20,Yielding to Soft,3905.0,Tina Yeats (IRE),M J Molloy,7,A J Martin,7th,13 l,5,165,,True,M J Molloy,A J Martin,Downpatrick Racing Results,M J Molloy | A J Martin,0,6,0.0,0.0,0.0,0.0,0.0,0.0,0.0,0.0,0.0,0.0,0.5,0.0,0,0,0.0,0,0.0,0.0,0.8383458646616542,0,1,0,70,1.1493973e-05,0,0.999977,69.0,7.0
Downpatrick Racing Results | 15th June 2025 17:20,,17:20,Yielding to Soft,3905.0,Campuna (IRE),Mr E Finegan,7,R K Watson,PU,,4,160,,True,M E Finegan,R K Watson,Downpatrick Racing Results,M E Finegan | R K Watson,0,0,0.0,0.0,0.0,0.0,0.0,0.0,0.0,0.0,0.0,0.0,0.5,0.0,0,0,0.0,0,0.0,0.0,0.6954887218045113,0,1,0,70,6.9474127e-06,0,0.9999861,76.0,8.0
Downpatrick Racing Results | 15th June 2025 17:20,,17:20,Yielding to Soft,3905.0,No More Silver (FR),Mr H C Swan,0,G Elliott,8th,47 l,4,160,,True,M H C Swan,G Elliott,Downpatrick Racing Results,M H C Swan | G Elliott,50,254,0.152623346380195,0.0,0.0,0.0,0.0,0.0,0.0,0.0,0.0,0.0,0.47368421052631576,0.0,0,1,0.0,0,0.0,0.0,0.6954887218045113,0,1,0,70,6.79428e-06,0,0.9999864,77.0,9.0
Gowran Park Racing Results | 15th June 2025 13:55,,13:55,Soft,1540.0,Estoublon (IRE),D McMonagle,0,J P O'Brien,6th,1 3/4 l,2,133,,True,D McMonagle,J P O'Brien,Gowran Park Racing Results,D McMonagle | J P O'Brien,88,517,0.14027744722629995,0.0,0.0,0.0,0.0,0.0,0.0,0.0,0.0,0.0,0.48631578947368415,0.0,0,2,0.0,0,0.0,0.0,0.2631578947368421,1,0,0,70,6.2395325e-06,0,0.99998754,78.0,1.0
Gowran Park Racing Results | 15th June 2025 13:55,,13:55,Soft,1540.0,Monocle Rocket (IRE),W J Lee,0,H De Bromhead,5th,5 l,2,133,,True,W J Lee,H D Bromhead,Gowran Park Racing Results,W J Lee | H D Bromhead,19,132,0.0941249177951214,0.0,0.0,0.0,0.0,0.0,0.0,0.0,0.0,0.0,0.33157894736842103,0.0,0,2,0.0,0,0.0,0.0,0.2631578947368421,1,0,0,70,4.4068165e-06,0,0.9999912,84.0,2.0
Gowran Park Racing Results | 15th June 2025 13:55,,13:55,Soft,1540.0,Seoul Force (IRE),S Foley,0,Mrs J Harrington,3rd,Neck,2,133,,True,S Foley,M J Harrington,Gowran Park Racing Results,S Foley | M J Harrington,137,1160,0.10077952232508759,0.0,0.0,0.0,0.0,0.0,0.0,0.0,0.0,0.0,0.5,0.0,0,0,0.0,0,0.0,0.0,0.2631578947368421,1,0,0,70,4.340656e-06,0,0.9999913,87.0,3.0
Gowran Park Racing Results | 15th June 2025 13:55,,13:55,Soft,1540.0,Daytona (IRE),J Cleary,5,A P O'Brien,1st,,2,133,,True,J Cleary,A P O'Brien,Gowran Park Racing Results,J Cleary | A P O'Brien,8,53,0.07852324257781651,0.0,0.0,0.0,0.0,0.0,0.0,0.0,0.0,0.0,0.5,0.0,0,0,0.0,0,0.0,0.0,0.2631578947368421,1,0,0,70,3.764438e-06,0,0.9999925,90.0,4.0
Gowran Park Racing Results | 15th June 2025 13:55,,13:55,Soft,1540.0,Jordi Bear (IRE),J A Heffernan,0,J A Stack,4th,4 1/4 l,2,133,,True,J A Heffernan,J A Stack,Gowran Park Racing Results,J A Heffernan | J A Stack,7,55,0.06304130417480196,0.0,0.0,0.0,0.0,0.0,0.0,0.0,0.0,0.0,0.5,0.0,0,0,0.0,0,0.0,0.0,0.2631578947368421,1,0,0,70,3.1306918e-06,0,0.99999374,93.0,5.0
Gowran Park Racing Results | 15th June 2025 13:55,,13:55,Soft,1540.0,Melismatic (IRE),D P McDonogh,0,J P O'Brien,2nd,2 1/2 l,2,133,,True,D P McDonogh,J P O'Brien,Gowran Park Racing Results,D P McDonogh | J P O'Brien,26,298,0.06023479270603561,0.0,0.0,0.0,0.0,0.0,0.0,0.0,0.0,0.0,0.5,0.0,0,0,0.0,0,0.0,0.0,0.2631578947368421,1,0,0,70,3.0222527e-06,0,0.999994,94.0,6.0
Gowran Park Racing Results | 15th June 2025 13:55,,13:55,Soft,1540.0,Swinging The World (IRE),J J G Ryan,3,J Davison,8th,Neck,2,133,,True,J J G Ryan,J Davison,Gowran Park Racing Results,J J G Ryan | J Davison,5,64,0.03383067809543546,0.0,0.0,0.0,0.0,0.0,0.0,0.0,0.0,0.0,0.2526315789473684,0.0,0,1,0.0,0,0.0,0.0,0.2631578947368421,1,0,0,70,2.220086e-06,0,0.9999956,102.0,7.0
Gowran Park Racing Results | 15th June 2025 13:55,,13:55,Soft,1540.0,Mr Kobe (IRE),C Geerdharry,7,D Dias,7th,1 1/2 l,2,133,,True,C Geerdharry,D Dias,Gowran Park Racing Results,C Geerdharry | D Dias,1,10,0.01787574951572113,0.0,0.0,0.0,0.0,0.0,0.0,0.0,0.0,0.0,0.34736842105263155,0.0,0,2,0.0,0,0.0,0.0,0.2631578947368421,1,0,0,70,1.8241101e-06,0,0.99999636,106.0,8.0
Gowran Park Racing Results | 15th June 2025 13:55,,13:55,Soft,1540.0,Monvoe (IRE),B M Coen,0,R P Cody,9th,5 l,2,133,,True,B M Coen,R P Cody,Gowran Park Racing Results,B M Coen | R P Cody,0,16,0.0,0.0,0.0,0.0,0.0,0.0,0.0,0.0,0.0,0.0,0.5,0.0,0,0,0.0,0,0.0,0.0,0.2631578947368421,1,0,0,70,2.9529634e-08,0,0.99999994,127.0,9.0
Gowran Park Racing Results | 15th June 2025 13:55,,13:55,Soft,1540.0,Theroadtoserfdom (IRE),L T McAteer,0,B W Duke,10th,5 1/2 l,2,133,,True,L T McAteer,B W Duke,Gowran Park Racing Results,L T McAteer | B W Duke,0,2,0.0,0.0,0.0,0.0,0.0,0.0,0.0,0.0,0.0,0.0,0.5,0.0,0,0,0.0,0,0.0,0.0,0.2631578947368421,1,0,0,70,2.8080157e-08,0,0.99999994,128.0,10.0
Gowran Park Racing Results | 15th June 2025 14:30,,14:30,Soft,1540.0,Lovely (IRE),C Geerdharry,7,D Dias,7th,Nose,3,142,72.0,True,C Geerdharry,D Dias,Gowran Park Racing Results,C Geerdharry | D Dias,1,10,0.01787574951572113,0.0,0.0,1.0,0.0,0.0,0.0,0.0,0.0,0.0,0.618320939271255,0.2,1,6,0.16666666666666666,0,0.0,0.0,0.462406015037594,1,0,0,70,0.07580445,0,0.8483911,21.0,1.0
Gowran Park Racing Results | 15th June 2025 14:30,,14:30,Soft,1540.0,Night Magic (IRE),S Foley,0,Mrs J Harrington,3rd,3 l,3,136,66.0,True,S Foley,M J Harrington,Gowran Park Racing Results,S Foley | M J Harrington,137,1160,0.10077952232508759,0.0,0.0,0.0,0.0,0.0,0.0,0.0,0.0,0.0,0.4297894736842105,0.0,0,3,0.0,0,0.0,0.0,0.3383458646616541,1,0,0,70,4.676781e-06,0,0.99999064,82.0,2.0
Gowran Park Racing Results | 15th June 2025 14:30,,14:30,Soft,1540.0,Asdana (IRE),W J Lee,0,W McCreery,4th,Head,3,139,69.0,True,W J Lee,W McCreery,Gowran Park Racing Results,W J Lee | W McCreery,42,353,0.08923958164602057,0.0,0.0,0.0,0.0,0.0,0.0,0.0,0.0,0.0,0.508070050202429,0.0,0,7,0.0,0,0.0,0.0,0.39849624060150374,1,0,0,70,4.3511623e-06,0,0.9999913,86.0,3.0
Gowran Park Racing Results | 15th June 2025 14:30,,14:30,Soft,1540.0,Highbury See See (IRE),A J Slattery,0,A Slattery,1st,,3,135,65.0,True,A J Slattery,A Slattery,Gowran Park Racing Results,A J Slattery | A Slattery,57,605,0.07342971093785684,0.0,0.0,0.0,0.0,0.0,0.0,0.0,0.0,0.0,0.5393107692307691,0.0,0,4,0.0,0,0.0,0.0,0.3233082706766917,1,0,0,70,3.8895005e-06,0,0.9999922,88.0,4.0
Gowran Park Racing Results | 15th June 2025 14:30,,14:30,Soft,1540.0,Washington Street (IRE),G F Carroll,0,G M Lyons,2nd,1 1/2 l,3,142,72.0,True,G F Carroll,G M Lyons,Gowran Park Racing Results,G F Carroll | G M Lyons,15,174,0.0529370534960144,0.0,0.0,0.0,0.0,0.0,0.0,0.0,0.0,0.0,0.5227578947368421,0.0,0,4,0.0,0,0.0,0.0,0.462406015037594,1,0,0,70,3.0183583e-06,0,0.999994,95.0,5.0
Gowran Park Racing Results | 15th June 2025 14:30,,14:30,Soft,1540.0,Boyne Valley (IRE),W Joyce,3,M Mulvany,10th,2 1/2 l,3,136,66.0,True,W Joyce,M Mulvany,Gowran Park Racing Results,W Joyce | M Mulvany,19,232,0.05305399618188871,0.0,0.0,0.0,0.0,0.0,0.0,0.0,0.0,0.0,0.4993377327935222,0.0,0,5,0.0,0,0.0,0.0,0.3383458646616541,1,0,0,70,2.9970124e-06,0,0.999994,96.0,6.0
Gowran Park Racing Results | 15th June 2025 14:30,,14:30,Soft,1540.0,Kilgharrahs Love (IRE),R P Cleary,0,T Cleary,8th,3/4 l,3,119,48.0,True,R P Cleary,T Cleary,Gowran Park Racing Results,R P Cleary | T Cleary,3,55,0.01872287596750009,0.0,0.0,0.0,0.0,0.0,0.0,0.0,0.0,0.0,0.5057158243724695,0.0,0,8,0.0,0,0.0,0.0,0.007518796992481203,1,0,0,70,1.885725e-06,0,0.99999624,105.0,7.0
Gowran Park Racing Results | 15th June 2025 14:30,,14:30,Soft,1540.0,Bamako (IRE),B M Coen,0,A Oliver,6th,3 l,3,126,56.0,True,B M Coen,A Oliver,Gowran Park Racing Results,B M Coen | A Oliver,1,57,0.003103584706680092,0.0,0.0,0.0,0.0,0.0,0.0,0.0,0.0,0.0,0.42942726910445334,0.0,0,10,0.0,0,0.0,0.0,0.045112781954887216,1,0,0,70,1.0114094e-06,0,0.999998,112.0,8.0
Gowran Park Racing Results | 15th June 2025 14:30,,14:30,Soft,1540.0,Withoutfurtherado (IRE),M W Hassett,5,A L T Moore,5th,1/2 l,3,132,62.0,True,M W Hassett,A L T Moore,Gowran Park Racing Results,M W Hassett | A L T Moore,0,3,0.0,0.0,0.0,0.0,0.0,0.0,0.0,0.0,0.0,0.0,0.5682567419757085,0.0,0,9,0.0,0,0.0,0.0,0.19172932330827067,1,0,0,70,7.2402095e-08,0,0.9999999,124.0,9.0
Gowran Park Racing Results | 15th June 2025 14:30,,14:30,Soft,1540.0,Ethereal Star (IRE),C D Hayes,0,M Hassett,11th,5 1/2 l,3,124,54.0,True,C D Hayes,M Hassett,Gowran Park Racing Results,C D Hayes | M Hassett,0,3,0.0,0.0,0.0,0.0,0.0,0.0,0.0,0.0,0.0,0.0,0.34610526315789464,0.0,0,3,0.0,0,0.0,0.0,0.03759398496240601,1,0,0,70,2.4952488e-08,0,0.99999994,129.0,10.0
Gowran Park Racing Results | 15th June 2025 14:30,,14:30,Soft,1540.0,Givehertilxmas (IRE),J A Heffernan,0,G Keane,9th,1/2 l,3,132,62.0,True,J A Heffernan,G Keane,Gowran Park Racing Results,J A Heffernan | G Keane,0,7,0.0,0.0,0.0,0.0,0.0,0.0,0.0,0.0,0.0,0.0,0.31850526315789474,0.0,0,4,0.0,0,0.0,0.0,0.19172932330827067,1,0,0,70,2.4952488e-08,0,0.99999994,129.0,10.0
Gowran Park Racing Results | 15th June 2025 15:05,,15:05,Soft,1540.0,Gypsy Queen (IRE),W J Lee,0,W McCreery,8th,3/4 l,3,137,87.0,True,W J Lee,W McCreery,Gowran Park Racing Results,W J Lee | W McCreery,42,353,0.08923958164602057,1.0,0.0,0.0,0.0,0.0,0.0,0.0,0.0,0.0,0.5621052631578947,0.5,1,2,0.5,0,0.0,0.0,0.35714285714285715,1,0,0,70,0.22712956,0,0.54574084,5.0,1.0
Gowran Park Racing Results | 15th June 2025 15:05,,15:05,Soft,1540.0,Declaree (IRE),B M Coen,0,J P Murtagh,1st,,4,133,73.0,True,B M Coen,J P Murtagh,Gowran Park Racing Results,B M Coen | J P Murtagh,95,774,0.1014667166243255,0.0,0.0,0.0,0.0,0.0,0.0,0.0,0.5,0.0,0.5440421243868825,0.2,1,12,0.08333333333333333,0,0.0,0.0,0.2631578947368421,0,1,0,70,0.20646474,0,0.5870705,7.0,2.0
Gowran Park Racing Results | 15th June 2025 15:05,,15:05,Soft,1540.0,Neo Smart (IRE),D P McDonogh,0,J S Bolger,6th,2 1/4 l,4,132,72.0,True,D P McDonogh,J S Bolger,Gowran Park Racing Results,D P McDonogh | J S Bolger,3,41,0.025197373252564128,0.125,0.0,0.0,0.0,0.0,0.0,0.0,1.0,0.0,0.6369204588295717,0.0,2,21,0.09523809523809523,0,0.0,0.0,0.19172932330827067,0,1,0,70,0.16638976,0,0.6672205,9.0,3.0
Gowran Park Racing Results | 15th June 2025 15:05,,15:05,Soft,1540.0,Ribchestina (IRE),J A Powell,3,M O'Callaghan,4th,Neck,4,137,77.0,True,J A Powell,M O'Callaghan,Gowran Park Racing Results,J A Powell | M O'Callaghan,6,30,0.09504978102401236,0.0,0.0,0.0,0.0,0.0,0.0,1.0,0.0,0.0,0.573893650202429,0.0,1,6,0.16666666666666666,0,0.0,0.0,0.35714285714285715,0,1,0,70,0.15218881,0,0.6956224,12.0,4.0
Gowran Park Racing Results | 15th June 2025 15:05,,15:05,Soft,1540.0,Tai Tam Bay (IRE),C D Hayes,0,E & P Harty,9th,6 1/2 l,4,132,72.0,True,C D Hayes,E & P Harty,Gowran Park Racing Results,C D Hayes | E & P Harty,11,131,0.04753258415991871,0.0,0.0,1.0,0.0,0.0,0.0,0.0,0.0,0.0,0.596561578451895,0.0,1,18,0.05555555555555555,0,0.0,0.0,0.19172932330827067,0,1,0,70,0.11105998,0,0.7778801,18.0,5.0
Gowran Park Racing Results | 15th June 2025 15:05,,15:05,Soft,1540.0,Honeysuckle Rose,D McMonagle,0,J P O'Brien,3rd,2 1/2 l,3,130,80.0,True,D McMonagle,J P O'Brien,Gowran Park Racing Results,D McMonagle | J P O'Brien,88,517,0.14027744722629995,0.0,0.0,0.0,0.0,0.0,0.0,0.0,1.0,0.0,0.4872631578947368,0.3333333333333333,1,3,0.3333333333333333,0,0.0,0.0,0.14285714285714285,1,0,0,70,0.004256559,0,0.9914869,29.0,6.0
Gowran Park Racing Results | 15th June 2025 15:05,,15:05,Soft,1540.0,Four Blondes (IRE),D W O'Connor,0,R O'Sullivan,2nd,Neck,4,140,80.0,True,D W O'Connor,R O'Sullivan,Gowran Park Racing Results,D W O'Connor | R O'Sullivan,5,29,0.07597745271479932,0.1,0.0,0.0,0.0,0.0,0.0,0.0,0.0,0.0,0.530124146250632,0.0,1,14,0.07142857142857142,0,0.0,0.0,0.41729323308270677,0,1,0,70,0.0027057852,0,0.99458843,30.0,7.0
Gowran Park Racing Results | 15th June 2025 15:05,,15:05,Soft,1540.0,Marakesh,S Foley,0,H De Bromhead,7th,Neck,5,140,80.0,True,S Foley,H D Bromhead,Gowran Park Racing Results,S Foley | H D Bromhead,0,14,0.0,0.3333333333333333,0.0,0.0,0.0,0.0,0.0,0.0,0.0,0.0,0.49939009068825896,0.2,1,7,0.14285714285714285,0,0.0,0.0,0.41729323308270677,0,1,0,70,0.0007912804,0,0.99841744,40.0,8.0
Gowran Park Racing Results | 15th June 2025 15:05,,15:05,Soft,1540.0,Empress Artemis (IRE),G F Carroll,0,G M Lyons,5th,2 1/2 l,3,127,77.0,True,G F Carroll,G M Lyons,Gowran Park Racing Results,G F Carroll | G M Lyons,15,174,0.0529370534960144,0.0,0.0,0.0,0.0,0.0,0.0,0.0,0.5,0.0,0.6497765182186234,0.3333333333333333,1,3,0.3333333333333333,0,0.0,0.0,0.06766917293233082,1,0,0,70,0.00034548368,0,0.999309,46.0,9.0
Gowran Park Racing Results | 15th June 2025 15:35,,15:35,Soft,1760.0,Run The Jewels (IRE),B M Coen,0,Daniel McLoughlin,11th,7 l,8,138,56.0,True,B M Coen,D McLoughlin,Gowran Park Racing Results,B M Coen | D McLoughlin,3,12,0.08894003962896137,0.0,0.0,0.0,1.0,0.0,0.0,0.0,0.2,0.0,0.5663427865063129,0.0,2,14,0.14285714285714285,0,0.0,0.0,0.37593984962406013,0,0,1,70,0.13481908,0,0.7303618,13.0,1.0
Gowran Park Racing Results | 15th June 2025 15:35,,15:35,Soft,1760.0,Miss Abby Jools (IRE),R P Whelan,0,T Doyle,8th,1/2 l,6,141,59.0,True,R P Whelan,T Doyle,Gowran Park Racing Results,R P Whelan | T Doyle,1,44,0.00402314838563701,0.0,0.0,0.0,0.0,0.0,0.0,0.0,0.18181818181818182,0.0,0.6833480127192333,0.0,2,23,0.08695652173913043,0,0.0,0.0,0.43609022556390975,0,1,0,70,0.0422132,0,0.9155736,27.0,2.0
Gowran Park Racing Results | 15th June 2025 15:35,,15:35,Soft,1760.0,Sneddy Eddie (IRE),P McGettigan,7,N C Kelly,1st,,5,132,50.0,True,P McGettigan,N C Kelly,Gowran Park Racing Results,P McGettigan | N C Kelly,0,2,0.0,0.0,0.3333333333333333,0.0,0.0,0.0,0.0,0.0,0.0,0.3333333333333333,0.5237224261371272,0.0,2,18,0.1111111111111111,0,0.0,0.0,0.19172932330827067,0,1,0,70,0.0009634134,0,0.99807316,36.0,3.0
Gowran Park Racing Results | 15th June 2025 15:35,,15:35,Soft,1760.0,Dazzling Spirit (IRE),W Joyce,3,C Collins,12th,1/2 l,7,122,40.0,True,W Joyce,C Collins,Gowran Park Racing Results,W Joyce | C Collins,0,13,0.0,0.16666666666666666,0.0,0.0,0.2,0.0,1.0,0.0,0.0,0.0,0.6374131712282936,0.2,4,33,0.12121212121212122,0,0.0,0.0,0.015037593984962405,0,0,1,70,0.00083742465,0,0.99832517,39.0,4.0
Gowran Park Racing Results | 15th June 2025 15:35,,15:35,Soft,1760.0,May Night,K G Kennedy,5,S M Duffy,7th,2 l,7,136,54.0,True,K G Kennedy,S M Duffy,Gowran Park Racing Results,K G Kennedy | S M Duffy,0,7,0.0,0.3333333333333333,0.0,0.0,0.0,0.0,0.0,0.0,0.0,0.0,0.5085741746686985,0.0,1,18,0.05555555555555555,0,0.0,0.0,0.3383458646616541,0,0,1,70,0.00076835335,0,0.9984633,41.0,5.0
Gowran Park Racing Results | 15th June 2025 15:35,,15:35,Soft,1760.0,Roderick,S Foley,0,P Sweeney,5th,Head,9,127,45.0,True,S Foley,P Sweeney,Gowran Park Racing Results,S Foley | P Sweeney,0,1,0.0,0.0,0.0,0.5,0.0,0.0,0.0,0.0,0.0,0.0,0.566137510727853,0.0,1,34,0.029411764705882353,0,0.0,0.0,0.06766917293233082,0,0,1,70,0.00072615803,0,0.9985477,43.0,6.0
Gowran Park Racing Results | 15th June 2025 15:35,,15:35,Soft,1760.0,Carvalhal (IRE),Nicola Burns,7,R P Burns,3rd,3/4 l,4,138,56.0,True,N Burns,R P Burns,Gowran Park Racing Results,N Burns | R P Burns,3,20,0.05236779195949582,0.0,0.0,0.0,0.0,0.0,0.0,0.0,0.0,0.0,0.6909207449392711,0.0,0,5,0.0,0,0.0,0.0,0.37593984962406013,0,1,0,70,0.00013867064,0,0.99972266,52.0,7.0
Gowran Park Racing Results | 15th June 2025 15:35,,15:35,Soft,1760.0,Pegasus Of Harry,K J Leonard,0,E O'Connell,6th,1 l,4,132,50.0,True,K J Leonard,E O'Connell,Gowran Park Racing Results,K J Leonard | E O'Connell,1,18,0.009874935830924522,0.0,0.0,0.0,0.0,0.0,0.0,0.0,0.0,0.0,0.5768417394331984,0.0,0,7,0.0,0,0.0,0.0,0.19172932330827067,0,1,0,70,2.7147089e-05,0,0.9999457,63.0,8.0
Gowran Park Racing Results | 15th June 2025 15:35,,15:35,Soft,1760.0,So Messi (IRE),R Whearty,3,T G McCourt,4th,1/2 l,5,123,41.0,True,R Whearty,T G McCourt,Gowran Park Racing Results,R Whearty | T G McCourt,4,52,0.03031885429734589,0.0,0.0,0.0,0.0,0.0,0.0,0.0,0.0,0.0,0.5656597131940362,0.0,0,18,0.0,0,0.0,0.0,0.02631578947368421,0,1,0,70,9.795872e-06,0,0.9999804,73.0,9.0
Gowran Park Racing Results | 15th June 2025 15:35,,15:35,Soft,1760.0,Suityourselfboss (IRE),S Coen,7,M J Browne,15th,1 l,6,131,49.0,True,S Coen,M J Browne,Gowran Park Racing Results,S Coen | M J Browne,0,5,0.0,0.0,0.0,0.0,0.0,0.0,0.0,0.0,0.06666666666666667,0.0,0.6199164454397186,0.0,1,23,0.043478260869565216,0,0.0,0.0,0.15789473684210525,0,1,0,70,6.093222e-06,0,0.99998784,79.0,10.0
Gowran Park Racing Results | 15th June 2025 15:35,,15:35,Soft,1760.0,Pare Of Brown Eyes (IRE),L T McAteer,0,J M Barrett,13th,Short Head,4,127,45.0,True,L T McAteer,J M Barrett,Gowran Park Racing Results,L T McAteer | J M Barrett,2,81,0.006797444910187032,0.0,0.0,0.0,0.0,0.0,0.0,0.0,0.0,0.0,0.3096485829959514,0.0,0,4,0.0,0,0.0,0.0,0.06766917293233082,0,1,0,70,1.9056022e-06,0,0.9999962,104.0,11.0
Gowran Park Racing Results | 15th June 2025 15:35,,15:35,Soft,1760.0,Golden Goose (IRE),J A Heffernan,0,Miss T L Cogan,10th,1/2 l,5,142,60.0,True,J A Heffernan,M T L Cogan,Gowran Park Racing Results,J A Heffernan | M T L Cogan,0,2,0.0,0.0,0.0,0.0,0.0,0.0,0.0,0.0,0.0,0.0,0.3718248906882591,0.0,0,5,0.0,0,0.0,0.0,0.462406015037594,0,1,0,70,1.6784874e-07,0,0.99999964,122.0,12.0
Gowran Park Racing Results | 15th June 2025 15:35,,15:35,Soft,1760.0,Saith Seren,G M Ryan,0,A Lee,9th,3/4 l,4,134,52.0,True,G M Ryan,A Lee,Gowran Park Racing Results,G M Ryan | A Lee,0,0,0.0,0.0,0.0,0.0,0.0,0.0,0.0,0.0,0.0,0.0,0.42325056787044524,0.0,0,8,0.0,0,0.0,0.0,0.31203007518796994,0,1,0,70,1.5253956e-07,0,0.9999997,123.0,13.0
Gowran Park Racing Results | 15th June 2025 15:35,,15:35,Soft,1760.0,Poppadom (IRE),J S Dalton,10,A Slattery,2nd,Neck,4,127,45.0,True,J S Dalton,A Slattery,Gowran Park Racing Results,J S Dalton | A Slattery,0,36,0.0,0.0,0.0,0.0,0.0,0.0,0.0,0.0,0.0,0.0,0.505824126539017,0.0,0,26,0.0,0,0.0,0.0,0.06766917293233082,0,1,0,70,6.345679e-08,0,0.9999999,125.0,14.0
Gowran Park Racing Results | 15th June 2025 15:35,,15:35,Soft,1760.0,Madam Alkaterina (IRE),R M Mulligan,7,K Dempsey,14th,2 1/4 l,4,130,48.0,True,R M Mulligan,K Dempsey,Gowran Park Racing Results,R M Mulligan | K Dempsey,0,1,0.0,0.0,0.0,0.0,0.0,0.0,0.0,0.0,0.0,0.0,0.23684210526315788,0.0,0,3,0.0,0,0.0,0.0,0.14285714285714285,0,1,0,70,5.970317e-08,0,0.9999999,126.0,15.0
Gowran Park Racing Results | 15th June 2025 16:10,,16:10,Soft,2080.0,Onemoredance (IRE),J A Powell,0,J P Murtagh,2nd,3/4 l,3,123,63.0,True,J A Powell,J P Murtagh,Gowran Park Racing Results,J A Powell | J P Murtagh,5,63,0.03437534033651937,0.0,0.0,0.5,0.0,0.0,0.0,0.0,0.0,0.0,0.5155296680161943,0.2,1,6,0.16666666666666666,0,0.0,0.0,0.02631578947368421,1,0,0,70,0.24618687,0,0.5076263,3.0,1.0
Gowran Park Racing Results | 15th June 2025 16:10,,16:10,Soft,2080.0,Sunriseontheboyne (IRE),W Joyce,0,M Mulvany,4th,2 1/2 l,3,139,79.0,True,W Joyce,M Mulvany,Gowran Park Racing Results,W Joyce | M Mulvany,19,232,0.05305399618188871,0.2,0.0,0.0,0.0,0.0,0.5,0.0,0.5,0.0,0.5852332977439817,0.2,5,21,0.23809523809523808,0,0.0,0.0,0.39849624060150374,1,0,0,70,0.10786888,0,0.78426224,19.0,2.0
Gowran Park Racing Results | 15th June 2025 16:10,,16:10,Soft,2080.0,Woodshaw Whisper (IRE),J J G Ryan,0,G M Lyons,3rd,1 3/4 l,3,142,82.0,True,J J G Ryan,G M Lyons,Gowran Park Racing Results,J J G Ryan | G M Lyons,5,65,0.03330301045885138,0.0,0.0,0.0,0.0,0.0,0.0,0.0,1.0,0.0,0.5810526315789474,0.5,1,2,0.5,0,0.0,0.0,0.462406015037594,1,0,0,70,0.0008804841,0,0.99823904,38.0,3.0
Gowran Park Racing Results | 15th June 2025 16:10,,16:10,Soft,2080.0,Starford (IRE),M W Hassett,0,J P O'Brien,1st,,3,127,67.0,True,M W Hassett,J P O'Brien,Gowran Park Racing Results,M W Hassett | J P O'Brien,14,135,0.06278392452983501,0.0,0.0,0.0,0.0,0.0,0.0,0.0,0.0,0.0,0.379578947368421,0.0,0,3,0.0,0,0.0,0.0,0.06766917293233082,1,0,0,70,3.3622377e-06,0,0.99999326,91.0,4.0
Gowran Park Racing Results | 15th June 2025 16:10,,16:10,Soft,2080.0,School Of Athens (IRE),P McGettigan,7,J P Murtagh,6th,7 l,3,130,70.0,True,P McGettigan,J P Murtagh,Gowran Park Racing Results,P McGettigan | J P Murtagh,4,28,0.056989129307017855,0.0,0.0,0.0,0.0,0.0,0.0,0.0,0.0,0.0,0.429565894736842,0.0,0,5,0.0,0,0.0,0.0,0.14285714285714285,1,0,0,70,3.1494078e-06,0,0.9999937,92.0,5.0
Gowran Park Racing Results | 15th June 2025 16:10,,16:10,Soft,2080.0,Truth Be Told (IRE),J Kearney,0,D K Weld,5th,4 1/4 l,3,138,78.0,True,J Kearney,D K Weld,Gowran Park Racing Results,J Kearney | D K Weld,1,8,0.02241690886329618,0.0,0.0,0.0,0.0,0.0,0.0,0.0,0.0,0.0,0.49882105263157894,0.0,0,5,0.0,0,0.0,0.0,0.37593984962406013,1,0,0,70,2.00956e-06,0,0.999996,103.0,6.0
Gowran Park Racing Results | 15th June 2025 16:40,,16:40,Soft,2080.0,Parga Diamond (IRE),D P McDonogh,0,Miss H McLoughlin,7th,2 1/4 l,6,141,,True,D P McDonogh,M H McLoughlin,Gowran Park Racing Results,D P McDonogh | M H McLoughlin,0,1,0.0,0.5,0.0,0.0,0.0,0.0,0.0,0.0,0.0,0.0,0.3846707810526315,0.2,1,8,0.125,0,0.0,0.0,0.43609022556390975,0,1,0,70,0.0018229549,0,0.9963541,34.0,1.0
Gowran Park Racing Results | 15th June 2025 16:40,,16:40,Soft,2080.0,Angelight (IRE),D McMonagle,0,J P O'Brien,3rd,5 l,3,129,,True,D McMonagle,J P O'Brien,Gowran Park Racing Results,D McMonagle | J P O'Brien,88,517,0.14027744722629995,0.0,0.0,0.0,0.0,0.0,0.0,0.0,0.0,0.0,0.43894736842105253,0.0,0,2,0.0,0,0.0,0.0,0.10902255639097744,1,0,0,70,6.2395325e-06,0,0.99998754,78.0,2.0
Gowran Park Racing Results | 15th June 2025 16:40,,16:40,Soft,2080.0,Etawa (IRE),C D Hayes,0,D K Weld,4th,2 1/2 l,3,129,,True,C D Hayes,D K Weld,Gowran Park Racing Results,C D Hayes | D K Weld,82,670,0.09970177812697564,0.0,0.0,0.0,0.0,0.0,0.0,0.0,0.0,0.0,0.5368421052631579,0.0,0,2,0.0,0,0.0,0.0,0.10902255639097744,1,0,0,70,4.5515367e-06,0,0.9999909,83.0,3.0
Gowran Park Racing Results | 15th June 2025 16:40,,16:40,Soft,2080.0,Walk The Highline (IRE),B M Coen,0,J P Murtagh,2nd,3 1/4 l,3,129,,True,B M Coen,J P Murtagh,Gowran Park Racing Results,B M Coen | J P Murtagh,95,774,0.1014667166243255,0.0,0.0,0.0,0.0,0.0,0.0,0.0,0.0,0.0,0.5,0.0,0,0,0.0,0,0.0,0.0,0.10902255639097744,1,0,0,70,4.357553e-06,0,0.9999913,85.0,4.0
Gowran Park Racing Results | 15th June 2025 16:40,,16:40,Soft,2080.0,Imnoaprilfool (IRE),W Joyce,3,M Mulvany,8th,3 1/4 l,3,129,,True,W Joyce,M Mulvany,Gowran Park Racing Results,W Joyce | M Mulvany,19,232,0.05305399618188871,0.0,0.0,0.0,0.0,0.0,0.0,0.0,0.0,0.0,0.5,0.0,0,0,0.0,0,0.0,0.0,0.10902255639097744,1,0,0,70,2.7609356e-06,0,0.99999446,98.0,5.0
Gowran Park Racing Results | 15th June 2025 16:40,,16:40,Soft,2080.0,Green Rose (IRE),L F Roche,0,D K Weld,6th,2 1/2 l,3,129,,True,L F Roche,D K Weld,Gowran Park Racing Results,L F Roche | D K Weld,7,69,0.05001600257161549,0.0,0.0,0.0,0.0,0.0,0.0,0.0,0.0,0.0,0.5,0.0,0,0,0.0,0,0.0,0.0,0.10902255639097744,1,0,0,70,2.6570026e-06,0,0.9999947,99.0,6.0
Gowran Park Racing Results | 15th June 2025 16:40,,16:40,Soft,2080.0,Offshore Bay (IRE),G F Carroll,0,H De Bromhead,1st,,3,129,,True,G F Carroll,H D Bromhead,Gowran Park Racing Results,G F Carroll | H D Bromhead,3,26,0.04003171821149494,0.0,0.0,0.0,0.0,0.0,0.0,0.0,0.0,0.0,0.43894736842105253,0.0,0,2,0.0,0,0.0,0.0,0.10902255639097744,1,0,0,70,2.4689514e-06,0,0.99999505,100.0,7.0
Gowran Park Racing Results | 15th June 2025 16:40,,16:40,Soft,2080.0,Ocean Diamond (IRE),J A Heffernan,0,Derek McCormack,5th,13 l,4,141,,True,J A Heffernan,D McCormack,Gowran Park Racing Results,J A Heffernan | D McCormack,0,0,0.0,0.0,0.0,0.0,0.0,0.0,0.0,0.0,0.0,0.0,0.47684210526315784,0.0,0,2,0.0,0,0.0,0.0,0.43609022556390975,0,1,0,70,4.4159694e-07,0,0.9999991,119.0,8.0
Gowran Park Racing Results | 15th June 2025 17:10,,17:10,Soft,2080.0,Fleur De Chine,S Foley,0,Mrs J Harrington,4th,28 l,4,134,97.0,True,S Foley,M J Harrington,Gowran Park Racing Results,S Foley | M J Harrington,137,1160,0.10077952232508759,0.3333333333333333,0.0,0.0,0.0,0.0,0.0,1.0,0.0,0.0,0.5234066830274153,0.0,3,14,0.21428571428571427,0,0.0,0.0,0.31203007518796994,0,1,0,70,0.18792655,0,0.62414694,8.0,1.0
Gowran Park Racing Results | 15th June 2025 17:10,,17:10,Soft,2080.0,Viking Invasion (IRE),D McMonagle,0,J P O'Brien,3rd,2 1/4 l,3,132,91.0,True,D McMonagle,J P O'Brien,Gowran Park Racing Results,D McMonagle | J P O'Brien,88,517,0.14027744722629995,0.0,0.0,0.0,1.0,0.0,0.0,0.0,0.0,0.0,0.524359762834008,0.2,1,8,0.125,0,0.0,0.0,0.19172932330827067,1,0,0,70,0.13397437,0,0.73205125,14.0,2.0
Gowran Park Racing Results | 15th June 2025 17:10,,17:10,Soft,2080.0,Eastwatch (IRE),A J Slattery,0,A Slattery,1st,,3,132,,True,A J Slattery,A Slattery,Gowran Park Racing Results,A J Slattery | A Slattery,57,605,0.07342971093785684,0.0,0.0,1.0,0.0,0.0,0.0,0.0,0.0,0.0,0.5412631578947368,0.3333333333333333,1,3,0.3333333333333333,0,0.0,0.0,0.19172932330827067,1,0,0,70,0.13209139,0,0.7358172,15.0,3.0
Gowran Park Racing Results | 15th June 2025 17:10,,17:10,Soft,2080.0,Cristal Clere (IRE),J A Heffernan,0,J Nallen,2nd,1 l,7,139,101.0,True,J A Heffernan,J Nallen,Gowran Park Racing Results,J A Heffernan | J Nallen,1,7,0.02567895594897479,0.0,0.0,0.5,0.0,0.0,0.0,0.0,0.1,0.3333333333333333,0.6215114304384085,0.0,4,27,0.14814814814814814,0,0.0,0.0,0.39849624060150374,0,0,1,70,0.07521573,0,0.84956855,22.0,4.0
