track_name,race_date,race_time,going,distance,horse_name,jockey,claims,trainer,race_position,lost_by_length,age,weight,rating,first_place_found,country
Gowran Park Racing Results | 15th June 2025 13:55,,13:55,Soft,7f,Theroadtoserfdom (IRE),L T McAteer,0,B W Duke,10th,5 1/2 l,2,9-7,-,True,Ireland
Gowran Park Racing Results | 15th June 2025 13:55,,13:55,Soft,7f,Monvoe (IRE),B M Coen,0,R P Cody,9th,5 l,2,9-7,-,True,Ireland
Gowran Park Racing Results | 15th June 2025 13:55,,13:55,Soft,7f,Swinging The World (IRE),J J G Ryan,3,J Davison,8th,Neck,2,9-7,-,True,Ireland
Gowran Park Racing Results | 15th June 2025 13:55,,13:55,Soft,7f,Mr Kobe (IRE),C Geerdharry,7,D Dias,7th,1 1/2 l,2,9-7h,-,True,Ireland
Gowran Park Racing Results | 15th June 2025 13:55,,13:55,Soft,7f,Estoublon (IRE),D McMonagle,0,J P O'Brien,6th,1 3/4 l,2,9-7,-,True,Ireland
Gowran Park Racing Results | 15th June 2025 13:55,,13:55,Soft,7f,Monocle Rocket (IRE),W J Lee,0,H De Bromhead,5th,5 l,2,9-7p1,-,True,Ireland
Gowran Park Racing Results | 15th June 2025 13:55,,13:55,Soft,7f,Jordi Bear (IRE),J A Heffernan,0,J A Stack,4th,4 1/4 l,2,9-7,-,True,Ireland
Gowran Park Racing Results | 15th June 2025 13:55,,13:55,Soft,7f,Seoul Force (IRE),S Foley,0,Mrs J Harrington,3rd,Neck,2,9-7,-,True,Ireland
Gowran Park Racing Results | 15th June 2025 13:55,,13:55,Soft,7f,Melismatic (IRE),D P McDonogh,0,J P O'Brien,2nd,2 1/2 l,2,9-7,-,True,Ireland
Gowran Park Racing Results | 15th June 2025 13:55,,13:55,Soft,7f,Daytona (IRE),J Cleary,5,A P O'Brien,1st,,2,9-7,-,True,Ireland
Gowran Park Racing Results | 15th June 2025 13:55,,13:55,Soft,7f,Theroadtoserfdom (IRE),L T McAteer,0,B W Duke,10th,5 1/2 l,2,9-7,-,True,Ireland
Gowran Park Racing Results | 15th June 2025 13:55,,13:55,Soft,7f,Monvoe (IRE),B M Coen,0,R P Cody,9th,5 l,2,9-7,-,True,Ireland
Gowran Park Racing Results | 15th June 2025 13:55,,13:55,Soft,7f,Swinging The World (IRE),J J G Ryan,3,J Davison,8th,Neck,2,9-7,-,True,Ireland
Gowran Park Racing Results | 15th June 2025 13:55,,13:55,Soft,7f,Mr Kobe (IRE),C Geerdharry,7,D Dias,7th,1 1/2 l,2,9-7h,-,True,Ireland
Gowran Park Racing Results | 15th June 2025 13:55,,13:55,Soft,7f,Estoublon (IRE),D McMonagle,0,J P O'Brien,6th,1 3/4 l,2,9-7,-,True,Ireland
Gowran Park Racing Results | 15th June 2025 13:55,,13:55,Soft,7f,Monocle Rocket (IRE),W J Lee,0,H De Bromhead,5th,5 l,2,9-7p1,-,True,Ireland
Gowran Park Racing Results | 15th June 2025 13:55,,13:55,Soft,7f,Jordi Bear (IRE),J A Heffernan,0,J A Stack,4th,4 1/4 l,2,9-7,-,True,Ireland
Gowran Park Racing Results | 15th June 2025 13:55,,13:55,Soft,7f,Seoul Force (IRE),S Foley,0,Mrs J Harrington,3rd,Neck,2,9-7,-,True,Ireland
Gowran Park Racing Results | 15th June 2025 13:55,,13:55,Soft,7f,Melismatic (IRE),D P McDonogh,0,J P O'Brien,2nd,2 1/2 l,2,9-7,-,True,Ireland
Gowran Park Racing Results | 15th June 2025 13:55,,13:55,Soft,7f,Daytona (IRE),J Cleary,5,A P O'Brien,1st,,2,9-7,-,True,Ireland
Gowran Park Racing Results | 15th June 2025 14:30,,14:30,Soft,7f,Ethereal Star (IRE),C D Hayes,0,M Hassett,11th,5 1/2 l,3,8-12,54,True,Ireland
Gowran Park Racing Results | 15th June 2025 14:30,,14:30,Soft,7f,Boyne Valley (IRE),W Joyce,3,M Mulvany,10th,2 1/2 l,3,9-10,66,True,Ireland
Gowran Park Racing Results | 15th June 2025 14:30,,14:30,Soft,7f,Givehertilxmas (IRE),J A Heffernan,0,G Keane,9th,1/2 l,3,9-6,62,True,Ireland
Gowran Park Racing Results | 15th June 2025 14:30,,14:30,Soft,7f,Kilgharrahs Love (IRE),R P Cleary,0,T Cleary,8th,3/4 l,3,8-7,48,True,Ireland
Gowran Park Racing Results | 15th June 2025 14:30,,14:30,Soft,7f,Lovely (IRE),C Geerdharry,7,D Dias,7th,Nose,3,10-2,72,True,Ireland
Gowran Park Racing Results | 15th June 2025 14:30,,14:30,Soft,7f,Bamako (IRE),B M Coen,0,A Oliver,6th,3 l,3,9-0v,56,True,Ireland
Gowran Park Racing Results | 15th June 2025 14:30,,14:30,Soft,7f,Withoutfurtherado (IRE),M W Hassett,5,A L T Moore,5th,1/2 l,3,9-6,62,True,Ireland
Gowran Park Racing Results | 15th June 2025 14:30,,14:30,Soft,7f,Asdana (IRE),W J Lee,0,W McCreery,4th,Head,3,9-13v,69,True,Ireland
Gowran Park Racing Results | 15th June 2025 14:30,,14:30,Soft,7f,Night Magic (IRE),S Foley,0,Mrs J Harrington,3rd,3 l,3,9-10,66,True,Ireland
Gowran Park Racing Results | 15th June 2025 14:30,,14:30,Soft,7f,Washington Street (IRE),G F Carroll,0,G M Lyons,2nd,1 1/2 l,3,10-2,72,True,Ireland
Gowran Park Racing Results | 15th June 2025 14:30,,14:30,Soft,7f,Highbury See See (IRE),A J Slattery,0,A Slattery,1st,,3,9-9,65,True,Ireland
Gowran Park Racing Results | 15th June 2025 14:30,,14:30,Soft,7f,Ethereal Star (IRE),C D Hayes,0,M Hassett,11th,5 1/2 l,3,8-12,54,True,Ireland
Gowran Park Racing Results | 15th June 2025 14:30,,14:30,Soft,7f,Boyne Valley (IRE),W Joyce,3,M Mulvany,10th,2 1/2 l,3,9-10,66,True,Ireland
Gowran Park Racing Results | 15th June 2025 14:30,,14:30,Soft,7f,Givehertilxmas (IRE),J A Heffernan,0,G Keane,9th,1/2 l,3,9-6,62,True,Ireland
Gowran Park Racing Results | 15th June 2025 14:30,,14:30,Soft,7f,Kilgharrahs Love (IRE),R P Cleary,0,T Cleary,8th,3/4 l,3,8-7,48,True,Ireland
Gowran Park Racing Results | 15th June 2025 14:30,,14:30,Soft,7f,Lovely (IRE),C Geerdharry,7,D Dias,7th,Nose,3,10-2,72,True,Ireland
Gowran Park Racing Results | 15th June 2025 14:30,,14:30,Soft,7f,Bamako (IRE),B M Coen,0,A Oliver,6th,3 l,3,9-0v,56,True,Ireland
Gowran Park Racing Results | 15th June 2025 14:30,,14:30,Soft,7f,Withoutfurtherado (IRE),M W Hassett,5,A L T Moore,5th,1/2 l,3,9-6,62,True,Ireland
Gowran Park Racing Results | 15th June 2025 14:30,,14:30,Soft,7f,Asdana (IRE),W J Lee,0,W McCreery,4th,Head,3,9-13v,69,True,Ireland
Gowran Park Racing Results | 15th June 2025 14:30,,14:30,Soft,7f,Night Magic (IRE),S Foley,0,Mrs J Harrington,3rd,3 l,3,9-10,66,True,Ireland
Gowran Park Racing Results | 15th June 2025 14:30,,14:30,Soft,7f,Washington Street (IRE),G F Carroll,0,G M Lyons,2nd,1 1/2 l,3,10-2,72,True,Ireland
Gowran Park Racing Results | 15th June 2025 14:30,,14:30,Soft,7f,Highbury See See (IRE),A J Slattery,0,A Slattery,1st,,3,9-9,65,True,Ireland
Gowran Park Racing Results | 15th June 2025 15:05,,15:05,Soft,7f,Tai Tam Bay (IRE),C D Hayes,0,E & P Harty,9th,6 1/2 l,4,9-6,72,True,Ireland
Gowran Park Racing Results | 15th June 2025 15:05,,15:05,Soft,7f,Gypsy Queen (IRE),W J Lee,0,W McCreery,8th,3/4 l,3,9-11,87,True,Ireland
Gowran Park Racing Results | 15th June 2025 15:05,,15:05,Soft,7f,Marakesh,S Foley,0,H De Bromhead,7th,Neck,5,10-0,80,True,Ireland
Gowran Park Racing Results | 15th June 2025 15:05,,15:05,Soft,7f,Neo Smart (IRE),D P McDonogh,0,J S Bolger,6th,2 1/4 l,4,9-6t,72,True,Ireland
Gowran Park Racing Results | 15th June 2025 15:05,,15:05,Soft,7f,Empress Artemis (IRE),G F Carroll,0,G M Lyons,5th,2 1/2 l,3,9-1,77,True,Ireland
Gowran Park Racing Results | 15th June 2025 15:05,,15:05,Soft,7f,Ribchestina (IRE),J A Powell,3,M O'Callaghan,4th,Neck,4,9-11,77,True,Ireland
Gowran Park Racing Results | 15th June 2025 15:05,,15:05,Soft,7f,Honeysuckle Rose,D McMonagle,0,J P O'Brien,3rd,2 1/2 l,3,9-4,80,True,Ireland
Gowran Park Racing Results | 15th June 2025 15:05,,15:05,Soft,7f,Four Blondes (IRE),D W O'Connor,0,R O'Sullivan,2nd,Neck,4,10-0h1,80,True,Ireland
Gowran Park Racing Results | 15th June 2025 15:05,,15:05,Soft,7f,Declaree (IRE),B M Coen,0,J P Murtagh,1st,,4,9-7tp,73,True,Ireland
Gowran Park Racing Results | 15th June 2025 15:05,,15:05,Soft,7f,Tai Tam Bay (IRE),C D Hayes,0,E & P Harty,9th,6 1/2 l,4,9-6,72,True,Ireland
Gowran Park Racing Results | 15th June 2025 15:05,,15:05,Soft,7f,Gypsy Queen (IRE),W J Lee,0,W McCreery,8th,3/4 l,3,9-11,87,True,Ireland
Gowran Park Racing Results | 15th June 2025 15:05,,15:05,Soft,7f,Marakesh,S Foley,0,H De Bromhead,7th,Neck,5,10-0,80,True,Ireland
Gowran Park Racing Results | 15th June 2025 15:05,,15:05,Soft,7f,Neo Smart (IRE),D P McDonogh,0,J S Bolger,6th,2 1/4 l,4,9-6t,72,True,Ireland
Gowran Park Racing Results | 15th June 2025 15:05,,15:05,Soft,7f,Empress Artemis (IRE),G F Carroll,0,G M Lyons,5th,2 1/2 l,3,9-1,77,True,Ireland
Gowran Park Racing Results | 15th June 2025 15:05,,15:05,Soft,7f,Ribchestina (IRE),J A Powell,3,M O'Callaghan,4th,Neck,4,9-11,77,True,Ireland
Gowran Park Racing Results | 15th June 2025 15:05,,15:05,Soft,7f,Honeysuckle Rose,D McMonagle,0,J P O'Brien,3rd,2 1/2 l,3,9-4,80,True,Ireland
Gowran Park Racing Results | 15th June 2025 15:05,,15:05,Soft,7f,Four Blondes (IRE),D W O'Connor,0,R O'Sullivan,2nd,Neck,4,10-0h1,80,True,Ireland
Gowran Park Racing Results | 15th June 2025 15:05,,15:05,Soft,7f,Declaree (IRE),B M Coen,0,J P Murtagh,1st,,4,9-7tp,73,True,Ireland
Gowran Park Racing Results | 15th June 2025 15:35,,15:35,Soft,1m,Suityourselfboss (IRE),S Coen,7,M J Browne,15th,1 l,6,9-5p,49,True,Ireland
Gowran Park Racing Results | 15th June 2025 15:35,,15:35,Soft,1m,Madam Alkaterina (IRE),R M Mulligan,7,K Dempsey,14th,2 1/4 l,4,9-4,48,True,Ireland
Gowran Park Racing Results | 15th June 2025 15:35,,15:35,Soft,1m,Pare Of Brown Eyes (IRE),L T McAteer,0,J M Barrett,13th,Short Head,4,9-1p,45,True,Ireland
Gowran Park Racing Results | 15th June 2025 15:35,,15:35,Soft,1m,Dazzling Spirit (IRE),W Joyce,3,C Collins,12th,1/2 l,7,8-10,40,True,Ireland
Gowran Park Racing Results | 15th June 2025 15:35,,15:35,Soft,1m,Run The Jewels (IRE),B M Coen,0,Daniel McLoughlin,11th,7 l,8,9-12,56,True,Ireland
Gowran Park Racing Results | 15th June 2025 15:35,,15:35,Soft,1m,Golden Goose (IRE),J A Heffernan,0,Miss T L Cogan,10th,1/2 l,5,10-2,60,True,Ireland
Gowran Park Racing Results | 15th June 2025 15:35,,15:35,Soft,1m,Saith Seren,G M Ryan,0,A Lee,9th,3/4 l,4,9-8h1,52,True,Ireland
Gowran Park Racing Results | 15th June 2025 15:35,,15:35,Soft,1m,Miss Abby Jools (IRE),R P Whelan,0,T Doyle,8th,1/2 l,6,10-1,59,True,Ireland
Gowran Park Racing Results | 15th June 2025 15:35,,15:35,Soft,1m,May Night,K G Kennedy,5,S M Duffy,7th,2 l,7,9-10p,54,True,Ireland
Gowran Park Racing Results | 15th June 2025 15:35,,15:35,Soft,1m,Pegasus Of Harry,K J Leonard,0,E O'Connell,6th,1 l,4,9-6t,50,True,Ireland
Gowran Park Racing Results | 15th June 2025 15:35,,15:35,Soft,1m,Roderick,S Foley,0,P Sweeney,5th,Head,9,9-1tb,45,True,Ireland
Gowran Park Racing Results | 15th June 2025 15:35,,15:35,Soft,1m,So Messi (IRE),R Whearty,3,T G McCourt,4th,1/2 l,5,8-11t,41,True,Ireland
Gowran Park Racing Results | 15th June 2025 15:35,,15:35,Soft,1m,Carvalhal (IRE),Nicola Burns,7,R P Burns,3rd,3/4 l,4,9-12b1,56,True,Ireland
Gowran Park Racing Results | 15th June 2025 15:35,,15:35,Soft,1m,Poppadom (IRE),J S Dalton,10,A Slattery,2nd,Neck,4,9-1,45,True,Ireland
Gowran Park Racing Results | 15th June 2025 15:35,,15:35,Soft,1m,Sneddy Eddie (IRE),P McGettigan,7,N C Kelly,1st,,5,9-6,50,True,Ireland
Gowran Park Racing Results | 15th June 2025 15:35,,15:35,Soft,1m,Suityourselfboss (IRE),S Coen,7,M J Browne,15th,1 l,6,9-5p,49,True,Ireland
Gowran Park Racing Results | 15th June 2025 15:35,,15:35,Soft,1m,Madam Alkaterina (IRE),R M Mulligan,7,K Dempsey,14th,2 1/4 l,4,9-4,48,True,Ireland
Gowran Park Racing Results | 15th June 2025 15:35,,15:35,Soft,1m,Pare Of Brown Eyes (IRE),L T McAteer,0,J M Barrett,13th,Short Head,4,9-1p,45,True,Ireland
Gowran Park Racing Results | 15th June 2025 15:35,,15:35,Soft,1m,Dazzling Spirit (IRE),W Joyce,3,C Collins,12th,1/2 l,7,8-10,40,True,Ireland
Gowran Park Racing Results | 15th June 2025 15:35,,15:35,Soft,1m,Run The Jewels (IRE),B M Coen,0,Daniel McLoughlin,11th,7 l,8,9-12,56,True,Ireland
Gowran Park Racing Results | 15th June 2025 15:35,,15:35,Soft,1m,Golden Goose (IRE),J A Heffernan,0,Miss T L Cogan,10th,1/2 l,5,10-2,60,True,Ireland
Gowran Park Racing Results | 15th June 2025 15:35,,15:35,Soft,1m,Saith Seren,G M Ryan,0,A Lee,9th,3/4 l,4,9-8h1,52,True,Ireland
Gowran Park Racing Results | 15th June 2025 15:35,,15:35,Soft,1m,Miss Abby Jools (IRE),R P Whelan,0,T Doyle,8th,1/2 l,6,10-1,59,True,Ireland
Gowran Park Racing Results | 15th June 2025 15:35,,15:35,Soft,1m,May Night,K G Kennedy,5,S M Duffy,7th,2 l,7,9-10p,54,True,Ireland
Gowran Park Racing Results | 15th June 2025 15:35,,15:35,Soft,1m,Pegasus Of Harry,K J Leonard,0,E O'Connell,6th,1 l,4,9-6t,50,True,Ireland
Gowran Park Racing Results | 15th June 2025 15:35,,15:35,Soft,1m,Roderick,S Foley,0,P Sweeney,5th,Head,9,9-1tb,45,True,Ireland
Gowran Park Racing Results | 15th June 2025 15:35,,15:35,Soft,1m,So Messi (IRE),R Whearty,3,T G McCourt,4th,1/2 l,5,8-11t,41,True,Ireland
Gowran Park Racing Results | 15th June 2025 15:35,,15:35,Soft,1m,Carvalhal (IRE),Nicola Burns,7,R P Burns,3rd,3/4 l,4,9-12b1,56,True,Ireland
Gowran Park Racing Results | 15th June 2025 15:35,,15:35,Soft,1m,Poppadom (IRE),J S Dalton,10,A Slattery,2nd,Neck,4,9-1,45,True,Ireland
Gowran Park Racing Results | 15th June 2025 15:35,,15:35,Soft,1m,Sneddy Eddie (IRE),P McGettigan,7,N C Kelly,1st,,5,9-6,50,True,Ireland
Gowran Park Racing Results | 15th June 2025 16:10,,16:10,Soft,1m 1f 100y,School Of Athens (IRE),P McGettigan,7,J P Murtagh,6th,7 l,3,9-4p1,70,True,Ireland
Gowran Park Racing Results | 15th June 2025 16:10,,16:10,Soft,1m 1f 100y,Truth Be Told (IRE),J Kearney,0,D K Weld,5th,4 1/4 l,3,9-12p,78,True,Ireland
Gowran Park Racing Results | 15th June 2025 16:10,,16:10,Soft,1m 1f 100y,Sunriseontheboyne (IRE),W Joyce,0,M Mulvany,4th,2 1/2 l,3,9-13,79,True,Ireland
Gowran Park Racing Results | 15th June 2025 16:10,,16:10,Soft,1m 1f 100y,Woodshaw Whisper (IRE),J J G Ryan,0,G M Lyons,3rd,1 3/4 l,3,10-2,82,True,Ireland
Gowran Park Racing Results | 15th June 2025 16:10,,16:10,Soft,1m 1f 100y,Onemoredance (IRE),J A Powell,0,J P Murtagh,2nd,3/4 l,3,8-11p1,63,True,Ireland
Gowran Park Racing Results | 15th June 2025 16:10,,16:10,Soft,1m 1f 100y,Starford (IRE),M W Hassett,0,J P O'Brien,1st,,3,9-1,67,True,Ireland
Gowran Park Racing Results | 15th June 2025 16:10,,16:10,Soft,1m 1f 100y,School Of Athens (IRE),P McGettigan,7,J P Murtagh,6th,7 l,3,9-4p1,70,True,Ireland
Gowran Park Racing Results | 15th June 2025 16:10,,16:10,Soft,1m 1f 100y,Truth Be Told (IRE),J Kearney,0,D K Weld,5th,4 1/4 l,3,9-12p,78,True,Ireland
Gowran Park Racing Results | 15th June 2025 16:10,,16:10,Soft,1m 1f 100y,Sunriseontheboyne (IRE),W Joyce,0,M Mulvany,4th,2 1/2 l,3,9-13,79,True,Ireland
Gowran Park Racing Results | 15th June 2025 16:10,,16:10,Soft,1m 1f 100y,Woodshaw Whisper (IRE),J J G Ryan,0,G M Lyons,3rd,1 3/4 l,3,10-2,82,True,Ireland
Gowran Park Racing Results | 15th June 2025 16:10,,16:10,Soft,1m 1f 100y,Onemoredance (IRE),J A Powell,0,J P Murtagh,2nd,3/4 l,3,8-11p1,63,True,Ireland
Gowran Park Racing Results | 15th June 2025 16:10,,16:10,Soft,1m 1f 100y,Starford (IRE),M W Hassett,0,J P O'Brien,1st,,3,9-1,67,True,Ireland
Gowran Park Racing Results | 15th June 2025 16:40,,16:40,Soft,1m 1f 100y,Imnoaprilfool (IRE),W Joyce,3,M Mulvany,8th,3 1/4 l,3,9-3,-,True,Ireland
Gowran Park Racing Results | 15th June 2025 16:40,,16:40,Soft,1m 1f 100y,Parga Diamond (IRE),D P McDonogh,0,Miss H McLoughlin,7th,2 1/4 l,6,10-1ht,-,True,Ireland
Gowran Park Racing Results | 15th June 2025 16:40,,16:40,Soft,1m 1f 100y,Green Rose (IRE),L F Roche,0,D K Weld,6th,2 1/2 l,3,9-3,-,True,Ireland
Gowran Park Racing Results | 15th June 2025 16:40,,16:40,Soft,1m 1f 100y,Ocean Diamond (IRE),J A Heffernan,0,Derek McCormack,5th,13 l,4,10-1,-,True,Ireland
Gowran Park Racing Results | 15th June 2025 16:40,,16:40,Soft,1m 1f 100y,Etawa (IRE),C D Hayes,0,D K Weld,4th,2 1/2 l,3,9-3,-,True,Ireland
Gowran Park Racing Results | 15th June 2025 16:40,,16:40,Soft,1m 1f 100y,Angelight (IRE),D McMonagle,0,J P O'Brien,3rd,5 l,3,9-3t,-,True,Ireland
Gowran Park Racing Results | 15th June 2025 16:40,,16:40,Soft,1m 1f 100y,Walk The Highline (IRE),B M Coen,0,J P Murtagh,2nd,3 1/4 l,3,9-3,-,True,Ireland
Gowran Park Racing Results | 15th June 2025 16:40,,16:40,Soft,1m 1f 100y,Offshore Bay (IRE),G F Carroll,0,H De Bromhead,1st,,3,9-3,-,True,Ireland
Gowran Park Racing Results | 15th June 2025 16:40,,16:40,Soft,1m 1f 100y,Imnoaprilfool (IRE),W Joyce,3,M Mulvany,8th,3 1/4 l,3,9-3,-,True,Ireland
Gowran Park Racing Results | 15th June 2025 16:40,,16:40,Soft,1m 1f 100y,Parga Diamond (IRE),D P McDonogh,0,Miss H McLoughlin,7th,2 1/4 l,6,10-1ht,-,True,Ireland
Gowran Park Racing Results | 15th June 2025 16:40,,16:40,Soft,1m 1f 100y,Green Rose (IRE),L F Roche,0,D K Weld,6th,2 1/2 l,3,9-3,-,True,Ireland
Gowran Park Racing Results | 15th June 2025 16:40,,16:40,Soft,1m 1f 100y,Ocean Diamond (IRE),J A Heffernan,0,Derek McCormack,5th,13 l,4,10-1,-,True,Ireland
Gowran Park Racing Results | 15th June 2025 16:40,,16:40,Soft,1m 1f 100y,Etawa (IRE),C D Hayes,0,D K Weld,4th,2 1/2 l,3,9-3,-,True,Ireland
Gowran Park Racing Results | 15th June 2025 16:40,,16:40,Soft,1m 1f 100y,Angelight (IRE),D McMonagle,0,J P O'Brien,3rd,5 l,3,9-3t,-,True,Ireland
Gowran Park Racing Results | 15th June 2025 16:40,,16:40,Soft,1m 1f 100y,Walk The Highline (IRE),B M Coen,0,J P Murtagh,2nd,3 1/4 l,3,9-3,-,True,Ireland
Gowran Park Racing Results | 15th June 2025 16:40,,16:40,Soft,1m 1f 100y,Offshore Bay (IRE),G F Carroll,0,H De Bromhead,1st,,3,9-3,-,True,Ireland
Gowran Park Racing Results | 15th June 2025 17:10,,17:10,Soft,1m 1f 100y,Fleur De Chine,S Foley,0,Mrs J Harrington,4th,28 l,4,9-8p,97,True,Ireland
Gowran Park Racing Results | 15th June 2025 17:10,,17:10,Soft,1m 1f 100y,Viking Invasion (IRE),D McMonagle,0,J P O'Brien,3rd,2 1/4 l,3,9-6b,91,True,Ireland
Gowran Park Racing Results | 15th June 2025 17:10,,17:10,Soft,1m 1f 100y,Cristal Clere (IRE),J A Heffernan,0,J Nallen,2nd,1 l,7,9-13,101,True,Ireland
Gowran Park Racing Results | 15th June 2025 17:10,,17:10,Soft,1m 1f 100y,Eastwatch (IRE),A J Slattery,0,A Slattery,1st,,3,9-6,-,True,Ireland
Gowran Park Racing Results | 15th June 2025 17:10,,17:10,Soft,1m 1f 100y,Fleur De Chine,S Foley,0,Mrs J Harrington,4th,28 l,4,9-8p,97,True,Ireland
Gowran Park Racing Results | 15th June 2025 17:10,,17:10,Soft,1m 1f 100y,Viking Invasion (IRE),D McMonagle,0,J P O'Brien,3rd,2 1/4 l,3,9-6b,91,True,Ireland
Gowran Park Racing Results | 15th June 2025 17:10,,17:10,Soft,1m 1f 100y,Cristal Clere (IRE),J A Heffernan,0,J Nallen,2nd,1 l,7,9-13,101,True,Ireland
Gowran Park Racing Results | 15th June 2025 17:10,,17:10,Soft,1m 1f 100y,Eastwatch (IRE),A J Slattery,0,A Slattery,1st,,3,9-6,-,True,Ireland
Downpatrick Racing Results | 15th June 2025 14:05,,14:05,Yielding To Soft,2m 5f 180y,Niamhie (IRE),Niall Moore,2,P Cluskey,11th,45 l,5,10-11,-,True,Ireland
Downpatrick Racing Results | 15th June 2025 14:05,,14:05,Yielding To Soft,2m 5f 180y,Hickeys Hill (IRE),D P Maxwell,2,A McNamara,10th,21 l,6,11-4t,-,True,Ireland
Downpatrick Racing Results | 15th June 2025 14:05,,14:05,Yielding To Soft,2m 5f 180y,Tinker Hill (IRE),Caragh Monaghan,4,L Lennon,9th,Head,4,10-12,-,True,Ireland
Downpatrick Racing Results | 15th June 2025 14:05,,14:05,Yielding To Soft,2m 5f 180y,Maroto (IRE),G B Noonan,0,A McNamara,8th,19 l,8,11-4t,105,True,Ireland
Downpatrick Racing Results | 15th June 2025 14:05,,14:05,Yielding To Soft,2m 5f 180y,Never Present (IRE),D A Kidd,4,J C McConnell,7th,5 1/2 l,7,11-4,-,True,Ireland
Downpatrick Racing Results | 15th June 2025 14:05,,14:05,Yielding To Soft,2m 5f 180y,Sugar Cookie (FR),Anna McGuinness,4,W P Mullins,6th,5 1/2 l,6,10-11,-,True,Ireland
Downpatrick Racing Results | 15th June 2025 14:05,,14:05,Yielding To Soft,2m 5f 180y,Imperial Miss (IRE),G Brouder,0,T Gibney,5th,1/2 l,4,10-5,-,True,Ireland
Downpatrick Racing Results | 15th June 2025 14:05,,14:05,Yielding To Soft,2m 5f 180y,Mavetherave (IRE),J Smith,2,S R B Crawford,4th,5 1/2 l,5,11-4,-,True,Ireland
Downpatrick Racing Results | 15th June 2025 14:05,,14:05,Yielding To Soft,2m 5f 180y,Keep Kool Coko (FR),T Ryan,2,A Slattery,3rd,1/2 l,5,11-4,112,True,Ireland
Downpatrick Racing Results | 15th June 2025 14:05,,14:05,Yielding To Soft,2m 5f 180y,Full Confession (IRE),K Callaghan,2,W P Mullins,2nd,2 3/4 l,5,11-12,-,True,Ireland
Downpatrick Racing Results | 15th June 2025 14:05,,14:05,Yielding To Soft,2m 5f 180y,Cinammon Roll (FR),C P Millar,2,G Elliott,1st,,5,11-12,-,True,Ireland
Downpatrick Racing Results | 15th June 2025 14:05,,14:05,Yielding To Soft,2m 5f 180y,Niamhie (IRE),Niall Moore,2,P Cluskey,11th,45 l,5,10-11,-,True,Ireland
Downpatrick Racing Results | 15th June 2025 14:05,,14:05,Yielding To Soft,2m 5f 180y,Hickeys Hill (IRE),D P Maxwell,2,A McNamara,10th,21 l,6,11-4t,-,True,Ireland
Downpatrick Racing Results | 15th June 2025 14:05,,14:05,Yielding To Soft,2m 5f 180y,Tinker Hill (IRE),Caragh Monaghan,4,L Lennon,9th,Head,4,10-12,-,True,Ireland
Downpatrick Racing Results | 15th June 2025 14:05,,14:05,Yielding To Soft,2m 5f 180y,Maroto (IRE),G B Noonan,0,A McNamara,8th,19 l,8,11-4t,105,True,Ireland
Downpatrick Racing Results | 15th June 2025 14:05,,14:05,Yielding To Soft,2m 5f 180y,Never Present (IRE),D A Kidd,4,J C McConnell,7th,5 1/2 l,7,11-4,-,True,Ireland
Downpatrick Racing Results | 15th June 2025 14:05,,14:05,Yielding To Soft,2m 5f 180y,Sugar Cookie (FR),Anna McGuinness,4,W P Mullins,6th,5 1/2 l,6,10-11,-,True,Ireland
Downpatrick Racing Results | 15th June 2025 14:05,,14:05,Yielding To Soft,2m 5f 180y,Imperial Miss (IRE),G Brouder,0,T Gibney,5th,1/2 l,4,10-5,-,True,Ireland
Downpatrick Racing Results | 15th June 2025 14:05,,14:05,Yielding To Soft,2m 5f 180y,Mavetherave (IRE),J Smith,2,S R B Crawford,4th,5 1/2 l,5,11-4,-,True,Ireland
Downpatrick Racing Results | 15th June 2025 14:05,,14:05,Yielding To Soft,2m 5f 180y,Keep Kool Coko (FR),T Ryan,2,A Slattery,3rd,1/2 l,5,11-4,112,True,Ireland
Downpatrick Racing Results | 15th June 2025 14:05,,14:05,Yielding To Soft,2m 5f 180y,Full Confession (IRE),K Callaghan,2,W P Mullins,2nd,2 3/4 l,5,11-12,-,True,Ireland
Downpatrick Racing Results | 15th June 2025 14:05,,14:05,Yielding To Soft,2m 5f 180y,Cinammon Roll (FR),C P Millar,2,G Elliott,1st,,5,11-12,-,True,Ireland
Downpatrick Racing Results | 15th June 2025 14:40,,14:40,Yielding To Soft,2m 2f 185y,Jessie's Dreamgirl (IRE),B W Harvey,0,J C McConnell,PU,,6,11-5h,-,True,Ireland
Downpatrick Racing Results | 15th June 2025 14:40,,14:40,Yielding To Soft,2m 2f 185y,On The Cards (FR),D A Kidd,7,J C McConnell,14th,40 l,5,11-12,-,True,Ireland
Downpatrick Racing Results | 15th June 2025 14:40,,14:40,Yielding To Soft,2m 2f 185y,Vangelis (IRE),E Walsh,0,Ciaran Murphy,13th,26 l,4,11-7,-,True,Ireland
Downpatrick Racing Results | 15th June 2025 14:40,,14:40,Yielding To Soft,2m 2f 185y,Forty Kay,C Owens,7,W P Mullins,12th,3 3/4 l,5,11-5,-,True,Ireland
Downpatrick Racing Results | 15th June 2025 14:40,,14:40,Yielding To Soft,2m 2f 185y,Silk Degrees (IRE),J Smith,5,S R B Crawford,11th,2 1/2 l,4,11-7t,-,True,Ireland
Downpatrick Racing Results | 15th June 2025 14:40,,14:40,Yielding To Soft,2m 2f 185y,Doorman Moe (IRE),D P Maxwell,5,A McNamara,10th,19 l,5,11-12,-,True,Ireland
Downpatrick Racing Results | 15th June 2025 14:40,,14:40,Yielding To Soft,2m 2f 185y,Gerrys Wish (IRE),P Cleary,7,G Elliott,9th,27 l,4,11-0,-,True,Ireland
Downpatrick Racing Results | 15th June 2025 14:40,,14:40,Yielding To Soft,2m 2f 185y,Take Chance (FR),P Hanlon,7,J C McConnell,8th,Head,5,11-12,-,True,Ireland
Downpatrick Racing Results | 15th June 2025 14:40,,14:40,Yielding To Soft,2m 2f 185y,Little Boy Sivola (FR),C Gethings,0,P J Rothwell,7th,Short Head,4,11-7,-,True,Ireland
Downpatrick Racing Results | 15th June 2025 14:40,,14:40,Yielding To Soft,2m 2f 185y,Colvin (IRE),L A McKenna,5,S R B Crawford,6th,3 1/4 l,6,11-12t,107,True,Ireland
Downpatrick Racing Results | 15th June 2025 14:40,,14:40,Yielding To Soft,2m 2f 185y,Parkgarve (IRE),P J O'Hanlon,0,Ian Donoghue,5th,9 1/2 l,5,11-12t,-,True,Ireland
Downpatrick Racing Results | 15th June 2025 14:40,,14:40,Yielding To Soft,2m 2f 185y,Dramatic License (IRE),B Bromley,5,S R B Crawford,4th,1 1/4 l,5,11-12t,-,True,Ireland
Downpatrick Racing Results | 15th June 2025 14:40,,14:40,Yielding To Soft,2m 2f 185y,Dysart Dasher (IRE),K Callaghan,5,W P Mullins,3rd,2 1/2 l,8,11-12t1,-,True,Ireland
Downpatrick Racing Results | 15th June 2025 14:40,,14:40,Yielding To Soft,2m 2f 185y,Penny Express (IRE),K C Sexton,0,G Elliott,2nd,8 1/2 l,5,11-12h,108,True,Ireland
Downpatrick Racing Results | 15th June 2025 14:40,,14:40,Yielding To Soft,2m 2f 185y,Yoradreamer,S Cleary-Farrell,7,W P Mullins,1st,,6,11-12,118,True,Ireland
Downpatrick Racing Results | 15th June 2025 14:40,,14:40,Yielding To Soft,2m 2f 185y,Jessie's Dreamgirl (IRE),B W Harvey,0,J C McConnell,PU,,6,11-5h,-,True,Ireland
Downpatrick Racing Results | 15th June 2025 14:40,,14:40,Yielding To Soft,2m 2f 185y,On The Cards (FR),D A Kidd,7,J C McConnell,14th,40 l,5,11-12,-,True,Ireland
Downpatrick Racing Results | 15th June 2025 14:40,,14:40,Yielding To Soft,2m 2f 185y,Vangelis (IRE),E Walsh,0,Ciaran Murphy,13th,26 l,4,11-7,-,True,Ireland
Downpatrick Racing Results | 15th June 2025 14:40,,14:40,Yielding To Soft,2m 2f 185y,Forty Kay,C Owens,7,W P Mullins,12th,3 3/4 l,5,11-5,-,True,Ireland
Downpatrick Racing Results | 15th June 2025 14:40,,14:40,Yielding To Soft,2m 2f 185y,Silk Degrees (IRE),J Smith,5,S R B Crawford,11th,2 1/2 l,4,11-7t,-,True,Ireland
Downpatrick Racing Results | 15th June 2025 14:40,,14:40,Yielding To Soft,2m 2f 185y,Doorman Moe (IRE),D P Maxwell,5,A McNamara,10th,19 l,5,11-12,-,True,Ireland
Downpatrick Racing Results | 15th June 2025 14:40,,14:40,Yielding To Soft,2m 2f 185y,Gerrys Wish (IRE),P Cleary,7,G Elliott,9th,27 l,4,11-0,-,True,Ireland
Downpatrick Racing Results | 15th June 2025 14:40,,14:40,Yielding To Soft,2m 2f 185y,Take Chance (FR),P Hanlon,7,J C McConnell,8th,Head,5,11-12,-,True,Ireland
Downpatrick Racing Results | 15th June 2025 14:40,,14:40,Yielding To Soft,2m 2f 185y,Little Boy Sivola (FR),C Gethings,0,P J Rothwell,7th,Short Head,4,11-7,-,True,Ireland
Downpatrick Racing Results | 15th June 2025 14:40,,14:40,Yielding To Soft,2m 2f 185y,Colvin (IRE),L A McKenna,5,S R B Crawford,6th,3 1/4 l,6,11-12t,107,True,Ireland
Downpatrick Racing Results | 15th June 2025 14:40,,14:40,Yielding To Soft,2m 2f 185y,Parkgarve (IRE),P J O'Hanlon,0,Ian Donoghue,5th,9 1/2 l,5,11-12t,-,True,Ireland
Downpatrick Racing Results | 15th June 2025 14:40,,14:40,Yielding To Soft,2m 2f 185y,Dramatic License (IRE),B Bromley,5,S R B Crawford,4th,1 1/4 l,5,11-12t,-,True,Ireland
Downpatrick Racing Results | 15th June 2025 14:40,,14:40,Yielding To Soft,2m 2f 185y,Dysart Dasher (IRE),K Callaghan,5,W P Mullins,3rd,2 1/2 l,8,11-12t1,-,True,Ireland
Downpatrick Racing Results | 15th June 2025 14:40,,14:40,Yielding To Soft,2m 2f 185y,Penny Express (IRE),K C Sexton,0,G Elliott,2nd,8 1/2 l,5,11-12h,108,True,Ireland
Downpatrick Racing Results | 15th June 2025 14:40,,14:40,Yielding To Soft,2m 2f 185y,Yoradreamer,S Cleary-Farrell,7,W P Mullins,1st,,6,11-12,118,True,Ireland
Downpatrick Racing Results | 15th June 2025 15:15,,15:15,Yielding To Soft,2m 2f 185y,Brianna Lily (IRE),Cian Cullinan,7,J Barcoe,7th,58 l,8,10-8,97,True,Ireland
Downpatrick Racing Results | 15th June 2025 15:15,,15:15,Yielding To Soft,2m 2f 185y,Mexican Moonshine (IRE),K C Sexton,0,G Elliott,6th,20 l,6,11-7,110,True,Ireland
Downpatrick Racing Results | 15th June 2025 15:15,,15:15,Yielding To Soft,2m 2f 185y,Rockview Consort,D A Kidd,7,J C McConnell,5th,11 l,6,11-5,108,True,Ireland
Downpatrick Racing Results | 15th June 2025 15:15,,15:15,Yielding To Soft,2m 2f 185y,Influential Lady (IRE),K Callaghan,5,J Barcoe,4th,12 l,11,10-7,96,True,Ireland
Downpatrick Racing Results | 15th June 2025 15:15,,15:15,Yielding To Soft,2m 2f 185y,Dame Rapide (IRE),G Brouder,3,Cian Hughes,3rd,5 1/2 l,8,11-12,115,True,Ireland
Downpatrick Racing Results | 15th June 2025 15:15,,15:15,Yielding To Soft,2m 2f 185y,Maxios Prime (IRE),C Gethings,0,P J Rothwell,2nd,1 l,4,10-6,100,True,Ireland
Downpatrick Racing Results | 15th June 2025 15:15,,15:15,Yielding To Soft,2m 2f 185y,Theflyingbee (IRE),P M O'Brien,7,F G Hand,1st,,8,11-11t,114,True,Ireland
Downpatrick Racing Results | 15th June 2025 15:15,,15:15,Yielding To Soft,2m 2f 185y,Brianna Lily (IRE),Cian Cullinan,7,J Barcoe,7th,58 l,8,10-8,97,True,Ireland
Downpatrick Racing Results | 15th June 2025 15:15,,15:15,Yielding To Soft,2m 2f 185y,Mexican Moonshine (IRE),K C Sexton,0,G Elliott,6th,20 l,6,11-7,110,True,Ireland
Downpatrick Racing Results | 15th June 2025 15:15,,15:15,Yielding To Soft,2m 2f 185y,Rockview Consort,D A Kidd,7,J C McConnell,5th,11 l,6,11-5,108,True,Ireland
Downpatrick Racing Results | 15th June 2025 15:15,,15:15,Yielding To Soft,2m 2f 185y,Influential Lady (IRE),K Callaghan,5,J Barcoe,4th,12 l,11,10-7,96,True,Ireland
Downpatrick Racing Results | 15th June 2025 15:15,,15:15,Yielding To Soft,2m 2f 185y,Dame Rapide (IRE),G Brouder,3,Cian Hughes,3rd,5 1/2 l,8,11-12,115,True,Ireland
Downpatrick Racing Results | 15th June 2025 15:15,,15:15,Yielding To Soft,2m 2f 185y,Maxios Prime (IRE),C Gethings,0,P J Rothwell,2nd,1 l,4,10-6,100,True,Ireland
Downpatrick Racing Results | 15th June 2025 15:15,,15:15,Yielding To Soft,2m 2f 185y,Theflyingbee (IRE),P M O'Brien,7,F G Hand,1st,,8,11-11t,114,True,Ireland
Downpatrick Racing Results | 15th June 2025 15:50,,15:50,Yielding To Soft,2m 1f 165y,Malbay Madness (IRE),P J O'Hanlon,0,D A McLoughlin,UR,,5,10-12h,111,True,Ireland
Downpatrick Racing Results | 15th June 2025 15:50,,15:50,Yielding To Soft,2m 1f 165y,Extrapolation (IRE),G Brouder,3,R O'Brien,F,,8,11-12,125,True,Ireland
Downpatrick Racing Results | 15th June 2025 15:50,,15:50,Yielding To Soft,2m 1f 165y,Portnacoo (IRE),P Hanlon,7,H Smyth,7th,55 l,7,11-7,120,True,Ireland
Downpatrick Racing Results | 15th June 2025 15:50,,15:50,Yielding To Soft,2m 1f 165y,Newtown Rambler (IRE),M P O'Connor,0,H De Bromhead,6th,8 l,6,10-12ht,111,True,Ireland
Downpatrick Racing Results | 15th June 2025 15:50,,15:50,Yielding To Soft,2m 1f 165y,The Dasher Conway (IRE),K C Sexton,0,Mrs G Callaghan,5th,1/2 l,10,11-3,116,True,Ireland
Downpatrick Racing Results | 15th June 2025 15:50,,15:50,Yielding To Soft,2m 1f 165y,Dollar Value (USA),M M McDonagh,0,T G McCourt,4th,13 l,10,11-9,122,True,Ireland
Downpatrick Racing Results | 15th June 2025 15:50,,15:50,Yielding To Soft,2m 1f 165y,Bowensonfire (FR),F Brickley,7,G Elliott,3rd,Neck,5,11-10,123,True,Ireland
Downpatrick Racing Results | 15th June 2025 15:50,,15:50,Yielding To Soft,2m 1f 165y,Run For Harry (IRE),K E Buckley,0,Mrs G Callaghan,2nd,1 1/4 l,7,11-6tp,119,True,Ireland
Downpatrick Racing Results | 15th June 2025 15:50,,15:50,Yielding To Soft,2m 1f 165y,Tonaghneave Well (IRE),P M O'Brien,7,G P Cromwell,1st,,5,11-11p,124,True,Ireland
Downpatrick Racing Results | 15th June 2025 15:50,,15:50,Yielding To Soft,2m 1f 165y,Malbay Madness (IRE),P J O'Hanlon,0,D A McLoughlin,UR,,5,10-12h,111,True,Ireland
Downpatrick Racing Results | 15th June 2025 15:50,,15:50,Yielding To Soft,2m 1f 165y,Extrapolation (IRE),G Brouder,3,R O'Brien,F,,8,11-12,125,True,Ireland
Downpatrick Racing Results | 15th June 2025 15:50,,15:50,Yielding To Soft,2m 1f 165y,Portnacoo (IRE),P Hanlon,7,H Smyth,7th,55 l,7,11-7,120,True,Ireland
Downpatrick Racing Results | 15th June 2025 15:50,,15:50,Yielding To Soft,2m 1f 165y,Newtown Rambler (IRE),M P O'Connor,0,H De Bromhead,6th,8 l,6,10-12ht,111,True,Ireland
Downpatrick Racing Results | 15th June 2025 15:50,,15:50,Yielding To Soft,2m 1f 165y,The Dasher Conway (IRE),K C Sexton,0,Mrs G Callaghan,5th,1/2 l,10,11-3,116,True,Ireland
Downpatrick Racing Results | 15th June 2025 15:50,,15:50,Yielding To Soft,2m 1f 165y,Dollar Value (USA),M M McDonagh,0,T G McCourt,4th,13 l,10,11-9,122,True,Ireland
Downpatrick Racing Results | 15th June 2025 15:50,,15:50,Yielding To Soft,2m 1f 165y,Bowensonfire (FR),F Brickley,7,G Elliott,3rd,Neck,5,11-10,123,True,Ireland
Downpatrick Racing Results | 15th June 2025 15:50,,15:50,Yielding To Soft,2m 1f 165y,Run For Harry (IRE),K E Buckley,0,Mrs G Callaghan,2nd,1 1/4 l,7,11-6tp,119,True,Ireland
Downpatrick Racing Results | 15th June 2025 15:50,,15:50,Yielding To Soft,2m 1f 165y,Tonaghneave Well (IRE),P M O'Brien,7,G P Cromwell,1st,,5,11-11p,124,True,Ireland
Downpatrick Racing Results | 15th June 2025 16:20,,16:20,Yielding To Soft,2m 1f 165y,Sage Conseil (IRE),J Smith,5,J C McConnell,F,,7,12-0t,-,True,Ireland
Downpatrick Racing Results | 15th June 2025 16:20,,16:20,Yielding To Soft,2m 1f 165y,Warriors Wood,D P Maxwell,5,A McNamara,7th,42 l,5,12-0,-,True,Ireland
Downpatrick Racing Results | 15th June 2025 16:20,,16:20,Yielding To Soft,2m 1f 165y,Ballyearl (FR),M P O'Connor,0,H De Bromhead,6th,4 3/4 l,4,11-9h,110,True,Ireland
Downpatrick Racing Results | 15th June 2025 16:20,,16:20,Yielding To Soft,2m 1f 165y,Cap Bernat (IRE),P J O'Hanlon,0,R McNeilly,5th,4 1/2 l,12,10-13ht,-,True,Ireland
Downpatrick Racing Results | 15th June 2025 16:20,,16:20,Yielding To Soft,2m 1f 165y,Brave Soldier (IRE),P Hanlon,7,M M McNiff,4th,3/4 l,5,11-3,99,True,Ireland
Downpatrick Racing Results | 15th June 2025 16:20,,16:20,Yielding To Soft,2m 1f 165y,Dunkerque (DEN),A Balfe,7,G P Cromwell,3rd,1 l,5,12-0,110,True,Ireland
Downpatrick Racing Results | 15th June 2025 16:20,,16:20,Yielding To Soft,2m 1f 165y,Boston Rajj (IRE),C P Millar,5,G Elliott,2nd,2 1/2 l,7,12-2,114,True,Ireland
Downpatrick Racing Results | 15th June 2025 16:20,,16:20,Yielding To Soft,2m 1f 165y,Bruant,K C Sexton,0,A J Martin,1st,,4,10-8,-,True,Ireland
Downpatrick Racing Results | 15th June 2025 16:20,,16:20,Yielding To Soft,2m 1f 165y,Sage Conseil (IRE),J Smith,5,J C McConnell,F,,7,12-0t,-,True,Ireland
Downpatrick Racing Results | 15th June 2025 16:20,,16:20,Yielding To Soft,2m 1f 165y,Warriors Wood,D P Maxwell,5,A McNamara,7th,42 l,5,12-0,-,True,Ireland
Downpatrick Racing Results | 15th June 2025 16:20,,16:20,Yielding To Soft,2m 1f 165y,Ballyearl (FR),M P O'Connor,0,H De Bromhead,6th,4 3/4 l,4,11-9h,110,True,Ireland
Downpatrick Racing Results | 15th June 2025 16:20,,16:20,Yielding To Soft,2m 1f 165y,Cap Bernat (IRE),P J O'Hanlon,0,R McNeilly,5th,4 1/2 l,12,10-13ht,-,True,Ireland
Downpatrick Racing Results | 15th June 2025 16:20,,16:20,Yielding To Soft,2m 1f 165y,Brave Soldier (IRE),P Hanlon,7,M M McNiff,4th,3/4 l,5,11-3,99,True,Ireland
Downpatrick Racing Results | 15th June 2025 16:20,,16:20,Yielding To Soft,2m 1f 165y,Dunkerque (DEN),A Balfe,7,G P Cromwell,3rd,1 l,5,12-0,110,True,Ireland
Downpatrick Racing Results | 15th June 2025 16:20,,16:20,Yielding To Soft,2m 1f 165y,Boston Rajj (IRE),C P Millar,5,G Elliott,2nd,2 1/2 l,7,12-2,114,True,Ireland
Downpatrick Racing Results | 15th June 2025 16:20,,16:20,Yielding To Soft,2m 1f 165y,Bruant,K C Sexton,0,A J Martin,1st,,4,10-8,-,True,Ireland
Downpatrick Racing Results | 15th June 2025 16:50,,16:50,Yielding To Soft,2m 1f 165y,Baron Blake (FR),P Hanlon,7,J J Hanlon,11th,5 1/2 l,4,11-8,96,True,Ireland
Downpatrick Racing Results | 15th June 2025 16:50,,16:50,Yielding To Soft,2m 1f 165y,Feast (IRE),Anna McGuinness,7,P J McKenna,10th,13 l,8,11-8,91,True,Ireland
Downpatrick Racing Results | 15th June 2025 16:50,,16:50,Yielding To Soft,2m 1f 165y,Every River,Niall Moore,5,W J Bryson,9th,28 l,9,11-0,83,True,Ireland
Downpatrick Racing Results | 15th June 2025 16:50,,16:50,Yielding To Soft,2m 1f 165y,Small Bucks (IRE),P M O'Brien,7,P E Collins,8th,2 l,4,11-7h,95,True,Ireland
Downpatrick Racing Results | 15th June 2025 16:50,,16:50,Yielding To Soft,2m 1f 165y,Live To Laugh (IRE),B W Harvey,0,Peter Fahey,7th,1 1/4 l,6,11-12,95,True,Ireland
Downpatrick Racing Results | 15th June 2025 16:50,,16:50,Yielding To Soft,2m 1f 165y,Centaq (IRE),P J O'Hanlon,0,D A McLoughlin,6th,1 1/4 l,5,11-2h,85,True,Ireland
Downpatrick Racing Results | 15th June 2025 16:50,,16:50,Yielding To Soft,2m 1f 165y,I'm For Home (IRE),M P O'Connor,0,R K Watson,5th,3 1/4 l,7,10-9t1,78,True,Ireland
Downpatrick Racing Results | 15th June 2025 16:50,,16:50,Yielding To Soft,2m 1f 165y,Sydney Cruiser (IRE),C P Millar,5,Ciaran Murphy,4th,3 1/2 l,7,10-12p,81,True,Ireland
Downpatrick Racing Results | 15th June 2025 16:50,,16:50,Yielding To Soft,2m 1f 165y,Chatterbox (IRE),K E Buckley,0,J J Murphy,3rd,3 l,6,11-10,93,True,Ireland
Downpatrick Racing Results | 15th June 2025 16:50,,16:50,Yielding To Soft,2m 1f 165y,Ar Nos Na Gaoithe (IRE),H E Sexton,7,P J Rothwell,2nd,1/2 l,6,11-5,88,True,Ireland
Downpatrick Racing Results | 15th June 2025 16:50,,16:50,Yielding To Soft,2m 1f 165y,Pralognan (FR),K C Sexton,0,A J Martin,1st,,6,11-9t,92,True,Ireland
Downpatrick Racing Results | 15th June 2025 16:50,,16:50,Yielding To Soft,2m 1f 165y,Baron Blake (FR),P Hanlon,7,J J Hanlon,11th,5 1/2 l,4,11-8,96,True,Ireland
Downpatrick Racing Results | 15th June 2025 16:50,,16:50,Yielding To Soft,2m 1f 165y,Feast (IRE),Anna McGuinness,7,P J McKenna,10th,13 l,8,11-8,91,True,Ireland
Downpatrick Racing Results | 15th June 2025 16:50,,16:50,Yielding To Soft,2m 1f 165y,Every River,Niall Moore,5,W J Bryson,9th,28 l,9,11-0,83,True,Ireland
Downpatrick Racing Results | 15th June 2025 16:50,,16:50,Yielding To Soft,2m 1f 165y,Small Bucks (IRE),P M O'Brien,7,P E Collins,8th,2 l,4,11-7h,95,True,Ireland
Downpatrick Racing Results | 15th June 2025 16:50,,16:50,Yielding To Soft,2m 1f 165y,Live To Laugh (IRE),B W Harvey,0,Peter Fahey,7th,1 1/4 l,6,11-12,95,True,Ireland
Downpatrick Racing Results | 15th June 2025 16:50,,16:50,Yielding To Soft,2m 1f 165y,Centaq (IRE),P J O'Hanlon,0,D A McLoughlin,6th,1 1/4 l,5,11-2h,85,True,Ireland
Downpatrick Racing Results | 15th June 2025 16:50,,16:50,Yielding To Soft,2m 1f 165y,I'm For Home (IRE),M P O'Connor,0,R K Watson,5th,3 1/4 l,7,10-9t1,78,True,Ireland
Downpatrick Racing Results | 15th June 2025 16:50,,16:50,Yielding To Soft,2m 1f 165y,Sydney Cruiser (IRE),C P Millar,5,Ciaran Murphy,4th,3 1/2 l,7,10-12p,81,True,Ireland
Downpatrick Racing Results | 15th June 2025 16:50,,16:50,Yielding To Soft,2m 1f 165y,Chatterbox (IRE),K E Buckley,0,J J Murphy,3rd,3 l,6,11-10,93,True,Ireland
Downpatrick Racing Results | 15th June 2025 16:50,,16:50,Yielding To Soft,2m 1f 165y,Ar Nos Na Gaoithe (IRE),H E Sexton,7,P J Rothwell,2nd,1/2 l,6,11-5,88,True,Ireland
Downpatrick Racing Results | 15th June 2025 16:50,,16:50,Yielding To Soft,2m 1f 165y,Pralognan (FR),K C Sexton,0,A J Martin,1st,,6,11-9t,92,True,Ireland
Downpatrick Racing Results | 15th June 2025 17:20,,17:20,Yielding To Soft ace (Turf),2m 1f 165y,Campuna (IRE),Mr E Finegan,7,R K Watson,PU,,4,11-6,-,True,Ireland
Downpatrick Racing Results | 15th June 2025 17:20,,17:20,Yielding To Soft ace (Turf),2m 1f 165y,No More Silver (FR),Mr H C Swan,0,G Elliott,8th,47 l,4,11-6,-,True,Ireland
Downpatrick Racing Results | 15th June 2025 17:20,,17:20,Yielding To Soft ace (Turf),2m 1f 165y,Tina Yeats (IRE),M J Molloy,7,A J Martin,7th,13 l,5,11-11,-,True,Ireland
Downpatrick Racing Results | 15th June 2025 17:20,,17:20,Yielding To Soft ace (Turf),2m 1f 165y,Bebinn Court (IRE),Mr O McGill,5,Gary McGill,6th,20 l,5,11-11t1,-,True,Ireland
Downpatrick Racing Results | 15th June 2025 17:20,,17:20,Yielding To Soft ace (Turf),2m 1f 165y,Summer Dawn (IRE),Mr S Connor,7,S R B Crawford,5th,9 l,5,11-11t,-,True,Ireland
Downpatrick Racing Results | 15th June 2025 17:20,,17:20,Yielding To Soft ace (Turf),2m 1f 165y,Shannon Bank (IRE),Mr D G Lavery,0,G P Cromwell,4th,2 1/4 l,6,11-11,-,True,Ireland
Downpatrick Racing Results | 15th June 2025 17:20,,17:20,Yielding To Soft ace (Turf),2m 1f 165y,Walks The Talk (IRE),Mr F R Buckley,7,J C McConnell,3rd,1 1/2 l,6,11-11,-,True,Ireland
Downpatrick Racing Results | 15th June 2025 17:20,,17:20,Yielding To Soft ace (Turf),2m 1f 165y,Beir Bua (IRE),Mr A P Ryan,7,A Slattery,2nd,10 l,4,11-6,-,True,Ireland
Downpatrick Racing Results | 15th June 2025 17:20,,17:20,Yielding To Soft ace (Turf),2m 1f 165y,Liadawn (IRE),Mr P W Mullins,0,W P Mullins,1st,,5,11-11,-,True,Ireland
Downpatrick Racing Results | 15th June 2025 17:20,,17:20,Yielding To Soft ace (Turf),2m 1f 165y,Campuna (IRE),Mr E Finegan,7,R K Watson,PU,,4,11-6,-,True,Ireland
Downpatrick Racing Results | 15th June 2025 17:20,,17:20,Yielding To Soft ace (Turf),2m 1f 165y,No More Silver (FR),Mr H C Swan,0,G Elliott,8th,47 l,4,11-6,-,True,Ireland
Downpatrick Racing Results | 15th June 2025 17:20,,17:20,Yielding To Soft ace (Turf),2m 1f 165y,Tina Yeats (IRE),M J Molloy,7,A J Martin,7th,13 l,5,11-11,-,True,Ireland
Downpatrick Racing Results | 15th June 2025 17:20,,17:20,Yielding To Soft ace (Turf),2m 1f 165y,Bebinn Court (IRE),Mr O McGill,5,Gary McGill,6th,20 l,5,11-11t1,-,True,Ireland
Downpatrick Racing Results | 15th June 2025 17:20,,17:20,Yielding To Soft ace (Turf),2m 1f 165y,Summer Dawn (IRE),Mr S Connor,7,S R B Crawford,5th,9 l,5,11-11t,-,True,Ireland
Downpatrick Racing Results | 15th June 2025 17:20,,17:20,Yielding To Soft ace (Turf),2m 1f 165y,Shannon Bank (IRE),Mr D G Lavery,0,G P Cromwell,4th,2 1/4 l,6,11-11,-,True,Ireland
Downpatrick Racing Results | 15th June 2025 17:20,,17:20,Yielding To Soft ace (Turf),2m 1f 165y,Walks The Talk (IRE),Mr F R Buckley,7,J C McConnell,3rd,1 1/2 l,6,11-11,-,True,Ireland
Downpatrick Racing Results | 15th June 2025 17:20,,17:20,Yielding To Soft ace (Turf),2m 1f 165y,Beir Bua (IRE),Mr A P Ryan,7,A Slattery,2nd,10 l,4,11-6,-,True,Ireland
Downpatrick Racing Results | 15th June 2025 17:20,,17:20,Yielding To Soft ace (Turf),2m 1f 165y,Liadawn (IRE),Mr P W Mullins,0,W P Mullins,1st,,5,11-11,-,True,Ireland
Doncaster Racing Results | 15th June 2025 13:50,,13:50,Good To Firm (Good In Places),7f 6y,Too Much,Mark Winn,0,D Thompson,10th,1/2 l,5,9-3h,69,True,UK
Doncaster Racing Results | 15th June 2025 13:50,,13:50,Good To Firm (Good In Places),7f 6y,Diligent Henry,D Fentiman,0,Jessica Macey,9th,3 1/2 l,4,8-4v,56,True,UK
Doncaster Racing Results | 15th June 2025 13:50,,13:50,Good To Firm (Good In Places),7f 6y,Lucky Man (IRE),George Wood,0,J Candlish,8th,4 l,6,9-9,75,True,UK
Doncaster Racing Results | 15th June 2025 13:50,,13:50,Good To Firm (Good In Places),7f 6y,Grace Taufan,K T O'Neill,0,Alice Haynes,7th,3/4 l,4,9-7t,73,True,UK
Doncaster Racing Results | 15th June 2025 13:50,,13:50,Good To Firm (Good In Places),7f 6y,Livio Milo (IRE),Cam Hardie,0,S England,6th,1/2 l,5,8-13,65,True,UK
Doncaster Racing Results | 15th June 2025 13:50,,13:50,Good To Firm (Good In Places),7f 6y,Thapa VC (IRE),J Mitchell,0,M G Rimell,5th,1/2 l,7,9-3t,69,True,UK
Doncaster Racing Results | 15th June 2025 13:50,,13:50,Good To Firm (Good In Places),7f 6y,Albeseeingyer,D C Costello,0,Steph Hollinshead,4th,Head,6,9-9,75,True,UK
Doncaster Racing Results | 15th June 2025 13:50,,13:50,Good To Firm (Good In Places),7f 6y,Finbar's Lad,Cieren Fallon,0,J & S Quinn,3rd,1 3/4 l,6,9-5,71,True,UK
Doncaster Racing Results | 15th June 2025 13:50,,13:50,Good To Firm (Good In Places),7f 6y,Riot (IRE),D Tudhope,0,D O'Meara,2nd,3/4 l,8,9-8tv,74,True,UK
Doncaster Racing Results | 15th June 2025 13:50,,13:50,Good To Firm (Good In Places),7f 6y,Beattie Is Back,J Garritty,0,R A Fahey,1st,,6,9-6,72,True,UK
Doncaster Racing Results | 15th June 2025 13:50,,13:50,Good To Firm (Good In Places),7f 6y,Too Much,Mark Winn,0,D Thompson,10th,1/2 l,5,9-3h,69,True,UK
Doncaster Racing Results | 15th June 2025 13:50,,13:50,Good To Firm (Good In Places),7f 6y,Diligent Henry,D Fentiman,0,Jessica Macey,9th,3 1/2 l,4,8-4v,56,True,UK
Doncaster Racing Results | 15th June 2025 13:50,,13:50,Good To Firm (Good In Places),7f 6y,Lucky Man (IRE),George Wood,0,J Candlish,8th,4 l,6,9-9,75,True,UK
Doncaster Racing Results | 15th June 2025 13:50,,13:50,Good To Firm (Good In Places),7f 6y,Grace Taufan,K T O'Neill,0,Alice Haynes,7th,3/4 l,4,9-7t,73,True,UK
Doncaster Racing Results | 15th June 2025 13:50,,13:50,Good To Firm (Good In Places),7f 6y,Livio Milo (IRE),Cam Hardie,0,S England,6th,1/2 l,5,8-13,65,True,UK
Doncaster Racing Results | 15th June 2025 13:50,,13:50,Good To Firm (Good In Places),7f 6y,Thapa VC (IRE),J Mitchell,0,M G Rimell,5th,1/2 l,7,9-3t,69,True,UK
Doncaster Racing Results | 15th June 2025 13:50,,13:50,Good To Firm (Good In Places),7f 6y,Albeseeingyer,D C Costello,0,Steph Hollinshead,4th,Head,6,9-9,75,True,UK
Doncaster Racing Results | 15th June 2025 13:50,,13:50,Good To Firm (Good In Places),7f 6y,Finbar's Lad,Cieren Fallon,0,J & S Quinn,3rd,1 3/4 l,6,9-5,71,True,UK
Doncaster Racing Results | 15th June 2025 13:50,,13:50,Good To Firm (Good In Places),7f 6y,Riot (IRE),D Tudhope,0,D O'Meara,2nd,3/4 l,8,9-8tv,74,True,UK
Doncaster Racing Results | 15th June 2025 13:50,,13:50,Good To Firm (Good In Places),7f 6y,Beattie Is Back,J Garritty,0,R A Fahey,1st,,6,9-6,72,True,UK
Doncaster Racing Results | 15th June 2025 14:25,,14:25,Good To Firm,7f 6y,Wreck It Ryley (IRE),Rhys Clutterbuck,0,A D Brown,10th,5 l,5,9-9v,75,True,UK
Doncaster Racing Results | 15th June 2025 14:25,,14:25,Good To Firm,7f 6y,Count Palatine (IRE),Connor Beasley,0,M Dods,9th,2 3/4 l,4,9-9,75,True,UK
Doncaster Racing Results | 15th June 2025 14:25,,14:25,Good To Firm,7f 6y,Patontheback (IRE),J Mitchell,0,G Tutty,8th,1 3/4 l,7,8-13,65,True,UK
Doncaster Racing Results | 15th June 2025 14:25,,14:25,Good To Firm,7f 6y,Wilde And Dandy,David Probert,0,I Furtado,7th,1 1/4 l,5,8-12,64,True,UK
Doncaster Racing Results | 15th June 2025 14:25,,14:25,Good To Firm,7f 6y,Vibrato (IRE),Lewis Edmunds,0,J Candlish,6th,1 1/2 l,4,9-8,74,True,UK
Doncaster Racing Results | 15th June 2025 14:25,,14:25,Good To Firm,7f 6y,Twilight Diamond,D Tudhope,0,D O'Meara,5th,1 3/4 l,4,9-5t,71,True,UK
Doncaster Racing Results | 15th June 2025 14:25,,14:25,Good To Firm,7f 6y,Chifa (IRE),L Morris,0,E De Giles,4th,1 3/4 l,8,9-3,69,True,UK
Doncaster Racing Results | 15th June 2025 14:25,,14:25,Good To Firm,7f 6y,Angel Of Rain,George Wood,0,James Horton,3rd,Neck,4,9-6,72,True,UK
Doncaster Racing Results | 15th June 2025 14:25,,14:25,Good To Firm,7f 6y,Novello Lad,D Nolan,0,P T Midgley,2nd,1/2 l,4,9-1,67,True,UK
Doncaster Racing Results | 15th June 2025 14:25,,14:25,Good To Firm,7f 6y,Follow Your Heart (IRE),Billy Loughnane,0,D M Loughnane,1st,,7,9-5t,71,True,UK
Doncaster Racing Results | 15th June 2025 14:25,,14:25,Good To Firm,7f 6y,Wreck It Ryley (IRE),Rhys Clutterbuck,0,A D Brown,10th,5 l,5,9-9v,75,True,UK
Doncaster Racing Results | 15th June 2025 14:25,,14:25,Good To Firm,7f 6y,Count Palatine (IRE),Connor Beasley,0,M Dods,9th,2 3/4 l,4,9-9,75,True,UK
Doncaster Racing Results | 15th June 2025 14:25,,14:25,Good To Firm,7f 6y,Patontheback (IRE),J Mitchell,0,G Tutty,8th,1 3/4 l,7,8-13,65,True,UK
Doncaster Racing Results | 15th June 2025 14:25,,14:25,Good To Firm,7f 6y,Wilde And Dandy,David Probert,0,I Furtado,7th,1 1/4 l,5,8-12,64,True,UK
Doncaster Racing Results | 15th June 2025 14:25,,14:25,Good To Firm,7f 6y,Vibrato (IRE),Lewis Edmunds,0,J Candlish,6th,1 1/2 l,4,9-8,74,True,UK
Doncaster Racing Results | 15th June 2025 14:25,,14:25,Good To Firm,7f 6y,Twilight Diamond,D Tudhope,0,D O'Meara,5th,1 3/4 l,4,9-5t,71,True,UK
Doncaster Racing Results | 15th June 2025 14:25,,14:25,Good To Firm,7f 6y,Chifa (IRE),L Morris,0,E De Giles,4th,1 3/4 l,8,9-3,69,True,UK
Doncaster Racing Results | 15th June 2025 14:25,,14:25,Good To Firm,7f 6y,Angel Of Rain,George Wood,0,James Horton,3rd,Neck,4,9-6,72,True,UK
Doncaster Racing Results | 15th June 2025 14:25,,14:25,Good To Firm,7f 6y,Novello Lad,D Nolan,0,P T Midgley,2nd,1/2 l,4,9-1,67,True,UK
Doncaster Racing Results | 15th June 2025 14:25,,14:25,Good To Firm,7f 6y,Follow Your Heart (IRE),Billy Loughnane,0,D M Loughnane,1st,,7,9-5t,71,True,UK
Doncaster Racing Results | 15th June 2025 15:00,,15:00,Good To Firm,7f 6y,Alfa Patisserie (IRE),David Probert,0,I Furtado,5th,1 1/2 l,2,9-2,-,True,UK
Doncaster Racing Results | 15th June 2025 15:00,,15:00,Good To Firm,7f 6y,Hazy Cosmic Jane (IRE),L Morris,0,D Donovan,4th,1 1/2 l,2,9-2,-,True,UK
Doncaster Racing Results | 15th June 2025 15:00,,15:00,Good To Firm,7f 6y,Just Call Me Angel,Cieren Fallon,0,E A L Dunlop,3rd,7 l,2,9-2,-,True,UK
Doncaster Racing Results | 15th June 2025 15:00,,15:00,Good To Firm,7f 6y,Artanis,Billy Loughnane,0,G Boughey,2nd,4 l,2,9-2,-,True,UK
Doncaster Racing Results | 15th June 2025 15:00,,15:00,Good To Firm,7f 6y,Amora Queen (GER),Connor Beasley,0,C Johnston,1st,,2,9-2,-,True,UK
Doncaster Racing Results | 15th June 2025 15:00,,15:00,Good To Firm,7f 6y,Alfa Patisserie (IRE),David Probert,0,I Furtado,5th,1 1/2 l,2,9-2,-,True,UK
Doncaster Racing Results | 15th June 2025 15:00,,15:00,Good To Firm,7f 6y,Hazy Cosmic Jane (IRE),L Morris,0,D Donovan,4th,1 1/2 l,2,9-2,-,True,UK
Doncaster Racing Results | 15th June 2025 15:00,,15:00,Good To Firm,7f 6y,Just Call Me Angel,Cieren Fallon,0,E A L Dunlop,3rd,7 l,2,9-2,-,True,UK
Doncaster Racing Results | 15th June 2025 15:00,,15:00,Good To Firm,7f 6y,Artanis,Billy Loughnane,0,G Boughey,2nd,4 l,2,9-2,-,True,UK
Doncaster Racing Results | 15th June 2025 15:00,,15:00,Good To Firm,7f 6y,Amora Queen (GER),Connor Beasley,0,C Johnston,1st,,2,9-2,-,True,UK
Doncaster Racing Results | 15th June 2025 15:30,,15:30,Good To Firm,1m 3f 197y,Burlington Place,K T O'Neill,0,Mrs C A Dunnett,9th,82 l,4,9-11,-,True,UK
Doncaster Racing Results | 15th June 2025 15:30,,15:30,Good To Firm,1m 3f 197y,Rocky Gb,Cam Hardie,0,P A Kirby,8th,1 1/4 l,3,9-1,-,True,UK
Doncaster Racing Results | 15th June 2025 15:30,,15:30,Good To Firm,1m 3f 197y,Garswood Gold,Rhys Clutterbuck,0,C Ellam,7th,28 l,6,10-2,-,True,UK
Doncaster Racing Results | 15th June 2025 15:30,,15:30,Good To Firm,1m 3f 197y,Mr Withington (FR),D Nolan,0,Paul Robson,6th,15 l,4,10-2,-,True,UK
Doncaster Racing Results | 15th June 2025 15:30,,15:30,Good To Firm,1m 3f 197y,Little Saver (IRE),J Mitchell,0,H Palmer,5th,1 3/4 l,3,9-1,-,True,UK
Doncaster Racing Results | 15th June 2025 15:30,,15:30,Good To Firm,1m 3f 197y,Bomba Del Mundo (IRE),Cieren Fallon,0,H Kobeissi,4th,9 l,3,9-1t,-,True,UK
Doncaster Racing Results | 15th June 2025 15:30,,15:30,Good To Firm,1m 3f 197y,Bahadur,D Tudhope,0,S Woods,3rd,1 1/4 l,3,9-1,-,True,UK
Doncaster Racing Results | 15th June 2025 15:30,,15:30,Good To Firm,1m 3f 197y,Tarriance,David Probert,0,A M Balding,2nd,Neck,3,9-8,-,True,UK
Doncaster Racing Results | 15th June 2025 15:30,,15:30,Good To Firm,1m 3f 197y,Gravitas (IRE),Billy Loughnane,0,C Johnston,1st,,3,9-1,-,True,UK
Doncaster Racing Results | 15th June 2025 15:30,,15:30,Good To Firm,1m 3f 197y,Burlington Place,K T O'Neill,0,Mrs C A Dunnett,9th,82 l,4,9-11,-,True,UK
Doncaster Racing Results | 15th June 2025 15:30,,15:30,Good To Firm,1m 3f 197y,Rocky Gb,Cam Hardie,0,P A Kirby,8th,1 1/4 l,3,9-1,-,True,UK
Doncaster Racing Results | 15th June 2025 15:30,,15:30,Good To Firm,1m 3f 197y,Garswood Gold,Rhys Clutterbuck,0,C Ellam,7th,28 l,6,10-2,-,True,UK
Doncaster Racing Results | 15th June 2025 15:30,,15:30,Good To Firm,1m 3f 197y,Mr Withington (FR),D Nolan,0,Paul Robson,6th,15 l,4,10-2,-,True,UK
Doncaster Racing Results | 15th June 2025 15:30,,15:30,Good To Firm,1m 3f 197y,Little Saver (IRE),J Mitchell,0,H Palmer,5th,1 3/4 l,3,9-1,-,True,UK
Doncaster Racing Results | 15th June 2025 15:30,,15:30,Good To Firm,1m 3f 197y,Bomba Del Mundo (IRE),Cieren Fallon,0,H Kobeissi,4th,9 l,3,9-1t,-,True,UK
Doncaster Racing Results | 15th June 2025 15:30,,15:30,Good To Firm,1m 3f 197y,Bahadur,D Tudhope,0,S Woods,3rd,1 1/4 l,3,9-1,-,True,UK
Doncaster Racing Results | 15th June 2025 15:30,,15:30,Good To Firm,1m 3f 197y,Tarriance,David Probert,0,A M Balding,2nd,Neck,3,9-8,-,True,UK
Doncaster Racing Results | 15th June 2025 15:30,,15:30,Good To Firm,1m 3f 197y,Gravitas (IRE),Billy Loughnane,0,C Johnston,1st,,3,9-1,-,True,UK
Doncaster Racing Results | 15th June 2025 16:05,,16:05,Good To Firm,7f 213y,Savvy Kingdom,Billy Loughnane,0,S Woods,6th,1 1/4 l,4,9-5,76,True,UK
Doncaster Racing Results | 15th June 2025 16:05,,16:05,Good To Firm,7f 213y,Mount King (IRE),Sean Kirrane,0,T D Easterby,5th,1 1/4 l,5,8-10tp,67,True,UK
Doncaster Racing Results | 15th June 2025 16:05,,16:05,Good To Firm,7f 213y,Dutch Decoy,J Mitchell,0,C Johnston,4th,Neck,8,9-6p,77,True,UK
Doncaster Racing Results | 15th June 2025 16:05,,16:05,Good To Firm,7f 213y,Jimmy Speaking,Lewis Edmunds,0,C A Dwyer,3rd,1/2 l,4,9-4,75,True,UK
Doncaster Racing Results | 15th June 2025 16:05,,16:05,Good To Firm,7f 213y,Hale End (IRE),Connor Beasley,0,M Dods,2nd,3/4 l,5,9-3p,74,True,UK
Doncaster Racing Results | 15th June 2025 16:05,,16:05,Good To Firm,7f 213y,Duke's Command,Mark Winn,0,D O'Meara,1st,,4,9-9h1,80,True,UK
Doncaster Racing Results | 15th June 2025 16:05,,16:05,Good To Firm,7f 213y,Savvy Kingdom,Billy Loughnane,0,S Woods,6th,1 1/4 l,4,9-5,76,True,UK
Doncaster Racing Results | 15th June 2025 16:05,,16:05,Good To Firm,7f 213y,Mount King (IRE),Sean Kirrane,0,T D Easterby,5th,1 1/4 l,5,8-10tp,67,True,UK
Doncaster Racing Results | 15th June 2025 16:05,,16:05,Good To Firm,7f 213y,Dutch Decoy,J Mitchell,0,C Johnston,4th,Neck,8,9-6p,77,True,UK
Doncaster Racing Results | 15th June 2025 16:05,,16:05,Good To Firm,7f 213y,Jimmy Speaking,Lewis Edmunds,0,C A Dwyer,3rd,1/2 l,4,9-4,75,True,UK
Doncaster Racing Results | 15th June 2025 16:05,,16:05,Good To Firm,7f 213y,Hale End (IRE),Connor Beasley,0,M Dods,2nd,3/4 l,5,9-3p,74,True,UK
Doncaster Racing Results | 15th June 2025 16:05,,16:05,Good To Firm,7f 213y,Duke's Command,Mark Winn,0,D O'Meara,1st,,4,9-9h1,80,True,UK
Doncaster Racing Results | 15th June 2025 16:35,,16:35,Good To Firm,7f 6y,Morning Angel,D C Costello,0,M Walford,12th,2 l,3,9-3,49,True,UK
Doncaster Racing Results | 15th June 2025 16:35,,16:35,Good To Firm,7f 6y,Mavetheforcebewivu,Rhys Clutterbuck,0,A D Brown,11th,13 l,3,9-2p1,48,True,UK
Doncaster Racing Results | 15th June 2025 16:35,,16:35,Good To Firm,7f 6y,I Can Boogy,Faye McManoman,0,N Tinkler,10th,2 l,3,9-7,53,True,UK
Doncaster Racing Results | 15th June 2025 16:35,,16:35,Good To Firm,7f 6y,Queen's Palace,Andrew Breslin,3,B Smart,9th,Neck,3,9-0,46,True,UK
Doncaster Racing Results | 15th June 2025 16:35,,16:35,Good To Firm,7f 6y,Sugar Kane,Billy Loughnane,0,D & C Kubler,8th,1 l,3,9-2,48,True,UK
Doncaster Racing Results | 15th June 2025 16:35,,16:35,Good To Firm,7f 6y,Sandinyourshoes (IRE),George Wood,0,Mrs Stella Barclay,7th,Neck,3,9-4,50,True,UK
Doncaster Racing Results | 15th June 2025 16:35,,16:35,Good To Firm,7f 6y,Jimmy Henry (IRE),Andrea Pinna,7,M Herrington,6th,Nose,3,9-0p,46,True,UK
Doncaster Racing Results | 15th June 2025 16:35,,16:35,Good To Firm,7f 6y,Invincible Storm (IRE),L Morris,0,E De Giles,5th,1/2 l,3,9-0,46,True,UK
Doncaster Racing Results | 15th June 2025 16:35,,16:35,Good To Firm,7f 6y,Miakoda (IRE),Cieren Fallon,0,James Owen,4th,1 3/4 l,3,9-9t,55,True,UK
Doncaster Racing Results | 15th June 2025 16:35,,16:35,Good To Firm,7f 6y,Dolly's Delight (IRE),Lewis Edmunds,0,Miss J A Camacho,3rd,Short Head,3,9-8,54,True,UK
Doncaster Racing Results | 15th June 2025 16:35,,16:35,Good To Firm,7f 6y,Toota (IRE),D Fentiman,0,T D Easterby,2nd,1 1/4 l,3,9-9h,55,True,UK
Doncaster Racing Results | 15th June 2025 16:35,,16:35,Good To Firm,7f 6y,Sharon Curly (IRE),O McSweeney,3,R A Fahey,1st,,3,9-7,53,True,UK
Doncaster Racing Results | 15th June 2025 16:35,,16:35,Good To Firm,7f 6y,Morning Angel,D C Costello,0,M Walford,12th,2 l,3,9-3,49,True,UK
Doncaster Racing Results | 15th June 2025 16:35,,16:35,Good To Firm,7f 6y,Mavetheforcebewivu,Rhys Clutterbuck,0,A D Brown,11th,13 l,3,9-2p1,48,True,UK
Doncaster Racing Results | 15th June 2025 16:35,,16:35,Good To Firm,7f 6y,I Can Boogy,Faye McManoman,0,N Tinkler,10th,2 l,3,9-7,53,True,UK
Doncaster Racing Results | 15th June 2025 16:35,,16:35,Good To Firm,7f 6y,Queen's Palace,Andrew Breslin,3,B Smart,9th,Neck,3,9-0,46,True,UK
Doncaster Racing Results | 15th June 2025 16:35,,16:35,Good To Firm,7f 6y,Sugar Kane,Billy Loughnane,0,D & C Kubler,8th,1 l,3,9-2,48,True,UK
Doncaster Racing Results | 15th June 2025 16:35,,16:35,Good To Firm,7f 6y,Sandinyourshoes (IRE),George Wood,0,Mrs Stella Barclay,7th,Neck,3,9-4,50,True,UK
Doncaster Racing Results | 15th June 2025 16:35,,16:35,Good To Firm,7f 6y,Jimmy Henry (IRE),Andrea Pinna,7,M Herrington,6th,Nose,3,9-0p,46,True,UK
Doncaster Racing Results | 15th June 2025 16:35,,16:35,Good To Firm,7f 6y,Invincible Storm (IRE),L Morris,0,E De Giles,5th,1/2 l,3,9-0,46,True,UK
Doncaster Racing Results | 15th June 2025 16:35,,16:35,Good To Firm,7f 6y,Miakoda (IRE),Cieren Fallon,0,James Owen,4th,1 3/4 l,3,9-9t,55,True,UK
Doncaster Racing Results | 15th June 2025 16:35,,16:35,Good To Firm,7f 6y,Dolly's Delight (IRE),Lewis Edmunds,0,Miss J A Camacho,3rd,Short Head,3,9-8,54,True,UK
Doncaster Racing Results | 15th June 2025 16:35,,16:35,Good To Firm,7f 6y,Toota (IRE),D Fentiman,0,T D Easterby,2nd,1 1/4 l,3,9-9h,55,True,UK
Doncaster Racing Results | 15th June 2025 16:35,,16:35,Good To Firm,7f 6y,Sharon Curly (IRE),O McSweeney,3,R A Fahey,1st,,3,9-7,53,True,UK
Doncaster Racing Results | 15th June 2025 17:05,,17:05,Good To Firm,6f 2y,Pancake,Connor Beasley,0,M Dods,14th,8 l,3,9-6h1,62,True,UK
Doncaster Racing Results | 15th June 2025 17:05,,17:05,Good To Firm,6f 2y,Yorkshire Myth,Lewis Chalkley,7,M & D Easterby,13th,2 l,3,8-12,54,True,UK
Doncaster Racing Results | 15th June 2025 17:05,,17:05,Good To Firm,6f 2y,Triple Charged (IRE),L Morris,0,L Williamson,12th,1 l,3,9-1,57,True,UK
Doncaster Racing Results | 15th June 2025 17:05,,17:05,Good To Firm,6f 2y,Cooramook (IRE),George Wood,0,Harry Eustace,11th,Head,3,9-8,64,True,UK
Doncaster Racing Results | 15th June 2025 17:05,,17:05,Good To Firm,6f 2y,Rokuni (IRE),K T O'Neill,0,Mrs C A Dunnett,10th,1 l,3,9-51,61,True,UK
Doncaster Racing Results | 15th June 2025 17:05,,17:05,Good To Firm,6f 2y,Bust A Moon,Charlie Bennett,0,I W McInnes,9th,1 l,3,9-9,65,True,UK
Doncaster Racing Results | 15th June 2025 17:05,,17:05,Good To Firm,6f 2y,Spirited Dancer,Billy Loughnane,0,D & C Kubler,8th,1/2 l,3,9-9t1,65,True,UK
Doncaster Racing Results | 15th June 2025 17:05,,17:05,Good To Firm,6f 2y,Memphisatmidnight (IRE),Sean Kirrane,0,T D Easterby,7th,2 3/4 l,3,9-4,60,True,UK
Doncaster Racing Results | 15th June 2025 17:05,,17:05,Good To Firm,6f 2y,Vault Of Heaven (IRE),J Mitchell,0,K Frost,6th,3/4 l,3,9-3,59,True,UK
Doncaster Racing Results | 15th June 2025 17:05,,17:05,Good To Firm,6f 2y,Captain Pickles (IRE),D C Costello,0,Mrs Stella Barclay,5th,Head,3,9-0,56,True,UK
Doncaster Racing Results | 15th June 2025 17:05,,17:05,Good To Firm,6f 2y,Coeur Jaune (IRE),D Tudhope,0,D O'Meara,4th,1/2 l,3,9-8,64,True,UK
Doncaster Racing Results | 15th June 2025 17:05,,17:05,Good To Firm,6f 2y,Atomic Mass (IRE),Nathan Evans,0,M & D Easterby,3rd,1/2 l,3,9-8,64,True,UK
Doncaster Racing Results | 15th June 2025 17:05,,17:05,Good To Firm,6f 2y,Alashos (FR),A J Farragher,0,James Horton,2nd,1 1/2 l,3,9-7p,63,True,UK
Doncaster Racing Results | 15th June 2025 17:05,,17:05,Good To Firm,6f 2y,Promise Time,Alex Jary,5,N Tinkler,1st,,3,9-3,59,True,UK
Doncaster Racing Results | 15th June 2025 17:05,,17:05,Good To Firm,6f 2y,Pancake,Connor Beasley,0,M Dods,14th,8 l,3,9-6h1,62,True,UK
Doncaster Racing Results | 15th June 2025 17:05,,17:05,Good To Firm,6f 2y,Yorkshire Myth,Lewis Chalkley,7,M & D Easterby,13th,2 l,3,8-12,54,True,UK
Doncaster Racing Results | 15th June 2025 17:05,,17:05,Good To Firm,6f 2y,Triple Charged (IRE),L Morris,0,L Williamson,12th,1 l,3,9-1,57,True,UK
Doncaster Racing Results | 15th June 2025 17:05,,17:05,Good To Firm,6f 2y,Cooramook (IRE),George Wood,0,Harry Eustace,11th,Head,3,9-8,64,True,UK
Doncaster Racing Results | 15th June 2025 17:05,,17:05,Good To Firm,6f 2y,Rokuni (IRE),K T O'Neill,0,Mrs C A Dunnett,10th,1 l,3,9-51,61,True,UK
Doncaster Racing Results | 15th June 2025 17:05,,17:05,Good To Firm,6f 2y,Bust A Moon,Charlie Bennett,0,I W McInnes,9th,1 l,3,9-9,65,True,UK
Doncaster Racing Results | 15th June 2025 17:05,,17:05,Good To Firm,6f 2y,Spirited Dancer,Billy Loughnane,0,D & C Kubler,8th,1/2 l,3,9-9t1,65,True,UK
Doncaster Racing Results | 15th June 2025 17:05,,17:05,Good To Firm,6f 2y,Memphisatmidnight (IRE),Sean Kirrane,0,T D Easterby,7th,2 3/4 l,3,9-4,60,True,UK
Doncaster Racing Results | 15th June 2025 17:05,,17:05,Good To Firm,6f 2y,Vault Of Heaven (IRE),J Mitchell,0,K Frost,6th,3/4 l,3,9-3,59,True,UK
Doncaster Racing Results | 15th June 2025 17:05,,17:05,Good To Firm,6f 2y,Captain Pickles (IRE),D C Costello,0,Mrs Stella Barclay,5th,Head,3,9-0,56,True,UK
Doncaster Racing Results | 15th June 2025 17:05,,17:05,Good To Firm,6f 2y,Coeur Jaune (IRE),D Tudhope,0,D O'Meara,4th,1/2 l,3,9-8,64,True,UK
Doncaster Racing Results | 15th June 2025 17:05,,17:05,Good To Firm,6f 2y,Atomic Mass (IRE),Nathan Evans,0,M & D Easterby,3rd,1/2 l,3,9-8,64,True,UK
Doncaster Racing Results | 15th June 2025 17:05,,17:05,Good To Firm,6f 2y,Alashos (FR),A J Farragher,0,James Horton,2nd,1 1/2 l,3,9-7p,63,True,UK
Doncaster Racing Results | 15th June 2025 17:05,,17:05,Good To Firm,6f 2y,Promise Time,Alex Jary,5,N Tinkler,1st,,3,9-3,59,True,UK
Doncaster Racing Results | 15th June 2025 17:37,,17:37,Good To Firm,5f 3y,Step Along,Lewis Edmunds,0,W Muir & C Grassick,8th,2 l,3,9-9,58,True,UK
Doncaster Racing Results | 15th June 2025 17:37,,17:37,Good To Firm,5f 3y,Novamay,Connor Beasley,0,M Dods,7th,Short Head,3,9-10p1,59,True,UK
Doncaster Racing Results | 15th June 2025 17:37,,17:37,Good To Firm,5f 3y,Pure Artistry (IRE),Cieren Fallon,0,M L W Bell,6th,3/4 l,3,9-8t,57,True,UK
Doncaster Racing Results | 15th June 2025 17:37,,17:37,Good To Firm,5f 3y,Sun Keeper,K T O'Neill,0,Alice Haynes,5th,1/2 l,3,9-8t,57,True,UK
Doncaster Racing Results | 15th June 2025 17:37,,17:37,Good To Firm,5f 3y,Love Rock (IRE),Billy Loughnane,0,I Mohammed,4th,Head,3,9-7,56,True,UK
Doncaster Racing Results | 15th June 2025 17:37,,17:37,Good To Firm,5f 3y,Master Zack,A J Farragher,0,Martin Dunne,3rd,1 1/4 l,3,9-3ht,52,True,UK
Doncaster Racing Results | 15th June 2025 17:37,,17:37,Good To Firm,5f 3y,Wee Mary (IRE),D Tudhope,0,R Menzies,2nd,1/2 l,3,9-7h,56,True,UK
Doncaster Racing Results | 15th June 2025 17:37,,17:37,Good To Firm,5f 3y,Solar Biricz (IRE),Ben Robinson,0,B Ellison,1st,,3,9-9,58,True,UK
Doncaster Racing Results | 15th June 2025 17:37,,17:37,Good To Firm,5f 3y,Step Along,Lewis Edmunds,0,W Muir & C Grassick,8th,2 l,3,9-9,58,True,UK
Doncaster Racing Results | 15th June 2025 17:37,,17:37,Good To Firm,5f 3y,Novamay,Connor Beasley,0,M Dods,7th,Short Head,3,9-10p1,59,True,UK
Doncaster Racing Results | 15th June 2025 17:37,,17:37,Good To Firm,5f 3y,Pure Artistry (IRE),Cieren Fallon,0,M L W Bell,6th,3/4 l,3,9-8t,57,True,UK
Doncaster Racing Results | 15th June 2025 17:37,,17:37,Good To Firm,5f 3y,Sun Keeper,K T O'Neill,0,Alice Haynes,5th,1/2 l,3,9-8t,57,True,UK
Doncaster Racing Results | 15th June 2025 17:37,,17:37,Good To Firm,5f 3y,Love Rock (IRE),Billy Loughnane,0,I Mohammed,4th,Head,3,9-7,56,True,UK
Doncaster Racing Results | 15th June 2025 17:37,,17:37,Good To Firm,5f 3y,Master Zack,A J Farragher,0,Martin Dunne,3rd,1 1/4 l,3,9-3ht,52,True,UK
Doncaster Racing Results | 15th June 2025 17:37,,17:37,Good To Firm,5f 3y,Wee Mary (IRE),D Tudhope,0,R Menzies,2nd,1/2 l,3,9-7h,56,True,UK
Doncaster Racing Results | 15th June 2025 17:37,,17:37,Good To Firm,5f 3y,Solar Biricz (IRE),Ben Robinson,0,B Ellison,1st,,3,9-9,58,True,UK
Salisbury Racing Results | 15th June 2025 14:15,,14:15,Good To Firm (Good In Places),6f 213y,Kaleidoscope Eyes (IRE),Alfie Gee,7,Harry Eustace,NR,,3,9-4,59,True,UK
Salisbury Racing Results | 15th June 2025 14:15,,14:15,Good To Firm (Good In Places),6f 213y,Blue Empress (IRE),Poppy Scott,5,A Watson,10th,Neck,3,9-10p,65,True,UK
Salisbury Racing Results | 15th June 2025 14:15,,14:15,Good To Firm (Good In Places),6f 213y,Enchanted Way,Ashley Lewis,0,A Watson,9th,Short Head,3,9-9b,64,True,UK
Salisbury Racing Results | 15th June 2025 14:15,,14:15,Good To Firm (Good In Places),6f 213y,Mister Mcgregor (IRE),Alfie Redman,3,A M Balding,8th,3/4 l,3,9-13,68,True,UK
Salisbury Racing Results | 15th June 2025 14:15,,14:15,Good To Firm (Good In Places),6f 213y,Jersey Maverick (IRE),Jack Dace,0,C Fellowes,7th,4 l,3,9-11p,66,True,UK
Salisbury Racing Results | 15th June 2025 14:15,,14:15,Good To Firm (Good In Places),6f 213y,Silca Bay,Oliver Carmichael,3,Eve Johnson Houghton,6th,1 l,3,9-12,67,True,UK
Salisbury Racing Results | 15th June 2025 14:15,,14:15,Good To Firm (Good In Places),6f 213y,Saidha,Alicia Perkins,5,M D I Usher,5th,3 3/4 l,3,9-10,65,True,UK
Salisbury Racing Results | 15th June 2025 14:15,,14:15,Good To Firm (Good In Places),6f 213y,Amor Cordis (IRE),Tyrese Cameron,0,W Greatrex,4th,Neck,3,9-10p,65,True,UK
Salisbury Racing Results | 15th June 2025 14:15,,14:15,Good To Firm (Good In Places),6f 213y,Play Me,Donagh Murphy,7,J R Boyle,3rd,1/2 l,3,9-5,60,True,UK
Salisbury Racing Results | 15th June 2025 14:15,,14:15,Good To Firm (Good In Places),6f 213y,Baloo's Blues,Jack Callan,0,C Hills,2nd,2 1/4 l,3,9-10,65,True,UK
Salisbury Racing Results | 15th June 2025 14:15,,14:15,Good To Firm (Good In Places),6f 213y,Mr Ubiquitous,Jack Nicholls,0,Harry Eustace,1st,,3,9-13,68,True,UK
Salisbury Racing Results | 15th June 2025 14:15,,14:15,Good To Firm (Good In Places),6f 213y,Kaleidoscope Eyes (IRE),Alfie Gee,7,Harry Eustace,NR,,3,9-4,59,True,UK
Salisbury Racing Results | 15th June 2025 14:15,,14:15,Good To Firm (Good In Places),6f 213y,Blue Empress (IRE),Poppy Scott,5,A Watson,10th,Neck,3,9-10p,65,True,UK
Salisbury Racing Results | 15th June 2025 14:15,,14:15,Good To Firm (Good In Places),6f 213y,Enchanted Way,Ashley Lewis,0,A Watson,9th,Short Head,3,9-9b,64,True,UK
Salisbury Racing Results | 15th June 2025 14:15,,14:15,Good To Firm (Good In Places),6f 213y,Mister Mcgregor (IRE),Alfie Redman,3,A M Balding,8th,3/4 l,3,9-13,68,True,UK
Salisbury Racing Results | 15th June 2025 14:15,,14:15,Good To Firm (Good In Places),6f 213y,Jersey Maverick (IRE),Jack Dace,0,C Fellowes,7th,4 l,3,9-11p,66,True,UK
Salisbury Racing Results | 15th June 2025 14:15,,14:15,Good To Firm (Good In Places),6f 213y,Silca Bay,Oliver Carmichael,3,Eve Johnson Houghton,6th,1 l,3,9-12,67,True,UK
Salisbury Racing Results | 15th June 2025 14:15,,14:15,Good To Firm (Good In Places),6f 213y,Saidha,Alicia Perkins,5,M D I Usher,5th,3 3/4 l,3,9-10,65,True,UK
Salisbury Racing Results | 15th June 2025 14:15,,14:15,Good To Firm (Good In Places),6f 213y,Amor Cordis (IRE),Tyrese Cameron,0,W Greatrex,4th,Neck,3,9-10p,65,True,UK
Salisbury Racing Results | 15th June 2025 14:15,,14:15,Good To Firm (Good In Places),6f 213y,Play Me,Donagh Murphy,7,J R Boyle,3rd,1/2 l,3,9-5,60,True,UK
Salisbury Racing Results | 15th June 2025 14:15,,14:15,Good To Firm (Good In Places),6f 213y,Baloo's Blues,Jack Callan,0,C Hills,2nd,2 1/4 l,3,9-10,65,True,UK
Salisbury Racing Results | 15th June 2025 14:15,,14:15,Good To Firm (Good In Places),6f 213y,Mr Ubiquitous,Jack Nicholls,0,Harry Eustace,1st,,3,9-13,68,True,UK
Salisbury Racing Results | 15th June 2025 14:50,,14:50,Good To Firm (Good In Places),1m,Beatrice Shilling (IRE),Daniel Muscutt,0,K P De Foy,5th,12 l,4,9-9tp1,72,True,UK
Salisbury Racing Results | 15th June 2025 14:50,,14:50,Good To Firm (Good In Places),1m,Hoornblower,Rossa Ryan,0,D J Coakley,4th,5 l,6,9-4,67,True,UK
Salisbury Racing Results | 15th June 2025 14:50,,14:50,Good To Firm (Good In Places),1m,Chourmo,J F Egan,0,Mark Gillard,3rd,3 1/4 l,5,9-0,63,True,UK
Salisbury Racing Results | 15th June 2025 14:50,,14:50,Good To Firm (Good In Places),1m,Magical Merlin (IRE),Millie Wonnacott,5,Harry Charlton,2nd,1/2 l,5,9-8p,71,True,UK
Salisbury Racing Results | 15th June 2025 14:50,,14:50,Good To Firm (Good In Places),1m,Hover (IRE),Harry Davies,0,M Meade,1st,,8,9-7,70,True,UK
Salisbury Racing Results | 15th June 2025 14:50,,14:50,Good To Firm (Good In Places),1m,Beatrice Shilling (IRE),Daniel Muscutt,0,K P De Foy,5th,12 l,4,9-9tp1,72,True,UK
Salisbury Racing Results | 15th June 2025 14:50,,14:50,Good To Firm (Good In Places),1m,Hoornblower,Rossa Ryan,0,D J Coakley,4th,5 l,6,9-4,67,True,UK
Salisbury Racing Results | 15th June 2025 14:50,,14:50,Good To Firm (Good In Places),1m,Chourmo,J F Egan,0,Mark Gillard,3rd,3 1/4 l,5,9-0,63,True,UK
Salisbury Racing Results | 15th June 2025 14:50,,14:50,Good To Firm (Good In Places),1m,Magical Merlin (IRE),Millie Wonnacott,5,Harry Charlton,2nd,1/2 l,5,9-8p,71,True,UK
Salisbury Racing Results | 15th June 2025 14:50,,14:50,Good To Firm (Good In Places),1m,Hover (IRE),Harry Davies,0,M Meade,1st,,8,9-7,70,True,UK
Salisbury Racing Results | 15th June 2025 15:23,,15:23,Good To Firm (Good In Places),1m 1f 201y,Graecia (IRE),Rob Hornby,0,C E Longsdon,7th,13 l,4,9-9t,73,True,UK
Salisbury Racing Results | 15th June 2025 15:23,,15:23,Good To Firm (Good In Places),1m 1f 201y,Sunny Corner,Rossa Ryan,0,W S Kittow,6th,2 3/4 l,4,9-5,69,True,UK
Salisbury Racing Results | 15th June 2025 15:23,,15:23,Good To Firm (Good In Places),1m 1f 201y,Didaar (IRE),Gianluca Sanna,5,I Mohammed,5th,1 l,4,9-8,72,True,UK
Salisbury Racing Results | 15th June 2025 15:23,,15:23,Good To Firm (Good In Places),1m 1f 201y,Racing Demon,P Cosgrave,0,E De Giles,4th,1 1/4 l,5,8-11h,61,True,UK
Salisbury Racing Results | 15th June 2025 15:23,,15:23,Good To Firm (Good In Places),1m 1f 201y,Tribal Wisdom (IRE),R Kingscote,0,Ian Williams,3rd,Neck,6,9-9,73,True,UK
Salisbury Racing Results | 15th June 2025 15:23,,15:23,Good To Firm (Good In Places),1m 1f 201y,Sugarloaf Lenny (IRE),Brandon Wilkie,3,W J Knight,2nd,2 l,4,9-7,71,True,UK
Salisbury Racing Results | 15th June 2025 15:23,,15:23,Good To Firm (Good In Places),1m 1f 201y,Golden Phase,Hollie Doyle,0,D J Coakley,1st,,5,8-13,63,True,UK
Salisbury Racing Results | 15th June 2025 15:23,,15:23,Good To Firm (Good In Places),1m 1f 201y,Graecia (IRE),Rob Hornby,0,C E Longsdon,7th,13 l,4,9-9t,73,True,UK
Salisbury Racing Results | 15th June 2025 15:23,,15:23,Good To Firm (Good In Places),1m 1f 201y,Sunny Corner,Rossa Ryan,0,W S Kittow,6th,2 3/4 l,4,9-5,69,True,UK
Salisbury Racing Results | 15th June 2025 15:23,,15:23,Good To Firm (Good In Places),1m 1f 201y,Didaar (IRE),Gianluca Sanna,5,I Mohammed,5th,1 l,4,9-8,72,True,UK
Salisbury Racing Results | 15th June 2025 15:23,,15:23,Good To Firm (Good In Places),1m 1f 201y,Racing Demon,P Cosgrave,0,E De Giles,4th,1 1/4 l,5,8-11h,61,True,UK
Salisbury Racing Results | 15th June 2025 15:23,,15:23,Good To Firm (Good In Places),1m 1f 201y,Tribal Wisdom (IRE),R Kingscote,0,Ian Williams,3rd,Neck,6,9-9,73,True,UK
Salisbury Racing Results | 15th June 2025 15:23,,15:23,Good To Firm (Good In Places),1m 1f 201y,Sugarloaf Lenny (IRE),Brandon Wilkie,3,W J Knight,2nd,2 l,4,9-7,71,True,UK
Salisbury Racing Results | 15th June 2025 15:23,,15:23,Good To Firm (Good In Places),1m 1f 201y,Golden Phase,Hollie Doyle,0,D J Coakley,1st,,5,8-13,63,True,UK
Salisbury Racing Results | 15th June 2025 16:00,,16:00,Good To Firm (Good In Places),6f,Dark Mandate,Hollie Doyle,0,C Hills,10th,2 1/2 l,2,9-4,-,True,UK
Salisbury Racing Results | 15th June 2025 16:00,,16:00,Good To Firm (Good In Places),6f,Ajuda Road,Rossa Ryan,0,R M Beckett,9th,Neck,2,9-4,-,True,UK
Salisbury Racing Results | 15th June 2025 16:00,,16:00,Good To Firm (Good In Places),6f,Berkshire Boom (IRE),Rob Hornby,0,A M Balding,8th,3/4 l,2,9-4,-,True,UK
Salisbury Racing Results | 15th June 2025 16:00,,16:00,Good To Firm (Good In Places),6f,Dublin Bay (IRE),Daniel Muscutt,0,Ollie Sangster,7th,4 l,2,9-4,-,True,UK
Salisbury Racing Results | 15th June 2025 16:00,,16:00,Good To Firm (Good In Places),6f,French Affair (IRE),S Hitchcott,0,R Hannon,6th,1 1/2 l,2,9-4,-,True,UK
Salisbury Racing Results | 15th June 2025 16:00,,16:00,Good To Firm (Good In Places),6f,Golden Brown (IRE),Hector Crouch,0,E Walker,5th,2 1/4 l,2,9-4,-,True,UK
Salisbury Racing Results | 15th June 2025 16:00,,16:00,Good To Firm (Good In Places),6f,Orion's Belt (IRE),S M Levey,0,R Hannon,4th,Neck,2,8-13,-,True,UK
Salisbury Racing Results | 15th June 2025 16:00,,16:00,Good To Firm (Good In Places),6f,Spirit Of Saxony (IRE),Charles Bishop,0,Eve Johnson Houghton,3rd,1/2 l,2,9-4,-,True,UK
Salisbury Racing Results | 15th June 2025 16:00,,16:00,Good To Firm (Good In Places),6f,First Time (IRE),T E Whelan,0,Harry Charlton,2nd,Head,2,9-4,-,True,UK
Salisbury Racing Results | 15th June 2025 16:00,,16:00,Good To Firm (Good In Places),6f,Italica,R Kingscote,0,Tom Dascombe,1st,,2,9-11,-,True,UK
Salisbury Racing Results | 15th June 2025 16:00,,16:00,Good To Firm (Good In Places),6f,Dark Mandate,Hollie Doyle,0,C Hills,10th,2 1/2 l,2,9-4,-,True,UK
Salisbury Racing Results | 15th June 2025 16:00,,16:00,Good To Firm (Good In Places),6f,Ajuda Road,Rossa Ryan,0,R M Beckett,9th,Neck,2,9-4,-,True,UK
Salisbury Racing Results | 15th June 2025 16:00,,16:00,Good To Firm (Good In Places),6f,Berkshire Boom (IRE),Rob Hornby,0,A M Balding,8th,3/4 l,2,9-4,-,True,UK
Salisbury Racing Results | 15th June 2025 16:00,,16:00,Good To Firm (Good In Places),6f,Dublin Bay (IRE),Daniel Muscutt,0,Ollie Sangster,7th,4 l,2,9-4,-,True,UK
Salisbury Racing Results | 15th June 2025 16:00,,16:00,Good To Firm (Good In Places),6f,French Affair (IRE),S Hitchcott,0,R Hannon,6th,1 1/2 l,2,9-4,-,True,UK
Salisbury Racing Results | 15th June 2025 16:00,,16:00,Good To Firm (Good In Places),6f,Golden Brown (IRE),Hector Crouch,0,E Walker,5th,2 1/4 l,2,9-4,-,True,UK
Salisbury Racing Results | 15th June 2025 16:00,,16:00,Good To Firm (Good In Places),6f,Orion's Belt (IRE),S M Levey,0,R Hannon,4th,Neck,2,8-13,-,True,UK
Salisbury Racing Results | 15th June 2025 16:00,,16:00,Good To Firm (Good In Places),6f,Spirit Of Saxony (IRE),Charles Bishop,0,Eve Johnson Houghton,3rd,1/2 l,2,9-4,-,True,UK
Salisbury Racing Results | 15th June 2025 16:00,,16:00,Good To Firm (Good In Places),6f,First Time (IRE),T E Whelan,0,Harry Charlton,2nd,Head,2,9-4,-,True,UK
Salisbury Racing Results | 15th June 2025 16:00,,16:00,Good To Firm (Good In Places),6f,Italica,R Kingscote,0,Tom Dascombe,1st,,2,9-11,-,True,UK
Salisbury Racing Results | 15th June 2025 16:30,,16:30,Good To Firm (Good In Places),1m 1f 201y,Mission Possible,Hollie Doyle,0,W J Haggas,4th,1 1/4 l,3,9-2,-,True,UK
Salisbury Racing Results | 15th June 2025 16:30,,16:30,Good To Firm (Good In Places),1m 1f 201y,Wujjood (IRE),Jim Crowley,0,W J Haggas,3rd,2 l,3,9-2,-,True,UK
Salisbury Racing Results | 15th June 2025 16:30,,16:30,Good To Firm (Good In Places),1m 1f 201y,Bintalina,S De Sousa,0,R Varian,2nd,5 l,3,9-2,-,True,UK
Salisbury Racing Results | 15th June 2025 16:30,,16:30,Good To Firm (Good In Places),1m 1f 201y,Nanino Niyati,R Kingscote,0,D & C Kubler,1st,,3,9-2,-,True,UK
Salisbury Racing Results | 15th June 2025 16:30,,16:30,Good To Firm (Good In Places),1m 1f 201y,Mission Possible,Hollie Doyle,0,W J Haggas,4th,1 1/4 l,3,9-2,-,True,UK
Salisbury Racing Results | 15th June 2025 16:30,,16:30,Good To Firm (Good In Places),1m 1f 201y,Wujjood (IRE),Jim Crowley,0,W J Haggas,3rd,2 l,3,9-2,-,True,UK
Salisbury Racing Results | 15th June 2025 16:30,,16:30,Good To Firm (Good In Places),1m 1f 201y,Bintalina,S De Sousa,0,R Varian,2nd,5 l,3,9-2,-,True,UK
Salisbury Racing Results | 15th June 2025 16:30,,16:30,Good To Firm (Good In Places),1m 1f 201y,Nanino Niyati,R Kingscote,0,D & C Kubler,1st,,3,9-2,-,True,UK
Salisbury Racing Results | 15th June 2025 17:00,,17:00,Good To Firm (Good In Places),6f 213y,Newsreader (IRE),Daniel Muscutt,0,K P De Foy,9th,5 l,4,9-11,80,True,UK
Salisbury Racing Results | 15th June 2025 17:00,,17:00,Good To Firm (Good In Places),6f 213y,Makes Sense (IRE),Hector Crouch,0,Eve Johnson Houghton,8th,1 3/4 l,4,9-1,70,True,UK
Salisbury Racing Results | 15th June 2025 17:00,,17:00,Good To Firm (Good In Places),6f 213y,Little Boy Blue,Harry Kimber,0,W G M Turner,7th,Neck,10,9-7p,76,True,UK
Salisbury Racing Results | 15th June 2025 17:00,,17:00,Good To Firm (Good In Places),6f 213y,Snuggle,Marco Ghiani,0,C Hobson,6th,1 1/4 l,5,8-7,62,True,UK
Salisbury Racing Results | 15th June 2025 17:00,,17:00,Good To Firm (Good In Places),6f 213y,Redredrobin,Jack Callan,7,M S Saunders,5th,1/2 l,8,9-1,70,True,UK
Salisbury Racing Results | 15th June 2025 17:00,,17:00,Good To Firm (Good In Places),6f 213y,Bell Shot (IRE),S De Sousa,0,M Appleby,4th,2 l,6,9-7p,76,True,UK
Salisbury Racing Results | 15th June 2025 17:00,,17:00,Good To Firm (Good In Places),6f 213y,Hodler (GER),Luke Catton,5,J R Boyle,3rd,3 1/4 l,6,9-9,78,True,UK
Salisbury Racing Results | 15th June 2025 17:00,,17:00,Good To Firm (Good In Places),6f 213y,Noel Fox (IRE),Rossa Ryan,0,R M Beckett,2nd,1 1/4 l,4,9-7,76,True,UK
Salisbury Racing Results | 15th June 2025 17:00,,17:00,Good To Firm (Good In Places),6f 213y,Crimson Spirit,R Kingscote,0,D & C Kubler,1st,,4,9-7,76,True,UK
Salisbury Racing Results | 15th June 2025 17:00,,17:00,Good To Firm (Good In Places),6f 213y,Newsreader (IRE),Daniel Muscutt,0,K P De Foy,9th,5 l,4,9-11,80,True,UK
Salisbury Racing Results | 15th June 2025 17:00,,17:00,Good To Firm (Good In Places),6f 213y,Makes Sense (IRE),Hector Crouch,0,Eve Johnson Houghton,8th,1 3/4 l,4,9-1,70,True,UK
Salisbury Racing Results | 15th June 2025 17:00,,17:00,Good To Firm (Good In Places),6f 213y,Little Boy Blue,Harry Kimber,0,W G M Turner,7th,Neck,10,9-7p,76,True,UK
Salisbury Racing Results | 15th June 2025 17:00,,17:00,Good To Firm (Good In Places),6f 213y,Snuggle,Marco Ghiani,0,C Hobson,6th,1 1/4 l,5,8-7,62,True,UK
Salisbury Racing Results | 15th June 2025 17:00,,17:00,Good To Firm (Good In Places),6f 213y,Redredrobin,Jack Callan,7,M S Saunders,5th,1/2 l,8,9-1,70,True,UK
Salisbury Racing Results | 15th June 2025 17:00,,17:00,Good To Firm (Good In Places),6f 213y,Bell Shot (IRE),S De Sousa,0,M Appleby,4th,2 l,6,9-7p,76,True,UK
Salisbury Racing Results | 15th June 2025 17:00,,17:00,Good To Firm (Good In Places),6f 213y,Hodler (GER),Luke Catton,5,J R Boyle,3rd,3 1/4 l,6,9-9,78,True,UK
Salisbury Racing Results | 15th June 2025 17:00,,17:00,Good To Firm (Good In Places),6f 213y,Noel Fox (IRE),Rossa Ryan,0,R M Beckett,2nd,1 1/4 l,4,9-7,76,True,UK
Salisbury Racing Results | 15th June 2025 17:00,,17:00,Good To Firm (Good In Places),6f 213y,Crimson Spirit,R Kingscote,0,D & C Kubler,1st,,4,9-7,76,True,UK
Salisbury Racing Results | 15th June 2025 17:30,,17:30,Good To Firm (Good In Places),1m 4f 5y,Fair Dinkum (IRE),Rob Hornby,0,J Scott,7th,7 l,5,9-2tp,61,True,UK
Salisbury Racing Results | 15th June 2025 17:30,,17:30,Good To Firm (Good In Places),1m 4f 5y,Eton Blue (IRE),P Cosgrave,0,George Baker,6th,27 l,7,9-3,62,True,UK
Salisbury Racing Results | 15th June 2025 17:30,,17:30,Good To Firm (Good In Places),1m 4f 5y,Shady Bay (IRE),S M Levey,0,T Ward,5th,1 1/2 l,4,9-5t,64,True,UK
Salisbury Racing Results | 15th June 2025 17:30,,17:30,Good To Firm (Good In Places),1m 4f 5y,Marioento,Jack Callan,7,G Boughey,4th,13 l,4,9-10tb,69,True,UK
Salisbury Racing Results | 15th June 2025 17:30,,17:30,Good To Firm (Good In Places),1m 4f 5y,Forest Hills (IRE),Hector Crouch,0,B R Millman,3rd,4 1/4 l,4,9-5,64,True,UK
Salisbury Racing Results | 15th June 2025 17:30,,17:30,Good To Firm (Good In Places),1m 4f 5y,Spectacular Style,R Kingscote,0,Ian Williams,2nd,1 3/4 l,5,9-0,59,True,UK
Salisbury Racing Results | 15th June 2025 17:30,,17:30,Good To Firm (Good In Places),1m 4f 5y,Moon Angel,Marco Ghiani,0,S C Williams,1st,,4,9-9,68,True,UK
Salisbury Racing Results | 15th June 2025 17:30,,17:30,Good To Firm (Good In Places),1m 4f 5y,Fair Dinkum (IRE),Rob Hornby,0,J Scott,7th,7 l,5,9-2tp,61,True,UK
Salisbury Racing Results | 15th June 2025 17:30,,17:30,Good To Firm (Good In Places),1m 4f 5y,Eton Blue (IRE),P Cosgrave,0,George Baker,6th,27 l,7,9-3,62,True,UK
Salisbury Racing Results | 15th June 2025 17:30,,17:30,Good To Firm (Good In Places),1m 4f 5y,Shady Bay (IRE),S M Levey,0,T Ward,5th,1 1/2 l,4,9-5t,64,True,UK
Salisbury Racing Results | 15th June 2025 17:30,,17:30,Good To Firm (Good In Places),1m 4f 5y,Marioento,Jack Callan,7,G Boughey,4th,13 l,4,9-10tb,69,True,UK
Salisbury Racing Results | 15th June 2025 17:30,,17:30,Good To Firm (Good In Places),1m 4f 5y,Forest Hills (IRE),Hector Crouch,0,B R Millman,3rd,4 1/4 l,4,9-5,64,True,UK
Salisbury Racing Results | 15th June 2025 17:30,,17:30,Good To Firm (Good In Places),1m 4f 5y,Spectacular Style,R Kingscote,0,Ian Williams,2nd,1 3/4 l,5,9-0,59,True,UK
Salisbury Racing Results | 15th June 2025 17:30,,17:30,Good To Firm (Good In Places),1m 4f 5y,Moon Angel,Marco Ghiani,0,S C Williams,1st,,4,9-9,68,True,UK
,,15:45,Good To Soft,6f 6y,Masai Angel (FR),O J Orr,0,R A Fahey,5th,41 l,2,9-7,-,True,UK
,,15:45,Good To Soft,6f 6y,Daizen (IRE),D Allan,0,R Menzies,4th,10 l,2,9-7,-,True,UK
,,15:45,Good To Soft,6f 6y,Vincenzo Peruggia (IRE),D Egan,0,C Johnston,3rd,2 1/4 l,2,9-7,-,True,UK
,,15:45,Good To Soft,6f 6y,Big Fun (IRE),T Eaves,0,K A Ryan,2nd,1/2 l,2,9-7,-,True,UK
,,15:45,Good To Soft,6f 6y,Gesayed,C Lee,0,K R Burke,1st,,2,9-2,-,True,UK
,,15:45,Good To Soft,6f 6y,Masai Angel (FR),O J Orr,0,R A Fahey,5th,41 l,2,9-7,-,True,UK
,,15:45,Good To Soft,6f 6y,Daizen (IRE),D Allan,0,R Menzies,4th,10 l,2,9-7,-,True,UK
,,15:45,Good To Soft,6f 6y,Vincenzo Peruggia (IRE),D Egan,0,C Johnston,3rd,2 1/4 l,2,9-7,-,True,UK
,,15:45,Good To Soft,6f 6y,Big Fun (IRE),T Eaves,0,K A Ryan,2nd,1/2 l,2,9-7,-,True,UK
,,15:45,Good To Soft,6f 6y,Gesayed,C Lee,0,K R Burke,1st,,2,9-2,-,True,UK
,,16:15,Good To Soft,6f 6y,Beechdale,Kaiya Fraser,0,Miss L A Perratt,14th,14 l,3,8-13,75,True,UK
,,16:15,Good To Soft,6f 6y,Glorious Kitty (IRE),Joanna Mason,0,M & D Easterby,13th,Neck,3,8-13,75,True,UK
,,16:15,Good To Soft,6f 6y,Cabelleroso,Jason Hart,0,H Palmer,12th,1/2 l,3,9-11h,87,True,UK
,,16:15,Good To Soft,6f 6y,Lesley's Boy,O J Orr,0,R A Fahey,11th,2 l,3,9-6,82,True,UK
,,16:15,Good To Soft,6f 6y,Far Above The Law (IRE),Christian Howarth,3,Alice Haynes,10th,1/2 l,3,9-7,83,True,UK
,,16:15,Good To Soft,6f 6y,Native Honey (IRE),Amie Waugh,3,J S Goldie,9th,3/4 l,3,8-10,72,True,UK
,,16:15,Good To Soft,6f 6y,Veydari (IRE),Ryan Sexton,0,Miss J A Camacho,8th,Neck,3,9-0,76,True,UK
,,16:15,Good To Soft,6f 6y,Fuji Mountain (IRE),Zak Wheatley,3,D Carroll,7th,Head,3,9-8,84,True,UK
,,16:15,Good To Soft,6f 6y,Educating Rita,C Lee,0,M Dods,6th,1/2 l,3,9-5,81,True,UK
,,16:15,Good To Soft,6f 6y,Tarlac (IRE),J Fanning,0,K Scott,5th,Short Head,3,8-8,70,True,UK
,,16:15,Good To Soft,6f 6y,U Sure Do (IRE),D Allan,0,T D Easterby,4th,3/4 l,3,9-4,80,True,UK
,,16:15,Good To Soft,6f 6y,Lord Roxby (IRE),Rowan Scott,0,N Tinkler,3rd,3/4 l,3,9-8,84,True,UK
,,16:15,Good To Soft,6f 6y,Station X,P Mulrennan,0,B Smart,2nd,Neck,3,9-6,82,True,UK
,,16:15,Good To Soft,6f 6y,Alpha Magic,Billy Garritty,0,M & D Easterby,1st,,3,9-5,81,True,UK
,,16:15,Good To Soft,6f 6y,Beechdale,Kaiya Fraser,0,Miss L A Perratt,14th,14 l,3,8-13,75,True,UK
,,16:15,Good To Soft,6f 6y,Glorious Kitty (IRE),Joanna Mason,0,M & D Easterby,13th,Neck,3,8-13,75,True,UK
,,16:15,Good To Soft,6f 6y,Cabelleroso,Jason Hart,0,H Palmer,12th,1/2 l,3,9-11h,87,True,UK
,,16:15,Good To Soft,6f 6y,Lesley's Boy,O J Orr,0,R A Fahey,11th,2 l,3,9-6,82,True,UK
,,16:15,Good To Soft,6f 6y,Far Above The Law (IRE),Christian Howarth,3,Alice Haynes,10th,1/2 l,3,9-7,83,True,UK
,,16:15,Good To Soft,6f 6y,Native Honey (IRE),Amie Waugh,3,J S Goldie,9th,3/4 l,3,8-10,72,True,UK
,,16:15,Good To Soft,6f 6y,Veydari (IRE),Ryan Sexton,0,Miss J A Camacho,8th,Neck,3,9-0,76,True,UK
,,16:15,Good To Soft,6f 6y,Fuji Mountain (IRE),Zak Wheatley,3,D Carroll,7th,Head,3,9-8,84,True,UK
,,16:15,Good To Soft,6f 6y,Educating Rita,C Lee,0,M Dods,6th,1/2 l,3,9-5,81,True,UK
,,16:15,Good To Soft,6f 6y,Tarlac (IRE),J Fanning,0,K Scott,5th,Short Head,3,8-8,70,True,UK
,,16:15,Good To Soft,6f 6y,U Sure Do (IRE),D Allan,0,T D Easterby,4th,3/4 l,3,9-4,80,True,UK
,,16:15,Good To Soft,6f 6y,Lord Roxby (IRE),Rowan Scott,0,N Tinkler,3rd,3/4 l,3,9-8,84,True,UK
,,16:15,Good To Soft,6f 6y,Station X,P Mulrennan,0,B Smart,2nd,Neck,3,9-6,82,True,UK
,,16:15,Good To Soft,6f 6y,Alpha Magic,Billy Garritty,0,M & D Easterby,1st,,3,9-5,81,True,UK
,,16:45,Good To Soft,1m 5f 16y,Tafsir (USA),Rhys Elliott,5,J S Goldie,11th,1/2 l,6,8-8p,73,True,UK
,,16:45,Good To Soft,1m 5f 16y,Steel Tiger (IRE),Callum Shepherd,0,S & E Crisford,10th,2 l,4,9-10,89,True,UK
,,16:45,Good To Soft,1m 5f 16y,Forza Orta (IRE),Rowan Scott,0,K A Ryan,9th,1 l,7,8-9tb1,74,True,UK
,,16:45,Good To Soft,1m 5f 16y,Alnayef (IRE),Joanna Mason,0,J S Goldie,8th,2 1/2 l,4,8-6p,71,True,UK
,,16:45,Good To Soft,1m 5f 16y,Letsbefrank (IRE),Amie Waugh,3,J S Goldie,7th,1 3/4 l,5,8-9,74,True,UK
,,16:45,Good To Soft,1m 5f 16y,King's Scholar (IRE),C Lee,0,E Walker,6th,2 1/4 l,4,9-7,86,True,UK
,,16:45,Good To Soft,1m 5f 16y,Destinado,Warren Fentiman,5,James Owen,5th,3/4 l,7,8-7b,72,True,UK
,,16:45,Good To Soft,1m 5f 16y,Minstrel Knight,K Stott,0,E Bethell,4th,1 3/4 l,4,9-9,88,True,UK
,,16:45,Good To Soft,1m 5f 16y,Per Contra (IRE),D Allan,0,T D Easterby,3rd,1 1/2 l,4,9-6,85,True,UK
,,16:45,Good To Soft,1m 5f 16y,Savrola (IRE),Kaiya Fraser,0,Mrs Dianne Sayer,2nd,Neck,6,8-12,77,True,UK
,,16:45,Good To Soft,1m 5f 16y,Sam Hawkens (IRE),Harry Burns,3,W J Haggas,1st,,4,9-9,88,True,UK
,,16:45,Good To Soft,1m 5f 16y,Tafsir (USA),Rhys Elliott,5,J S Goldie,11th,1/2 l,6,8-8p,73,True,UK
,,16:45,Good To Soft,1m 5f 16y,Steel Tiger (IRE),Callum Shepherd,0,S & E Crisford,10th,2 l,4,9-10,89,True,UK
,,16:45,Good To Soft,1m 5f 16y,Forza Orta (IRE),Rowan Scott,0,K A Ryan,9th,1 l,7,8-9tb1,74,True,UK
,,16:45,Good To Soft,1m 5f 16y,Alnayef (IRE),Joanna Mason,0,J S Goldie,8th,2 1/2 l,4,8-6p,71,True,UK
,,16:45,Good To Soft,1m 5f 16y,Letsbefrank (IRE),Amie Waugh,3,J S Goldie,7th,1 3/4 l,5,8-9,74,True,UK
,,16:45,Good To Soft,1m 5f 16y,King's Scholar (IRE),C Lee,0,E Walker,6th,2 1/4 l,4,9-7,86,True,UK
,,16:45,Good To Soft,1m 5f 16y,Destinado,Warren Fentiman,5,James Owen,5th,3/4 l,7,8-7b,72,True,UK
,,16:45,Good To Soft,1m 5f 16y,Minstrel Knight,K Stott,0,E Bethell,4th,1 3/4 l,4,9-9,88,True,UK
,,16:45,Good To Soft,1m 5f 16y,Per Contra (IRE),D Allan,0,T D Easterby,3rd,1 1/2 l,4,9-6,85,True,UK
,,16:45,Good To Soft,1m 5f 16y,Savrola (IRE),Kaiya Fraser,0,Mrs Dianne Sayer,2nd,Neck,6,8-12,77,True,UK
,,16:45,Good To Soft,1m 5f 16y,Sam Hawkens (IRE),Harry Burns,3,W J Haggas,1st,,4,9-9,88,True,UK
,,17:15,Good To Soft,5f 7y,Never Dark,Billy Garritty,0,I Jardine,12th,1 3/4 l,8,9-2,79,True,UK
,,17:15,Good To Soft,5f 7y,Oriental Prince,P Mulrennan,0,J S Goldie,11th,1 3/4 l,4,9-4,81,True,UK
,,17:15,Good To Soft,5f 7y,Marching Mac (IRE),Grace McEntee,0,P S McEntee,10th,1 1/4 l,4,9-5t,82,True,UK
,,17:15,Good To Soft,5f 7y,Curious Rover (IRE),Jason Hart,0,K Scott,9th,Short Head,4,9-6,83,True,UK
,,17:15,Good To Soft,5f 7y,Reigning Profit (IRE),Warren Fentiman,5,Mrs R Carr,8th,1 1/2 l,6,9-6v,83,True,UK
,,17:15,Good To Soft,5f 7y,Zarzyni (IRE),Joanna Mason,0,T D Barron,7th,Neck,8,9-3p,80,True,UK
,,17:15,Good To Soft,5f 7y,Manila Scouse,D Allan,0,T D Easterby,6th,1 3/4 l,6,9-4t,81,True,UK
,,17:15,Good To Soft,5f 7y,Blue Day,Callum Shepherd,0,Harry Charlton,5th,Neck,4,9-12,89,True,UK
,,17:15,Good To Soft,5f 7y,Trilby,J Fanning,0,S England,4th,Neck,5,9-6,83,True,UK
,,17:15,Good To Soft,5f 7y,Albegone,Amie Waugh,3,T D Easterby,3rd,1 1/4 l,7,8-12p,77,True,UK
,,17:15,Good To Soft,5f 7y,Brooklyn Nine Nine (IRE),O J Orr,0,R A Fahey,2nd,3/4 l,5,9-0,77,True,UK
,,17:15,Good To Soft,5f 7y,Bergerac (IRE),T Eaves,0,K A Ryan,1st,,7,9-10b,87,True,UK
,,17:15,Good To Soft,5f 7y,Never Dark,Billy Garritty,0,I Jardine,12th,1 3/4 l,8,9-2,79,True,UK
,,17:15,Good To Soft,5f 7y,Oriental Prince,P Mulrennan,0,J S Goldie,11th,1 3/4 l,4,9-4,81,True,UK
,,17:15,Good To Soft,5f 7y,Marching Mac (IRE),Grace McEntee,0,P S McEntee,10th,1 1/4 l,4,9-5t,82,True,UK
,,17:15,Good To Soft,5f 7y,Curious Rover (IRE),Jason Hart,0,K Scott,9th,Short Head,4,9-6,83,True,UK
,,17:15,Good To Soft,5f 7y,Reigning Profit (IRE),Warren Fentiman,5,Mrs R Carr,8th,1 1/2 l,6,9-6v,83,True,UK
,,17:15,Good To Soft,5f 7y,Zarzyni (IRE),Joanna Mason,0,T D Barron,7th,Neck,8,9-3p,80,True,UK
,,17:15,Good To Soft,5f 7y,Manila Scouse,D Allan,0,T D Easterby,6th,1 3/4 l,6,9-4t,81,True,UK
,,17:15,Good To Soft,5f 7y,Blue Day,Callum Shepherd,0,Harry Charlton,5th,Neck,4,9-12,89,True,UK
,,17:15,Good To Soft,5f 7y,Trilby,J Fanning,0,S England,4th,Neck,5,9-6,83,True,UK
,,17:15,Good To Soft,5f 7y,Albegone,Amie Waugh,3,T D Easterby,3rd,1 1/4 l,7,8-12p,77,True,UK
,,17:15,Good To Soft,5f 7y,Brooklyn Nine Nine (IRE),O J Orr,0,R A Fahey,2nd,3/4 l,5,9-0,77,True,UK
,,17:15,Good To Soft,5f 7y,Bergerac (IRE),T Eaves,0,K A Ryan,1st,,7,9-10b,87,True,UK
,,17:45,Good To Soft,1m 1f 35y,Surprised,K Stott,0,E Bethell,8th,2 3/4 l,3,9-1,80,True,UK
,,17:45,Good To Soft,1m 1f 35y,Typical Woman,Ryan Kavanagh,5,Ian Williams,7th,2 3/4 l,6,9-8p,75,True,UK
,,17:45,Good To Soft,1m 1f 35y,Hackney Diamonds,Warren Fentiman,5,Ian Williams,6th,1/2 l,3,8-6,71,True,UK
,,17:45,Good To Soft,1m 1f 35y,Penelope's Sister (IRE),Lauren Young,7,J S Goldie,5th,4 3/4 l,5,8-11,64,True,UK
,,17:45,Good To Soft,1m 1f 35y,Zapphire (IRE),Ryan Sexton,0,Miss J A Camacho,4th,1 1/4 l,5,10-2p,83,True,UK
,,17:45,Good To Soft,1m 1f 35y,Lunar Eclipse (IRE),T Eaves,0,K A Ryan,3rd,1 1/2 l,4,10-1,82,True,UK
,,17:45,Good To Soft,1m 1f 35y,Epidavros (IRE),Jason Hart,0,K Scott,2nd,Neck,4,9-5,72,True,UK
,,17:45,Good To Soft,1m 1f 35y,Roarin' Success,Callum Shepherd,0,Harry Charlton,1st,,5,9-12,79,True,UK
,,17:45,Good To Soft,1m 1f 35y,Surprised,K Stott,0,E Bethell,8th,2 3/4 l,3,9-1,80,True,UK
,,17:45,Good To Soft,1m 1f 35y,Typical Woman,Ryan Kavanagh,5,Ian Williams,7th,2 3/4 l,6,9-8p,75,True,UK
,,17:45,Good To Soft,1m 1f 35y,Hackney Diamonds,Warren Fentiman,5,Ian Williams,6th,1/2 l,3,8-6,71,True,UK
,,17:45,Good To Soft,1m 1f 35y,Penelope's Sister (IRE),Lauren Young,7,J S Goldie,5th,4 3/4 l,5,8-11,64,True,UK
,,17:45,Good To Soft,1m 1f 35y,Zapphire (IRE),Ryan Sexton,0,Miss J A Camacho,4th,1 1/4 l,5,10-2p,83,True,UK
,,17:45,Good To Soft,1m 1f 35y,Lunar Eclipse (IRE),T Eaves,0,K A Ryan,3rd,1 1/2 l,4,10-1,82,True,UK
,,17:45,Good To Soft,1m 1f 35y,Epidavros (IRE),Jason Hart,0,K Scott,2nd,Neck,4,9-5,72,True,UK
,,17:45,Good To Soft,1m 1f 35y,Roarin' Success,Callum Shepherd,0,Harry Charlton,1st,,5,9-12,79,True,UK
,,18:15,Good To Soft,6f 6y,Sweet Thing (IRE),Oliver Stammers,0,Grant Tuer,14th,3 1/4 l,4,9-7,77,True,UK
,,18:15,Good To Soft,6f 6y,Mersea (FR),Tom Kiely-Marshall,5,Grant Tuer,13th,1 l,5,8-13,69,True,UK
,,18:15,Good To Soft,6f 6y,Brazilian Rose (IRE),Kaiya Fraser,0,R Menzies,12th,1 3/4 l,4,9-6,76,True,UK
,,18:15,Good To Soft,6f 6y,Rock Melody (IRE),P Mulrennan,0,J S Goldie,11th,3/4 l,6,9-4p,74,True,UK
,,18:15,Good To Soft,6f 6y,Mr Wagyu (IRE),Harry Russell,0,J & S Quinn,10th,2 l,10,9-6v,76,True,UK
,,18:15,Good To Soft,6f 6y,Hectic,Billy Garritty,0,L Bailey,9th,3/4 l,5,9-7p,77,True,UK
,,18:15,Good To Soft,6f 6y,Only Spoofing (IRE),C Lee,0,Kevin Coleman,8th,Short Head,11,8-13,69,True,UK
,,18:15,Good To Soft,6f 6y,Cargin Bhui (IRE),J Fanning,0,T D Barron,7th,3/4 l,4,9-4,74,True,UK
,,18:15,Good To Soft,6f 6y,Sacred Falls (IRE),Joanna Mason,0,K Scott,6th,3/4 l,5,9-1p,71,True,UK
,,18:15,Good To Soft,6f 6y,Hour By Hour,Mohammed Tabti,5,I Jardine,5th,1/2 l,5,9-8,78,True,UK
,,18:15,Good To Soft,6f 6y,Rock Opera,Warren Fentiman,5,R A Fahey,4th,1 l,5,9-9v,79,True,UK
,,18:15,Good To Soft,6f 6y,Monsieur Kodi (IRE),O J Orr,0,R A Fahey,3rd,1 l,6,9-4,74,True,UK
,,18:15,Good To Soft,6f 6y,Sir Garfield (IRE),Jason Hart,0,J & S Quinn,2nd,Neck,4,9-2b,72,True,UK
,,18:15,Good To Soft,6f 6y,Abduction (FR),S A Gray,0,J S Goldie,1st,,7,9-6v,76,True,UK
,,18:15,Good To Soft,6f 6y,Sweet Thing (IRE),Oliver Stammers,0,Grant Tuer,14th,3 1/4 l,4,9-7,77,True,UK
,,18:15,Good To Soft,6f 6y,Mersea (FR),Tom Kiely-Marshall,5,Grant Tuer,13th,1 l,5,8-13,69,True,UK
,,18:15,Good To Soft,6f 6y,Brazilian Rose (IRE),Kaiya Fraser,0,R Menzies,12th,1 3/4 l,4,9-6,76,True,UK
,,18:15,Good To Soft,6f 6y,Rock Melody (IRE),P Mulrennan,0,J S Goldie,11th,3/4 l,6,9-4p,74,True,UK
,,18:15,Good To Soft,6f 6y,Mr Wagyu (IRE),Harry Russell,0,J & S Quinn,10th,2 l,10,9-6v,76,True,UK
,,18:15,Good To Soft,6f 6y,Hectic,Billy Garritty,0,L Bailey,9th,3/4 l,5,9-7p,77,True,UK
,,18:15,Good To Soft,6f 6y,Only Spoofing (IRE),C Lee,0,Kevin Coleman,8th,Short Head,11,8-13,69,True,UK
,,18:15,Good To Soft,6f 6y,Cargin Bhui (IRE),J Fanning,0,T D Barron,7th,3/4 l,4,9-4,74,True,UK
,,18:15,Good To Soft,6f 6y,Sacred Falls (IRE),Joanna Mason,0,K Scott,6th,3/4 l,5,9-1p,71,True,UK
,,18:15,Good To Soft,6f 6y,Hour By Hour,Mohammed Tabti,5,I Jardine,5th,1/2 l,5,9-8,78,True,UK
,,18:15,Good To Soft,6f 6y,Rock Opera,Warren Fentiman,5,R A Fahey,4th,1 l,5,9-9v,79,True,UK
,,18:15,Good To Soft,6f 6y,Monsieur Kodi (IRE),O J Orr,0,R A Fahey,3rd,1 l,6,9-4,74,True,UK
,,18:15,Good To Soft,6f 6y,Sir Garfield (IRE),Jason Hart,0,J & S Quinn,2nd,Neck,4,9-2b,72,True,UK
,,18:15,Good To Soft,6f 6y,Abduction (FR),S A Gray,0,J S Goldie,1st,,7,9-6v,76,True,UK
,,18:45,Good To Soft,1m 3f 15y,High Court Judge (USA),Mason Paetel,5,James Owen,14th,2 l,5,9-9,76,True,UK
,,18:45,Good To Soft,1m 3f 15y,Dandy's Angel (IRE),Tom Kiely-Marshall,3,J S Wainwright,13th,3/4 l,8,8-10,63,True,UK
,,18:45,Good To Soft,1m 3f 15y,Idyllic,Paula Muir,0,W Storey,12th,4 l,4,8-10,63,True,UK
,,18:45,Good To Soft,1m 3f 15y,Clansman,C Horgan,5,L Bailey,11th,3 1/2 l,7,9-3,70,True,UK
,,18:45,Good To Soft,1m 3f 15y,Cascade Hall (IRE),Amie Waugh,0,J S Goldie,10th,Head,6,8-11,64,True,UK
,,18:45,Good To Soft,1m 3f 15y,Cougar (JPN),Aiden Brookes,0,I Jardine,9th,3/4 l,6,8-10,63,True,UK
,,18:45,Good To Soft,1m 3f 15y,Glasses Up (USA),Rhys Elliott,5,R M Smith,8th,2 1/4 l,10,9-2,69,True,UK
,,18:45,Good To Soft,1m 3f 15y,Gallant Lion,Ryan Kavanagh,3,Ian Williams,7th,1 1/4 l,5,9-6b,73,True,UK
,,18:45,Good To Soft,1m 3f 15y,King Chaos (IRE),Tommie Jakes,3,R Menzies,6th,1 1/2 l,4,9-7p,74,True,UK
,,18:45,Good To Soft,1m 3f 15y,Terrorise,Archie Young,3,B Ellison,5th,Head,4,9-4,71,True,UK
,,18:45,Good To Soft,1m 3f 15y,Whathappensinvegas (IRE),Warren Fentiman,3,Ian Williams,4th,Neck,4,9-9h,76,True,UK
,,18:45,Good To Soft,1m 3f 15y,Izzari (GER),Mohammed Tabti,3,I Jardine,3rd,Neck,4,9-3,70,True,UK
,,18:45,Good To Soft,1m 3f 15y,Golspie (IRE),Harry Burns,0,P Morris,2nd,1 1/4 l,5,9-0p,67,True,UK
,,18:45,Good To Soft,1m 3f 15y,Spanish Hustle,Kaiya Fraser,0,J S Goldie,1st,,7,9-2,69,True,UK
,,18:45,Good To Soft,1m 3f 15y,High Court Judge (USA),Mason Paetel,5,James Owen,14th,2 l,5,9-9,76,True,UK
,,18:45,Good To Soft,1m 3f 15y,Dandy's Angel (IRE),Tom Kiely-Marshall,3,J S Wainwright,13th,3/4 l,8,8-10,63,True,UK
,,18:45,Good To Soft,1m 3f 15y,Idyllic,Paula Muir,0,W Storey,12th,4 l,4,8-10,63,True,UK
,,18:45,Good To Soft,1m 3f 15y,Clansman,C Horgan,5,L Bailey,11th,3 1/2 l,7,9-3,70,True,UK
,,18:45,Good To Soft,1m 3f 15y,Cascade Hall (IRE),Amie Waugh,0,J S Goldie,10th,Head,6,8-11,64,True,UK
,,18:45,Good To Soft,1m 3f 15y,Cougar (JPN),Aiden Brookes,0,I Jardine,9th,3/4 l,6,8-10,63,True,UK
,,18:45,Good To Soft,1m 3f 15y,Glasses Up (USA),Rhys Elliott,5,R M Smith,8th,2 1/4 l,10,9-2,69,True,UK
,,18:45,Good To Soft,1m 3f 15y,Gallant Lion,Ryan Kavanagh,3,Ian Williams,7th,1 1/4 l,5,9-6b,73,True,UK
,,18:45,Good To Soft,1m 3f 15y,King Chaos (IRE),Tommie Jakes,3,R Menzies,6th,1 1/2 l,4,9-7p,74,True,UK
,,18:45,Good To Soft,1m 3f 15y,Terrorise,Archie Young,3,B Ellison,5th,Head,4,9-4,71,True,UK
,,18:45,Good To Soft,1m 3f 15y,Whathappensinvegas (IRE),Warren Fentiman,3,Ian Williams,4th,Neck,4,9-9h,76,True,UK
,,18:45,Good To Soft,1m 3f 15y,Izzari (GER),Mohammed Tabti,3,I Jardine,3rd,Neck,4,9-3,70,True,UK
,,18:45,Good To Soft,1m 3f 15y,Golspie (IRE),Harry Burns,0,P Morris,2nd,1 1/4 l,5,9-0p,67,True,UK
,,18:45,Good To Soft,1m 3f 15y,Spanish Hustle,Kaiya Fraser,0,J S Goldie,1st,,7,9-2,69,True,UK
