track_name,race_date,distance,going,time,horse_name,rating,jockey,trainer,weight,age,claims,is_new,label,win_probability,history_count,is_found_in_history,actual_position,Race_id,inferred_position,was_bet,bet_roi,kelly_stake,action
Kempton (AW),19 Jan 2026Polytrack,1m,Standard To Slow,1:08,Equion,75,Luke Morris,Tony Carroll,9- 7,8,0,True,0,0.030050283,0,False,5,Kempton (AW)_2026-01-19_1:08,1,False,0.0,,
Kempton (AW),19 Jan 2026Polytrack,1m,Standard To Slow,1:08,Villalobos,75,Alistair Rawlinson,Simon Hodgson,9- 2,7,0,True,0,0.029795995,0,False,4,Kempton (AW)_2026-01-19_1:08,2,False,0.0,,
Kempton (AW),19 Jan 2026Polytrack,1m,Standard To Slow,1:08,Hopjes,70,Tyrese Cameron,Harriet Dickin,9- 1,6,7,True,0,0.026867181,0,False,6,Kempton (AW)_2026-01-19_1:08,3,False,0.0,,
Kempton (AW),19 Jan 2026Polytrack,1m,Standard To Slow,1:08,Super Hit,75,Oisin Murphy,Darryll Holland,9- 8,5,0,True,0,0.022825582,0,False,7,Kempton (AW)_2026-01-19_1:08,4,False,0.0,,
Kempton (AW),19 Jan 2026Polytrack,1m,Standard To Slow,1:08,Purple Sky,76,Charles Bishop,Joe Ponting,9- 5,5,0,True,0,0.02272231,0,False,8,Kempton (AW)_2026-01-19_1:08,5,False,0.0,,
Kempton (AW),19 Jan 2026Polytrack,1m,Standard To Slow,1:08,Apache Green,73,Kieran O'Neill,S Woods,9- 9,4,0,True,0,0.0211467,0,False,2,Kempton (AW)_2026-01-19_1:08,6,False,0.0,,
Kempton (AW),19 Jan 2026Polytrack,1m,Standard To Slow,1:08,Token Gesture,77,Hollie Doyle,Mark Usher,9- 7,4,0,True,0,0.021032657,0,False,1,Kempton (AW)_2026-01-19_1:08,7,False,0.0,,
Kempton (AW),19 Jan 2026Polytrack,1m,Standard To Slow,1:08,Mbappe,79,Edward Greatrex,Mark Loughnane,9- 3,5,0,True,0,0.019039946,0,False,3,Kempton (AW)_2026-01-19_1:08,8,False,0.0,,
Kempton (AW),19 Jan 2026Polytrack,6f,Standard To Slow,1:38,Conquest Of Power,73,Paddy Bradley,Mark Usher,9- 4,6,0,True,0,0.046718862,0,False,6,Kempton (AW)_2026-01-19_1:38,1,False,0.0,,
Kempton (AW),19 Jan 2026Polytrack,6f,Standard To Slow,1:38,Smasher,67,William Carson,Michael Attwater,9- 7,6,0,True,0,0.038793914,0,False,5,Kempton (AW)_2026-01-19_1:38,2,False,0.0,,
Kempton (AW),19 Jan 2026Polytrack,6f,Standard To Slow,1:38,Horus,64,Hollie Doyle,Mike Murphy,9- 6,4,0,True,0,0.03852484,0,False,4,Kempton (AW)_2026-01-19_1:38,3,False,0.0,,
Kempton (AW),19 Jan 2026Polytrack,6f,Standard To Slow,1:38,Dr Ali,63,Jonny Peate,J R Jenkins,9- 2,4,0,True,0,0.035546515,0,False,1,Kempton (AW)_2026-01-19_1:38,4,False,0.0,,
Kempton (AW),19 Jan 2026Polytrack,6f,Standard To Slow,1:38,Respectable Jack,68,Saffie Osborne,Matt Crawley,9- 9,5,0,True,0,0.031911477,0,False,3,Kempton (AW)_2026-01-19_1:38,5,False,0.0,,
Kempton (AW),19 Jan 2026Polytrack,6f,Standard To Slow,1:38,Straight Back Up,65,Lloyd Applegate,Dr Richard Newland & Jamie Insole,9- 1,4,7,True,0,0.030549182,0,False,8,Kempton (AW)_2026-01-19_1:38,6,False,0.0,,
Kempton (AW),19 Jan 2026Polytrack,6f,Standard To Slow,1:38,Miraflores,62,Kieran O'Neill,Rachel Cook & John Bridger,9- 0,4,0,True,0,0.02925614,0,False,7,Kempton (AW)_2026-01-19_1:38,7,False,0.0,,
Kempton (AW),19 Jan 2026Polytrack,6f,Standard To Slow,1:38,Magna,64,Oisin Murphy,Tony Carroll,9- 9,4,0,True,0,0.023957921,0,False,2,Kempton (AW)_2026-01-19_1:38,8,False,0.0,,
Kempton (AW),19 Jan 2026Polytrack,1m3f,Standard To Slow,2:08,Five Moons,48,Harry Davies,Simon & Ed Crisford,9- 2,3,0,True,0,0.035339184,0,False,4,Kempton (AW)_2026-01-19_2:08,1,False,0.0,,
Kempton (AW),19 Jan 2026Polytrack,1m3f,Standard To Slow,2:08,Peas And Queues,48,Kieran O'Neill,J S Moore,9- 2,3,0,True,0,0.0312803,0,False,9,Kempton (AW)_2026-01-19_2:08,2,False,0.0,,
Kempton (AW),19 Jan 2026Polytrack,1m3f,Standard To Slow,2:08,Galistra,-,Hector Crouch,Ralph Beckett,9- 2,3,0,True,0,0.030828552,0,False,8,Kempton (AW)_2026-01-19_2:08,3,False,0.0,,
Kempton (AW),19 Jan 2026Polytrack,1m3f,Standard To Slow,2:08,Glamerous,-,William Carson,Michael Attwater,9- 2,3,0,True,0,0.03034695,0,False,6,Kempton (AW)_2026-01-19_2:08,4,False,0.0,,
Kempton (AW),19 Jan 2026Polytrack,1m3f,Standard To Slow,2:08,Distorted Truth,-,Pierre-Louis Jamin,K R Burke,9- 2,3,0,True,0,0.025331058,0,False,2,Kempton (AW)_2026-01-19_2:08,5,False,0.0,,
Kempton (AW),19 Jan 2026Polytrack,1m3f,Standard To Slow,2:08,Echo Valley,-,Callum Hutchinson,Tom Symonds,9- 2,3,0,True,0,0.025331058,0,False,7,Kempton (AW)_2026-01-19_2:08,6,False,0.0,,
Kempton (AW),19 Jan 2026Polytrack,1m3f,Standard To Slow,2:08,Al Amirah,67,Sean D Bowen,Ismail Mohammed,9- 2,3,0,True,0,0.024816934,0,False,5,Kempton (AW)_2026-01-19_2:08,7,False,0.0,,
Kempton (AW),19 Jan 2026Polytrack,1m3f,Standard To Slow,2:08,Helga,65,Oisin Murphy,Andrew Balding,9- 2,3,0,True,0,0.020651996,0,False,1,Kempton (AW)_2026-01-19_2:08,8,False,0.0,,
Kempton (AW),19 Jan 2026Polytrack,1m3f,Standard To Slow,2:08,Misty Cove,77,Saffie Osborne,Gavin Cromwell,9- 2,3,0,True,0,0.018177003,0,False,3,Kempton (AW)_2026-01-19_2:08,9,False,0.0,,
Kempton (AW),19 Jan 2026Polytrack,1m3f,Standard To Slow,2:38,Lion City,57,Ben Ffrench Davis,Clare Ellam,9- 6,6,5,True,0,0.044494003,0,False,10,Kempton (AW)_2026-01-19_2:38,1,False,0.0,,
Kempton (AW),19 Jan 2026Polytrack,1m3f,Standard To Slow,2:38,Imperial Jade,-,Callum Hutchinson,Charlie Longsdon,9- 1,7,0,True,0,0.030261064,0,False,8,Kempton (AW)_2026-01-19_2:38,2,False,0.0,,
Kempton (AW),19 Jan 2026Polytrack,1m3f,Standard To Slow,2:38,Summer Appeal,-,Lewis Edmunds,William Muir & Chris Grassick,8 -13,4,0,True,0,0.029587273,0,False,2,Kempton (AW)_2026-01-19_2:38,3,False,0.0,,
Kempton (AW),19 Jan 2026Polytrack,1m3f,Standard To Slow,2:38,King's Cruiser,67,Luke Morris,Marco Botti,9- 4,4,0,True,0,0.027752971,0,False,9,Kempton (AW)_2026-01-19_2:38,4,False,0.0,,
Kempton (AW),19 Jan 2026Polytrack,1m3f,Standard To Slow,2:38,Imperial Decision,73,Georgia Dobie,Keiran Burke,9- 4,4,0,True,0,0.026978366,0,False,7,Kempton (AW)_2026-01-19_2:38,5,False,0.0,,
Kempton (AW),19 Jan 2026Polytrack,1m3f,Standard To Slow,2:38,John Galt,72,Daniel Muscutt,Jamie Osborne,9- 4,4,0,True,0,0.026884457,0,False,4,Kempton (AW)_2026-01-19_2:38,6,False,0.0,,
Kempton (AW),19 Jan 2026Polytrack,1m3f,Standard To Slow,2:38,Siouxfonic,87,Pat Cosgrave,James Owen,9 -13,5,0,True,0,0.018990856,0,False,3,Kempton (AW)_2026-01-19_2:38,7,False,0.0,,
Kempton (AW),19 Jan 2026Polytrack,1m3f,Standard To Slow,2:38,Caliban,93,Oisin Murphy,Andrew Balding,9- 4,4,0,True,0,0.017827936,0,False,1,Kempton (AW)_2026-01-19_2:38,8,False,0.0,,
Kempton (AW),19 Jan 2026Polytrack,1m3f,Standard To Slow,2:38,Aethelthryth,89,Harry Davies,Tom Clover,8 -13,4,0,True,0,0.016130434,0,False,6,Kempton (AW)_2026-01-19_2:38,9,False,0.0,,
Kempton (AW),19 Jan 2026Polytrack,1m3f,Standard To Slow,2:38,Abando,107,Saffie Osborne,Jamie Osborne,9- 4,4,0,True,0,0.015148466,0,False,5,Kempton (AW)_2026-01-19_2:38,10,False,0.0,,
Kempton (AW),19 Jan 2026Polytrack,6f,Standard To Slow,3:08,Unionville,74,William Carson,Michael Attwater,9- 6,3,0,True,0,0.14484623,2,True,2,Kempton (AW)_2026-01-19_3:08,1,False,0.0,,
Kempton (AW),19 Jan 2026Polytrack,6f,Standard To Slow,3:08,Canyouhearthedrums,80,Charles Bishop,Eve Johnson Houghton,9- 1,3,0,True,0,0.041523606,0,False,7,Kempton (AW)_2026-01-19_3:08,2,False,0.0,,
Kempton (AW),19 Jan 2026Polytrack,6f,Standard To Slow,3:08,Space Bear,77,Luke Morris,Marco Botti,9- 5,3,0,True,0,0.025962656,0,False,3,Kempton (AW)_2026-01-19_3:08,3,False,0.0,,
Kempton (AW),19 Jan 2026Polytrack,6f,Standard To Slow,3:08,Uniter,82,Oisin Murphy,Andrew Balding,9- 3,3,0,True,0,0.023302248,0,False,6,Kempton (AW)_2026-01-19_3:08,4,False,0.0,,
Kempton (AW),19 Jan 2026Polytrack,6f,Standard To Slow,3:08,Mighty Vega,78,George Wood,Lemos De Souza,9- 5,3,0,True,0,0.018088821,0,False,4,Kempton (AW)_2026-01-19_3:08,5,False,0.0,,
Kempton (AW),19 Jan 2026Polytrack,6f,Standard To Slow,3:08,Saxon Prince,78,Hector Crouch,Clive Cox,9- 2,3,0,True,0,0.01796902,0,False,5,Kempton (AW)_2026-01-19_3:08,6,False,0.0,,
Kempton (AW),19 Jan 2026Polytrack,6f,Standard To Slow,3:08,Up The Agenda,80,Daniel Muscutt,Jack Morland,9- 9,3,0,True,0,0.01744699,0,False,1,Kempton (AW)_2026-01-19_3:08,7,False,0.0,,
Kempton (AW),19 Jan 2026Polytrack,6f,Standard To Slow,3:38,Gogo Yubari,83,Oisin Murphy,Tony Carroll,9- 6,5,0,True,0,0.028262956,0,False,,Kempton (AW)_2026-01-19_3:38,1,False,0.0,,
Kempton (AW),19 Jan 2026Polytrack,6f,Standard To Slow,3:38,Shallow,92,Saffie Osborne,Richard Spencer,9- 9,5,0,True,0,0.02128408,0,False,2,Kempton (AW)_2026-01-19_3:38,2,False,0.0,,
Kempton (AW),19 Jan 2026Polytrack,6f,Standard To Slow,3:38,Your Love,86,George Wood,Richard Spencer,9- 6,4,0,True,0,0.020187251,0,False,1,Kempton (AW)_2026-01-19_3:38,3,False,0.0,,
Kempton (AW),19 Jan 2026Polytrack,6f,Standard To Slow,3:38,Cressida Wildes,86,Hector Crouch,Phil McEntee,9- 7,4,0,True,0,0.019949501,0,False,,Kempton (AW)_2026-01-19_3:38,4,False,0.0,,
Kempton (AW),19 Jan 2026Polytrack,6f,Standard To Slow,3:38,Handle With Care,88,Hollie Doyle,Marco Botti,9- 5,4,0,True,0,0.019721197,0,False,3,Kempton (AW)_2026-01-19_3:38,5,False,0.0,,
Kempton (AW),19 Jan 2026Polytrack,6f,Standard To Slow,3:38,Court Drive,88,Luke Morris,Gay Kelleway,8 -12,5,0,True,0,0.018463839,0,False,4,Kempton (AW)_2026-01-19_3:38,6,False,0.0,,
Kempton (AW),19 Jan 2026Polytrack,6f,Standard To Slow,3:38,Searchingtheblues,87,Tyler Heard,Mark Usher,9- 1,4,0,True,0,0.01815927,0,False,5,Kempton (AW)_2026-01-19_3:38,7,False,0.0,,
Kempton (AW),19 Jan 2026Polytrack,7f,Standard To Slow,4:08,Lerwick,80,Edward Greatrex,Mark Loughnane,9- 9,6,0,True,0,0.029752186,0,False,4,Kempton (AW)_2026-01-19_4:08,1,False,0.0,,
Kempton (AW),19 Jan 2026Polytrack,7f,Standard To Slow,4:08,Dayman,69,Hollie Doyle,Dominic Ffrench Davis,8 -11,7,0,True,0,0.025664251,0,False,7,Kempton (AW)_2026-01-19_4:08,2,False,0.0,,
Kempton (AW),19 Jan 2026Polytrack,7f,Standard To Slow,4:08,King David,80,Luke Morris,Gay Kelleway,9- 5,5,0,True,0,0.024164924,0,False,6,Kempton (AW)_2026-01-19_4:08,3,False,0.0,,
Kempton (AW),19 Jan 2026Polytrack,7f,Standard To Slow,4:08,Party Bear,84,Pierre-Louis Jamin,K R Burke,9- 7,4,0,True,0,0.023185551,0,False,2,Kempton (AW)_2026-01-19_4:08,4,False,0.0,,
Kempton (AW),19 Jan 2026Polytrack,7f,Standard To Slow,4:08,Riot,86,Saffie Osborne,Charlie Wallis,9- 9,9,0,True,0,0.022639042,0,False,8,Kempton (AW)_2026-01-19_4:08,5,False,0.0,,
Kempton (AW),19 Jan 2026Polytrack,7f,Standard To Slow,4:08,Kev,77,Alec Voikhansky,Tom Ward,9- 7,4,0,True,0,0.020790633,0,False,10,Kempton (AW)_2026-01-19_4:08,6,False,0.0,,
Kempton (AW),19 Jan 2026Polytrack,7f,Standard To Slow,4:08,Saturn Seven,80,George Wood,Ross Burdon,9- 1,6,0,True,0,0.01930128,0,False,11,Kempton (AW)_2026-01-19_4:08,7,False,0.0,,
Kempton (AW),19 Jan 2026Polytrack,7f,Standard To Slow,4:08,I'm Workin On It,79,Lewis Edmunds,Rod Millman,9- 9,4,0,True,0,0.018564424,0,False,1,Kempton (AW)_2026-01-19_4:08,8,False,0.0,,
Kempton (AW),19 Jan 2026Polytrack,7f,Standard To Slow,4:08,Neyva's Angel,80,Darragh Keenan,Martin Dunne,9- 7,4,0,True,0,0.016879063,0,False,5,Kempton (AW)_2026-01-19_4:08,9,False,0.0,,
Kempton (AW),19 Jan 2026Polytrack,7f,Standard To Slow,4:08,Exposay,79,Alexandra Egan,David Loughnane,9- 2,4,7,True,0,0.016512318,0,False,3,Kempton (AW)_2026-01-19_4:08,10,False,0.0,,
Kempton (AW),19 Jan 2026Polytrack,7f,Standard To Slow,4:08,Danehill Star,81,William Carson,Tony Carroll,8 -10,5,0,True,0,0.016401002,0,False,9,Kempton (AW)_2026-01-19_4:08,11,False,0.0,,
Lingfield,19 Jan 2026 SKY Polytrack,2m,Standard To Slow,12:50,Broken Vow,-,Sean Bowen,Olly Murphy,10- 2,4,0,True,0,0.014580414,0,False,1,Lingfield_2026-01-19_12:50,1,False,0.0,,
Lingfield,19 Jan 2026 SKY Polytrack,2m,Standard To Slow,12:50,Kings Wardrobe,-,Robert Dunne,Jim Boyle,10- 3,4,0,True,0,0.014405924,0,False,6,Lingfield_2026-01-19_12:50,2,False,0.0,,
Lingfield,19 Jan 2026 SKY Polytrack,2m,Standard To Slow,12:50,Moscow Star,-,Gavin Sheehan,Oliver Signy,10- 3,4,0,True,0,0.014405924,0,False,5,Lingfield_2026-01-19_12:50,3,False,0.0,,
Lingfield,19 Jan 2026 SKY Polytrack,2m,Standard To Slow,12:50,Itsinthename,-,Sam Twiston-Davies,Nigel & Willy Twiston-Davies,11- 2,5,0,True,0,0.01251611,0,False,2,Lingfield_2026-01-19_12:50,4,False,0.0,,
Lingfield,19 Jan 2026 SKY Polytrack,2m,Standard To Slow,12:50,Le Cold Grey,-,Harry Cobden,Paul Nicholls,11- 2,5,0,True,0,0.0124376705,0,False,3,Lingfield_2026-01-19_12:50,5,False,0.0,,
Lingfield,19 Jan 2026 SKY Polytrack,2m,Standard To Slow,12:50,My Mate AJ,115,Ben Jones,Ben Pauling,11- 2,5,0,True,0,0.006784924,0,False,4,Lingfield_2026-01-19_12:50,6,False,0.0,,
Lingfield,19 Jan 2026 SKY,2m,Soft,1:20,Connies Hill,61,Harry Reed,Nick Scholfield,11- 1,6,0,True,0,0.022982508,0,False,6,Lingfield_2026-01-19_1:20,1,False,0.0,,
Lingfield,19 Jan 2026 SKY,2m,Soft,1:20,Somkiyr,53,Freddie Mitchell,Andy Irvine,11- 8,5,3,True,0,0.018536378,0,False,PU,Lingfield_2026-01-19_1:20,2,False,0.0,,
Lingfield,19 Jan 2026 SKY,2m,Soft,1:20,Bluey Bay,-,James Best,Martin Keighley,11- 8,6,0,True,0,0.015814219,0,False,13,Lingfield_2026-01-19_1:20,3,False,0.0,,
Lingfield,19 Jan 2026 SKY,2m,Soft,1:20,Knight Templar,-,Harry Bannister,Richard J Bandey,11- 8,6,0,True,0,0.015814219,0,False,15,Lingfield_2026-01-19_1:20,4,False,0.0,,
Lingfield,19 Jan 2026 SKY,2m,Soft,1:20,Shifra,-,Sean Houlihan,Pat Phelan,10- 2,4,0,True,0,0.014580414,0,False,16,Lingfield_2026-01-19_1:20,5,False,0.0,,
Lingfield,19 Jan 2026 SKY,2m,Soft,1:20,Holeheartedly,-,Harry Skelton,Dan Skelton,11- 8,5,0,True,0,0.011686161,0,False,12,Lingfield_2026-01-19_1:20,6,False,0.0,,
Lingfield,19 Jan 2026 SKY,2m,Soft,1:20,Blazing Gaden,-,Finn Lambert,D J Jeffreys,11- 8,5,3,True,0,0.01047765,0,False,17,Lingfield_2026-01-19_1:20,7,False,0.0,,
Lingfield,19 Jan 2026 SKY,2m,Soft,1:20,Fravanco,103,Marc Goldstein,Michael Madgwick,11- 8,7,0,True,0,0.0078359675,0,False,7,Lingfield_2026-01-19_1:20,8,False,0.0,,
Lingfield,19 Jan 2026 SKY,2m,Soft,1:20,Jamada,113,James Bowen,Olly Murphy,11- 8,6,0,True,0,0.0074717104,0,False,2,Lingfield_2026-01-19_1:20,9,False,0.0,,
Lingfield,19 Jan 2026 SKY,2m,Soft,1:20,Hello Fortune,104,James Davies,Nick Gifford,11- 8,6,0,True,0,0.0074210493,0,False,9,Lingfield_2026-01-19_1:20,10,False,0.0,,
Lingfield,19 Jan 2026 SKY,2m,Soft,1:20,Cayman Dancer,117,Caoilin Quinn,Gary & Josh Moore,10- 9,4,0,True,0,0.007190942,0,False,5,Lingfield_2026-01-19_1:20,11,False,0.0,,
Lingfield,19 Jan 2026 SKY,2m,Soft,1:20,Zamek,113,Sean Bowen,Olly Murphy,11- 8,6,0,True,0,0.0071635214,0,False,3,Lingfield_2026-01-19_1:20,12,False,0.0,,
Lingfield,19 Jan 2026 SKY,2m,Soft,1:20,Gone Country,96,Tabitha Worsley,Nick Gifford,11- 8,6,3,True,0,0.0069437623,0,False,14,Lingfield_2026-01-19_1:20,13,False,0.0,,
Lingfield,19 Jan 2026 SKY,2m,Soft,1:20,Kentucky River,93,Robert Dunne,Olly Murphy,10- 9,4,0,True,0,0.0064736702,0,False,10,Lingfield_2026-01-19_1:20,14,False,0.0,,
Lingfield,19 Jan 2026 SKY,2m,Soft,1:20,Wondering Why,113,Ben Jones,Ben Pauling,11- 8,5,0,True,0,0.006390694,0,False,1,Lingfield_2026-01-19_1:20,15,False,0.0,,
Lingfield,19 Jan 2026 SKY,2m,Soft,1:20,Trapper John,108,Jack Quinlan,Harry Eustace,11- 8,5,0,True,0,0.0062917145,0,False,11,Lingfield_2026-01-19_1:20,16,False,0.0,,
Lingfield,19 Jan 2026 SKY,2m,Soft,1:20,Sense Of Reason,106,Tom Cannon,Charlie Fellowes,11- 8,5,0,True,0,0.0062393313,0,False,4,Lingfield_2026-01-19_1:20,17,False,0.0,,
Lingfield,19 Jan 2026 SKY,2m,Soft,1:20,Unjeu Royal,103,Stan Sheppard,Tom Lacey,11- 8,5,0,True,0,0.0061480836,0,False,8,Lingfield_2026-01-19_1:20,18,False,0.0,,
Lingfield,19 Jan 2026 SKY,3m5f,Soft,1:50,Regal Blue,-,Jonjo O'Neill Jr,Jonjo & A J O'Neill,11- 7,9,0,True,0,0.020074856,0,False,PU,Lingfield_2026-01-19_1:50,1,False,0.0,,
Lingfield,19 Jan 2026 SKY,3m5f,Soft,1:50,Special John,139,Dylan Johnston,Sam Thomas,10- 2,7,0,True,0,0.011351504,0,False,,Lingfield_2026-01-19_1:50,2,False,0.0,,
Lingfield,19 Jan 2026 SKY,3m5f,Soft,1:50,Catch Catchfire,135,Charlie Todd,Ian Williams,10- 2,7,0,True,0,0.010964783,0,False,2,Lingfield_2026-01-19_1:50,3,False,0.0,,
Lingfield,19 Jan 2026 SKY,3m5f,Soft,1:50,Ali Star Bert,135,Murray Dodd,Shaun Harris,10- 2,10,7,True,0,0.009280869,0,False,PU,Lingfield_2026-01-19_1:50,4,False,0.0,,
Lingfield,19 Jan 2026 SKY,3m5f,Soft,1:50,Ken Roy,142,NON-RUNNER,Paul Nicholls,10- 9,7,0,True,0,0.008977081,0,False,,Lingfield_2026-01-19_1:50,5,False,0.0,,
Lingfield,19 Jan 2026 SKY,3m5f,Soft,1:50,Sporting Ace,142,Jack Quinlan,Neil King,10- 8,10,0,True,0,0.0082058385,0,False,PU,Lingfield_2026-01-19_1:50,6,False,0.0,,
Lingfield,19 Jan 2026 SKY,3m5f,Soft,1:50,Makin'yourmindup,106,Harry Cobden,Paul Nicholls,12- 0,9,0,True,0,0.007857152,0,False,PU,Lingfield_2026-01-19_1:50,7,False,0.0,,
Lingfield,19 Jan 2026 SKY,3m5f,Soft,1:50,Aworkinprogress,142,James Davies,Nick Gifford,11- 5,7,0,True,0,0.0074948617,0,False,1,Lingfield_2026-01-19_1:50,8,False,0.0,,
Lingfield,19 Jan 2026 SKY,3m5f,Soft,1:50,My Silver Lining,143,James Best,Emma Lavelle,11- 0,10,0,True,0,0.007468024,0,False,PU,Lingfield_2026-01-19_1:50,9,False,0.0,,
Lingfield,19 Jan 2026 SKY,3m5f,Soft,1:50,Ivane,136,Jonathan Burke,James Owen,11- 1,8,0,True,0,0.007332331,0,False,6,Lingfield_2026-01-19_1:50,10,False,0.0,,
Lingfield,19 Jan 2026 SKY,3m5f,Soft,1:50,Hidden History,137,Harry Skelton,Dan Skelton,11- 7,8,0,True,0,0.007226624,0,False,7,Lingfield_2026-01-19_1:50,11,False,0.0,,
Lingfield,19 Jan 2026 SKY,3m5f,Soft,1:50,Invincible Nao,136,Caoilin Quinn,Gary & Josh Moore,11- 4,8,0,True,0,0.007157355,0,False,3,Lingfield_2026-01-19_1:50,12,False,0.0,,
Lingfield,19 Jan 2026 SKY,3m5f,Soft,1:50,Art Decco,135,Harry Kimber,Robert Walford,11 -13,10,0,True,0,0.007119602,0,False,PU,Lingfield_2026-01-19_1:50,13,False,0.0,,
Lingfield,19 Jan 2026 SKY,3m5f,Soft,1:50,Whistle Stop Tour,143,Jack Tudor,Lucinda Russell & Michael Scudamore,11- 7,8,0,True,0,0.0071185604,0,False,5,Lingfield_2026-01-19_1:50,14,False,0.0,,
Lingfield,19 Jan 2026 SKY,3m5f,Soft,1:50,Val Dancer,140,Charlie Hammond,Mel Rowley,11 -10,9,0,True,0,0.0070675625,0,False,4,Lingfield_2026-01-19_1:50,15,False,0.0,,
Lingfield,19 Jan 2026 SKY,3m5f,Soft,1:50,Surrey Quest,145,Kevin Brogan,Toby Lawes,11 -11,9,0,True,0,0.0070269043,0,False,PU,Lingfield_2026-01-19_1:50,16,False,0.0,,
Lingfield,19 Jan 2026 SKY,2m3½f,Soft,2:20,Canty Bay,-,Ben Jones,Emma Lavelle,12- 2,9,0,True,0,0.039356876,0,False,8,Lingfield_2026-01-19_2:20,1,False,0.0,,
Lingfield,19 Jan 2026 SKY,2m3½f,Soft,2:20,Chief Sunday,113,Sam Twiston-Davies,Nigel & Willy Twiston-Davies,12- 0,6,0,True,0,0.020996807,0,False,7,Lingfield_2026-01-19_2:20,2,False,0.0,,
Lingfield,19 Jan 2026 SKY,2m3½f,Soft,2:20,Confinentic,114,Freddie Gordon,Chris Gordon,11 -13,6,0,True,0,0.019055972,0,False,6,Lingfield_2026-01-19_2:20,3,False,0.0,,
Lingfield,19 Jan 2026 SKY,2m3½f,Soft,2:20,Sea Warrior,105,Brendan Powell,Joe Tizzard,11- 6,7,0,True,0,0.018911118,0,False,10,Lingfield_2026-01-19_2:20,4,False,0.0,,
Lingfield,19 Jan 2026 SKY,2m3½f,Soft,2:20,Karton Plein,112,Sean Bowen,Olly Murphy,11- 6,6,0,True,0,0.018845739,0,False,3,Lingfield_2026-01-19_2:20,5,False,0.0,,
Lingfield,19 Jan 2026 SKY,2m3½f,Soft,2:20,Galactic Charm,114,Tom Cannon,Gary & Josh Moore,12- 0,5,0,True,0,0.018512202,0,False,9,Lingfield_2026-01-19_2:20,6,False,0.0,,
Lingfield,19 Jan 2026 SKY,2m3½f,Soft,2:20,Risk It All,113,Caoilin Quinn,Gary & Josh Moore,10 -13,5,0,True,0,0.017169176,0,False,11,Lingfield_2026-01-19_2:20,7,False,0.0,,
Lingfield,19 Jan 2026 SKY,2m3½f,Soft,2:20,Luwdvig,113,Jack Quinlan,Neil King,10 -10,7,0,True,0,0.017148357,0,False,1,Lingfield_2026-01-19_2:20,8,False,0.0,,
Lingfield,19 Jan 2026 SKY,2m3½f,Soft,2:20,Casa Loupi,116,Ben Pollard,Gary & Josh Moore,12- 0,9,10,True,0,0.016110333,0,False,12,Lingfield_2026-01-19_2:20,9,False,0.0,,
Lingfield,19 Jan 2026 SKY,2m3½f,Soft,2:20,Sunday Soldier,120,Oscar Palmer,David Killahena & Graeme McPherson,11 -13,8,7,True,0,0.015929898,0,False,5,Lingfield_2026-01-19_2:20,10,False,0.0,,
Lingfield,19 Jan 2026 SKY,2m3½f,Soft,2:20,Godot,117,Freddie Mitchell,Andy Irvine,11- 5,9,3,True,0,0.015610693,0,False,2,Lingfield_2026-01-19_2:20,11,False,0.0,,
Lingfield,19 Jan 2026 SKY,2m3½f,Soft,2:20,Blue Sky Dreaming,117,Tom Bellamy,Alan King,11- 5,5,0,True,0,0.015436375,0,False,PU,Lingfield_2026-01-19_2:20,12,False,0.0,,
Lingfield,19 Jan 2026 SKY,2m3½f,Soft,2:20,Raffles Nobu,123,Freddie Keighley,Nick Scholfield,10 -12,6,7,True,0,0.013229194,0,False,4,Lingfield_2026-01-19_2:20,13,False,0.0,,
Lingfield,19 Jan 2026 SKY,2m3½f,Soft,2:50,Mac's Xpress,77,Charlie Maggs,Clare Ellam,10- 5,8,5,True,0,0.020635506,0,False,PU,Lingfield_2026-01-19_2:50,1,False,0.0,,
Lingfield,19 Jan 2026 SKY,2m3½f,Soft,2:50,Mild Magic,83,Conor O'Farrell,Neil Mulholland,11- 4,6,0,True,0,0.018271461,0,False,4,Lingfield_2026-01-19_2:50,2,False,0.0,,
Lingfield,19 Jan 2026 SKY,2m3½f,Soft,2:50,Directly,86,Sam Twiston-Davies,Samuel Drinkwater,11 -12,7,0,True,0,0.016910125,0,False,5,Lingfield_2026-01-19_2:50,3,False,0.0,,
Lingfield,19 Jan 2026 SKY,2m3½f,Soft,2:50,Flagon Dry,105,James Bowen,Warren Greatrex,10- 8,4,0,True,0,0.015454924,0,False,PU,Lingfield_2026-01-19_2:50,4,False,0.0,,
Lingfield,19 Jan 2026 SKY,2m3½f,Soft,2:50,Bollin Thou,116,Sean Bowen,Nick Scholfield,11- 7,8,0,True,0,0.015302741,0,False,1,Lingfield_2026-01-19_2:50,5,False,0.0,,
Lingfield,19 Jan 2026 SKY,2m3½f,Soft,2:50,Court One,94,James Davies,Richard Rowe,10- 5,6,0,True,0,0.01442118,0,False,3,Lingfield_2026-01-19_2:50,6,False,0.0,,
Lingfield,19 Jan 2026 SKY,2m3½f,Soft,2:50,Inion Tiogair,97,Joe Anderson,Grace Harris,11- 2,9,3,True,0,0.0129470695,0,False,2,Lingfield_2026-01-19_2:50,7,False,0.0,,
Lingfield,19 Jan 2026 SKY,2m7½f,Soft,3:20,Icaque de L'Isle,-,Harry Bannister,Richard J Bandey,12- 0,8,0,True,0,0.03593665,0,False,1,Lingfield_2026-01-19_3:20,1,False,0.0,,
Lingfield,19 Jan 2026 SKY,2m7½f,Soft,3:20,Givehimthehonour,86,Jack Tudor,David Pipe,11- 3,8,0,True,0,0.019338533,0,False,PU,Lingfield_2026-01-19_3:20,2,False,0.0,,
Lingfield,19 Jan 2026 SKY,2m7½f,Soft,3:20,Montmartin,108,Jonjo O'Neill Jr,Jonjo & A J O'Neill,11- 6,8,0,True,0,0.017470047,0,False,PU,Lingfield_2026-01-19_3:20,3,False,0.0,,
Lingfield,19 Jan 2026 SKY,2m7½f,Soft,3:20,Endersen,95,Harry Kimber,Richard Rowe,10- 3,9,0,True,0,0.017390529,0,False,PU,Lingfield_2026-01-19_3:20,4,False,0.0,,
Lingfield,19 Jan 2026 SKY,2m7½f,Soft,3:20,Star Of Diamonds,103,NON-RUNNER,Emma Lavelle,11 -11,7,0,True,0,0.015797203,0,False,,Lingfield_2026-01-19_3:20,5,False,0.0,,
Lingfield,19 Jan 2026 SKY,2m7½f,Soft,3:20,Koenigsstern,110,James Davies,Nick Gifford,12- 0,9,0,True,0,0.014608358,0,False,5,Lingfield_2026-01-19_3:20,6,False,0.0,,
Lingfield,19 Jan 2026 SKY,2m7½f,Soft,3:20,One Last Glance,111,Freddie Mitchell,Tom Gretton,11- 5,9,3,True,0,0.014523221,0,False,4,Lingfield_2026-01-19_3:20,7,False,0.0,,
Lingfield,19 Jan 2026 SKY,2m7½f,Soft,3:20,Thruthelookinglass,110,Tom Bellamy,Kim Bailey & Mat Nicholls,11 -13,9,0,True,0,0.014507301,0,False,2,Lingfield_2026-01-19_3:20,8,False,0.0,,
Lingfield,19 Jan 2026 SKY,2m7½f,Soft,3:20,Better Off Alone,107,Freddie Keighley,Martin Keighley,12- 0,7,7,True,0,0.014281652,0,False,,Lingfield_2026-01-19_3:20,9,False,0.0,,
Lingfield,19 Jan 2026 SKY,2m7½f,Soft,3:20,Felton Bellevue,124,Ciaran Gethings,Ben Case,10 -11,11,0,True,0,0.014212382,0,False,3,Lingfield_2026-01-19_3:20,10,False,0.0,,
Lingfield,19 Jan 2026 SKY,2m4f,Soft,3:50,Jack The Nipper,-,James Bowen,Warren Greatrex,11- 9,7,0,True,0,0.022677224,0,False,PU,Lingfield_2026-01-19_3:50,1,False,0.0,,
Lingfield,19 Jan 2026 SKY,2m4f,Soft,3:50,Arctic Stream,-,Ned Fox,Richard J Bandey,11- 1,9,5,True,0,0.015682694,0,False,6,Lingfield_2026-01-19_3:50,2,False,0.0,,
Lingfield,19 Jan 2026 SKY,2m4f,Soft,3:50,Stardhem,110,Ben Jones,Ben Pauling,11- 3,7,0,True,0,0.012321283,0,False,PU,Lingfield_2026-01-19_3:50,3,False,0.0,,
Lingfield,19 Jan 2026 SKY,2m4f,Soft,3:50,Desert Halo,97,Harry Bannister,Richard J Bandey,12- 0,7,0,True,0,0.010722814,0,False,7,Lingfield_2026-01-19_3:50,4,False,0.0,,
Lingfield,19 Jan 2026 SKY,2m4f,Soft,3:50,Gwennie May Jem,109,Sean Bowen,Olly Murphy,11- 4,6,0,True,0,0.010189073,0,False,1,Lingfield_2026-01-19_3:50,5,False,0.0,,
Lingfield,19 Jan 2026 SKY,2m4f,Soft,3:50,Constant Friday,103,James Davies,Richard Rowe,10- 2,11,0,True,0,0.009912603,0,False,4,Lingfield_2026-01-19_3:50,6,False,0.0,,
Lingfield,19 Jan 2026 SKY,2m4f,Soft,3:50,Diamond Days,103,Brendan Powell,Joe Tizzard,11- 4,6,0,True,0,0.0095542045,0,False,5,Lingfield_2026-01-19_3:50,7,False,0.0,,
Lingfield,19 Jan 2026 SKY,2m4f,Soft,3:50,Lady Pretender,103,Charlie Deutsch,Venetia Williams,11 -12,7,0,True,0,0.009125038,0,False,PU,Lingfield_2026-01-19_3:50,8,False,0.0,,
Lingfield,19 Jan 2026 SKY,2m4f,Soft,3:50,Jackeline,101,Daniel Sansom,Seamus Mullins,11- 7,7,3,True,0,0.008590256,0,False,PU,Lingfield_2026-01-19_3:50,9,False,0.0,,
Lingfield,19 Jan 2026 SKY,2m4f,Soft,3:50,Ronnies Reflection,108,Jack Quinlan,Ben Case,10 -12,8,0,True,0,0.008455181,0,False,2,Lingfield_2026-01-19_3:50,10,False,0.0,,
Lingfield,19 Jan 2026 SKY,2m4f,Soft,3:50,Begin The Luck,108,Robbie David,Daisy Hitchins,11 -10,10,7,True,0,0.0073135607,0,False,3,Lingfield_2026-01-19_3:50,11,False,0.0,,
Wolverhampton (AW),19 Jan 2026 SKY Tapeta,1m4f,Standard,5:30,Eutropia,64,Finley Marsh,Adrian Wintle,9- 7,4,0,True,0,0.052098945,8,True,,Wolverhampton (AW)_2026-01-19_5:30,1,False,0.0,,
Wolverhampton (AW),19 Jan 2026 SKY Tapeta,1m4f,Standard,5:30,Blue Siam,63,Jason Hart,Hugo Palmer,9- 4,4,0,True,0,0.02789133,0,False,,Wolverhampton (AW)_2026-01-19_5:30,2,False,0.0,,
Wolverhampton (AW),19 Jan 2026 SKY Tapeta,1m4f,Standard,5:30,Pomeriggio,57,Jack Dace,Nikki Evans,9- 4,5,5,True,0,0.02572473,0,False,,Wolverhampton (AW)_2026-01-19_5:30,3,False,0.0,,
Wolverhampton (AW),19 Jan 2026 SKY Tapeta,1m4f,Standard,5:30,Tenadaay,60,Gina Mangan,Fergal O'Brien,9- 7,4,0,True,0,0.024678383,0,False,,Wolverhampton (AW)_2026-01-19_5:30,4,False,0.0,,
Wolverhampton (AW),19 Jan 2026 SKY Tapeta,1m4f,Standard,5:30,Galactic Glow,65,Taylor Fisher,Joe Tickle,9- 9,9,3,True,0,0.024508001,0,False,,Wolverhampton (AW)_2026-01-19_5:30,5,False,0.0,,
Wolverhampton (AW),19 Jan 2026 SKY Tapeta,1m4f,Standard,5:30,Rampant,64,Faye McManoman,Patrick Morris,9- 0,6,0,True,0,0.024486708,0,False,,Wolverhampton (AW)_2026-01-19_5:30,6,False,0.0,,
Wolverhampton (AW),19 Jan 2026 SKY Tapeta,1m4f,Standard,5:30,Staffordshire,61,Paul Mulrennan,Jennie Candlish,9- 5,4,0,True,0,0.024127614,0,False,,Wolverhampton (AW)_2026-01-19_5:30,7,False,0.0,,
Wolverhampton (AW),19 Jan 2026 SKY Tapeta,1m4f,Standard,5:30,Ice Opera,65,Billy Loughnane,Grace Harris,9- 7,5,0,True,0,0.022462372,0,False,,Wolverhampton (AW)_2026-01-19_5:30,8,False,0.0,,
Wolverhampton (AW),19 Jan 2026 SKY Tapeta,1m4f,Standard,5:30,Late Claim,67,Marco Ghiani,John Mackie,9- 3,5,0,True,0,0.022253372,0,False,,Wolverhampton (AW)_2026-01-19_5:30,9,False,0.0,,
Wolverhampton (AW),19 Jan 2026 SKY Tapeta,1m1½f,Standard,6:00,Racing Country,41,Paul Mulrennan,Damien Wingrove,9- 9,11,0,True,0,0.071709044,0,False,,Wolverhampton (AW)_2026-01-19_6:00,1,False,0.0,,
Wolverhampton (AW),19 Jan 2026 SKY Tapeta,1m1½f,Standard,6:00,Trusty Scout,54,Cam Hardie,Derek Shaw,9- 9,8,0,True,0,0.054895777,0,False,,Wolverhampton (AW)_2026-01-19_6:00,2,False,0.0,,
Wolverhampton (AW),19 Jan 2026 SKY Tapeta,1m1½f,Standard,6:00,Relevant Range,60,Jordan Nason,Ivan Furtado,9 -13,7,3,True,0,0.053237084,0,False,,Wolverhampton (AW)_2026-01-19_6:00,3,False,0.0,,
Wolverhampton (AW),19 Jan 2026 SKY Tapeta,1m1½f,Standard,6:00,Star Of St Louis,57,Kyle McHugh,Wayne Lukas,9- 9,9,7,True,0,0.04736041,0,False,,Wolverhampton (AW)_2026-01-19_6:00,4,False,0.0,,
Wolverhampton (AW),19 Jan 2026 SKY Tapeta,1m1½f,Standard,6:00,Spinning Dancer,55,Taylor Fisher,J S Moore,9- 8,4,3,True,0,0.04634199,0,False,,Wolverhampton (AW)_2026-01-19_6:00,5,False,0.0,,
Wolverhampton (AW),19 Jan 2026 SKY Tapeta,1m1½f,Standard,6:00,Bondi Man,57,Jason Hart,Sarah Hollinshead,9- 9,7,0,True,0,0.045003746,0,False,,Wolverhampton (AW)_2026-01-19_6:00,6,False,0.0,,
Wolverhampton (AW),19 Jan 2026 SKY Tapeta,1m1½f,Standard,6:00,Port Noir,59,Robert Havlin,Robert Stephens,9- 9,9,0,True,0,0.04194862,0,False,,Wolverhampton (AW)_2026-01-19_6:00,7,False,0.0,,
Wolverhampton (AW),19 Jan 2026 SKY Tapeta,1m1½f,Standard,6:00,Boujee Gold,59,Marco Ghiani,Tony Carroll,9- 9,7,0,True,0,0.039676595,0,False,,Wolverhampton (AW)_2026-01-19_6:00,8,False,0.0,,
Wolverhampton (AW),19 Jan 2026 SKY Tapeta,1m1½f,Standard,6:00,Al Baahy,59,Billy Loughnane,Kevin Frost,9- 9,7,0,True,0,0.03489827,0,False,,Wolverhampton (AW)_2026-01-19_6:00,9,False,0.0,,
Wolverhampton (AW),19 Jan 2026 SKY Tapeta,1m1½f,Standard,6:00,Lady Margret,62,Gina Mangan,Tony Carroll,9- 8,4,0,True,0,0.034113135,0,False,,Wolverhampton (AW)_2026-01-19_6:00,10,False,0.0,,
Wolverhampton (AW),19 Jan 2026 SKY Tapeta,1m1½f,Standard,6:00,Dors Delight,60,Callum Shepherd,Dean Ivory,9- 9,5,0,True,0,0.03349011,0,False,,Wolverhampton (AW)_2026-01-19_6:00,11,False,0.0,,
Wolverhampton (AW),19 Jan 2026 SKY Tapeta,1m1½f,Standard,6:00,Al Shabab,62,Sean Levey,David Evans,9- 9,5,0,True,0,0.02995988,0,False,,Wolverhampton (AW)_2026-01-19_6:00,12,False,0.0,,
Wolverhampton (AW),19 Jan 2026 SKY Tapeta,6f,Standard,6:30,Appetiser,61,Callum Shepherd,Eve Johnson Houghton,9 -11,4,0,True,0,0.030556953,0,False,,Wolverhampton (AW)_2026-01-19_6:30,1,False,0.0,,
Wolverhampton (AW),19 Jan 2026 SKY Tapeta,6f,Standard,6:30,Alasrae,70,Billy Loughnane,George Boughey,9- 0,3,0,True,0,0.029304681,0,False,,Wolverhampton (AW)_2026-01-19_6:30,2,False,0.0,,
Wolverhampton (AW),19 Jan 2026 SKY Tapeta,6f,Standard,6:30,Jubilee Time,-,Taylor Fisher,Mark Usher,9 -12,4,3,True,0,0.027789097,0,False,,Wolverhampton (AW)_2026-01-19_6:30,3,False,0.0,,
Wolverhampton (AW),19 Jan 2026 SKY Tapeta,6f,Standard,6:30,Exhibition Match,34,Nicola Currie,Ollie Sangster,8- 9,3,0,True,0,0.02630527,0,False,,Wolverhampton (AW)_2026-01-19_6:30,4,False,0.0,,
Wolverhampton (AW),19 Jan 2026 SKY Tapeta,6f,Standard,6:30,Fuseboard,32,Joey Haynes,Chelsea Banham,8 -12,3,0,True,0,0.025936263,0,False,,Wolverhampton (AW)_2026-01-19_6:30,5,False,0.0,,
Wolverhampton (AW),19 Jan 2026 SKY Tapeta,6f,Standard,6:30,Lucky Sevens,-,Mason Paetel,James Owen,8 -12,3,5,True,0,0.0243857,0,False,,Wolverhampton (AW)_2026-01-19_6:30,6,False,0.0,,
Wolverhampton (AW),19 Jan 2026 SKY Tapeta,6f,Standard,6:30,Adalida,73,Marco Ghiani,Stuart Williams,8- 9,3,0,True,0,0.019946398,0,False,,Wolverhampton (AW)_2026-01-19_6:30,7,False,0.0,,
Wolverhampton (AW),19 Jan 2026 SKY Tapeta,6f,Standard,6:30,Coul Britannia,-,Jack Dace,Jamie Osborne,8- 5,3,5,True,0,0.01949291,0,False,,Wolverhampton (AW)_2026-01-19_6:30,8,False,0.0,,
Wolverhampton (AW),19 Jan 2026 SKY Tapeta,6f,Standard,6:30,Arishka's Dream,67,Dylan Hogan,Daniel & Claire Kubler,8 -10,3,0,True,0,0.01925553,0,False,,Wolverhampton (AW)_2026-01-19_6:30,9,False,0.0,,
Wolverhampton (AW),19 Jan 2026 SKY Tapeta,6f,Standard,7:00,Lucky Man,80,Paul Mulrennan,Jennie Candlish,9- 7,7,0,True,0,0.038470168,0,False,,Wolverhampton (AW)_2026-01-19_7:00,1,False,0.0,,
Wolverhampton (AW),19 Jan 2026 SKY Tapeta,6f,Standard,7:00,Water Of Leith,78,Robert Havlin,Jim Goldie,9- 2,8,0,True,0,0.03069967,0,False,,Wolverhampton (AW)_2026-01-19_7:00,2,False,0.0,,
Wolverhampton (AW),19 Jan 2026 SKY Tapeta,6f,Standard,7:00,Brian The Snail,81,James Sullivan,Patrick Morris,9- 5,12,0,True,0,0.027511492,0,False,,Wolverhampton (AW)_2026-01-19_7:00,3,False,0.0,,
Wolverhampton (AW),19 Jan 2026 SKY Tapeta,6f,Standard,7:00,Wodao,80,Callum Shepherd,Jamie Osborne,9- 8,6,0,True,0,0.026747322,0,False,,Wolverhampton (AW)_2026-01-19_7:00,4,False,0.0,,
Wolverhampton (AW),19 Jan 2026 SKY Tapeta,6f,Standard,7:00,Brave Empire,80,Jason Hart,Ivan Furtado,9- 9,5,0,True,0,0.022178443,0,False,,Wolverhampton (AW)_2026-01-19_7:00,5,False,0.0,,
Wolverhampton (AW),19 Jan 2026 SKY Tapeta,6f,Standard,7:00,Phoenix Of Dreams,80,Sean Levey,John & Sean Quinn,9- 6,5,0,True,0,0.022020852,0,False,,Wolverhampton (AW)_2026-01-19_7:00,6,False,0.0,,
Wolverhampton (AW),19 Jan 2026 SKY Tapeta,6f,Standard,7:00,Addarella,80,Marco Ghiani,Marco Botti,9- 5,4,0,True,0,0.020782625,0,False,,Wolverhampton (AW)_2026-01-19_7:00,7,False,0.0,,
Wolverhampton (AW),19 Jan 2026 SKY Tapeta,6f,Standard,7:00,Zoulu Warrior,80,Billy Loughnane,Heather Main,9- 8,4,0,True,0,0.020709913,0,False,,Wolverhampton (AW)_2026-01-19_7:00,8,False,0.0,,
Wolverhampton (AW),19 Jan 2026 SKY Tapeta,6f,Standard,7:00,Early Release,82,Ryan Kavanagh,David Evans,9- 3,4,5,True,0,0.019267876,0,False,,Wolverhampton (AW)_2026-01-19_7:00,9,False,0.0,,
Wolverhampton (AW),19 Jan 2026 SKY Tapeta,6f,Standard,7:00,Amerjeet,81,Dylan Hogan,Michael Herrington,8 -11,4,0,True,0,0.018228432,0,False,,Wolverhampton (AW)_2026-01-19_7:00,10,False,0.0,,
Wolverhampton (AW),19 Jan 2026 SKY Tapeta,7f,Standard,7:30,He's A Gentleman,88,Jason Hart,Hugo Palmer,9- 8,7,0,True,0,0.033582464,0,False,,Wolverhampton (AW)_2026-01-19_7:30,1,False,0.0,,
Wolverhampton (AW),19 Jan 2026 SKY Tapeta,7f,Standard,7:30,Beauty Choice,86,Joanna Mason,Michael & David Easterby,9- 5,9,0,True,0,0.032759555,0,False,,Wolverhampton (AW)_2026-01-19_7:30,2,False,0.0,,
Wolverhampton (AW),19 Jan 2026 SKY Tapeta,7f,Standard,7:30,Anthropologist,87,Dylan Hogan,Michael Herrington,9- 4,4,0,True,0,0.024976864,0,False,,Wolverhampton (AW)_2026-01-19_7:30,3,False,0.0,,
Wolverhampton (AW),19 Jan 2026 SKY Tapeta,7f,Standard,7:30,Chifa,86,Callum Shepherd,Ed de Giles,9- 5,9,0,True,0,0.024815347,0,False,,Wolverhampton (AW)_2026-01-19_7:30,4,False,0.0,,
Wolverhampton (AW),19 Jan 2026 SKY Tapeta,7f,Standard,7:30,Vince Lombardi,87,Dale Swift,Seb Spencer,9- 4,7,0,True,0,0.02452281,0,False,,Wolverhampton (AW)_2026-01-19_7:30,5,False,0.0,,
Wolverhampton (AW),19 Jan 2026 SKY Tapeta,7f,Standard,7:30,Lodge,79,Billy Loughnane,Brian Meehan,9- 7,4,0,True,0,0.020189086,0,False,,Wolverhampton (AW)_2026-01-19_7:30,6,False,0.0,,
Wolverhampton (AW),19 Jan 2026 SKY Tapeta,7f,Standard,7:30,Arantes Nascimento,86,Sean Levey,Michael Attwater,9- 5,5,0,True,0,0.019410837,0,False,,Wolverhampton (AW)_2026-01-19_7:30,7,False,0.0,,
Wolverhampton (AW),19 Jan 2026 SKY Tapeta,7f,Standard,7:30,Ash Wednesday,90,Marco Ghiani,Heather Main,9- 8,5,0,True,0,0.0188621,0,False,,Wolverhampton (AW)_2026-01-19_7:30,8,False,0.0,,
Wolverhampton (AW),19 Jan 2026 SKY Tapeta,7f,Standard,7:30,Star Of Mali,88,Robert Havlin,James Tate,9- 6,4,0,True,0,0.017883763,0,False,,Wolverhampton (AW)_2026-01-19_7:30,9,False,0.0,,
Wolverhampton (AW),19 Jan 2026 SKY Tapeta,7f,Standard,8:00,Ganthorpe,53,Billy Garritty,Michael & David Easterby,9- 9,3,0,True,0,0.09252534,0,False,,Wolverhampton (AW)_2026-01-19_8:00,1,False,0.0,,
Wolverhampton (AW),19 Jan 2026 SKY Tapeta,7f,Standard,8:00,Hardstyle,61,Billy Loughnane,George Boughey,10- 1,3,0,True,0,0.048785448,0,False,,Wolverhampton (AW)_2026-01-19_8:00,2,False,0.0,,
Wolverhampton (AW),19 Jan 2026 SKY Tapeta,7f,Standard,8:00,Electrocution,56,Joey Haynes,Chelsea Banham,9- 5,3,0,True,0,0.047560044,0,False,,Wolverhampton (AW)_2026-01-19_8:00,3,False,0.0,,
Wolverhampton (AW),19 Jan 2026 SKY Tapeta,7f,Standard,8:00,Sorted,55,Jason Hart,Mark Loughnane,9- 4,3,0,True,0,0.033987053,0,False,,Wolverhampton (AW)_2026-01-19_8:00,4,False,0.0,,
Wolverhampton (AW),19 Jan 2026 SKY Tapeta,7f,Standard,8:00,Fallacious Promise,45,Paul Mulrennan,John Butler,9- 4,3,0,True,0,0.033582035,0,False,,Wolverhampton (AW)_2026-01-19_8:00,5,False,0.0,,
Wolverhampton (AW),19 Jan 2026 SKY Tapeta,7f,Standard,8:00,Backfire,58,Mikkel Mortensen,Scott Dixon,9- 5,3,5,True,0,0.03268208,0,False,,Wolverhampton (AW)_2026-01-19_8:00,6,False,0.0,,
Wolverhampton (AW),19 Jan 2026 SKY Tapeta,7f,Standard,8:00,Miss Ayala,58,George Bass,Mark Usher,9- 4,3,0,True,0,0.032137148,0,False,,Wolverhampton (AW)_2026-01-19_8:00,7,False,0.0,,
Wolverhampton (AW),19 Jan 2026 SKY Tapeta,7f,Standard,8:00,Resalah,66,Jack Dace,Nikki Evans,9- 7,3,5,True,0,0.029856747,0,False,,Wolverhampton (AW)_2026-01-19_8:00,8,False,0.0,,
Wolverhampton (AW),19 Jan 2026 SKY Tapeta,7f,Standard,8:00,Blue Mountains,55,Jack Nicholls,Marco Botti,9- 0,3,5,True,0,0.026598211,0,False,,Wolverhampton (AW)_2026-01-19_8:00,9,False,0.0,,
Wolverhampton (AW),19 Jan 2026 SKY Tapeta,7f,Standard,8:00,Maynora,64,Sean Kirrane,Craig Lidster,9- 8,3,0,True,0,0.02285628,0,False,,Wolverhampton (AW)_2026-01-19_8:00,10,False,0.0,,
Wolverhampton (AW),19 Jan 2026 SKY Tapeta,5f,Standard,8:30,Daley T,56,Marco Ghiani,Tony Carroll,9- 0,6,0,True,0,0.066470675,0,False,,Wolverhampton (AW)_2026-01-19_8:30,1,False,0.0,,
Wolverhampton (AW),19 Jan 2026 SKY Tapeta,5f,Standard,8:30,Master Dandy,64,Billy Loughnane,Michael Keady,9- 9,6,0,True,0,0.043700326,0,False,,Wolverhampton (AW)_2026-01-19_8:30,2,False,0.0,,
Wolverhampton (AW),19 Jan 2026 SKY Tapeta,5f,Standard,8:30,Colors Of Freedom,65,Gina Mangan,Joe Ponting,9- 3,6,0,True,0,0.040861286,0,False,,Wolverhampton (AW)_2026-01-19_8:30,3,False,0.0,,
Wolverhampton (AW),19 Jan 2026 SKY Tapeta,5f,Standard,8:30,She Went Whoosh,57,Joey Haynes,Scott Dixon,9- 0,4,0,True,0,0.0401492,0,False,,Wolverhampton (AW)_2026-01-19_8:30,4,False,0.0,,
Wolverhampton (AW),19 Jan 2026 SKY Tapeta,5f,Standard,8:30,Mister McGregor,63,Faye McManoman,Michael Mullineaux,9- 8,4,0,True,0,0.034238882,0,False,,Wolverhampton (AW)_2026-01-19_8:30,5,False,0.0,,
Wolverhampton (AW),19 Jan 2026 SKY Tapeta,5f,Standard,8:30,Second Collection,59,Matthew Lloyd Slater,Tony Carroll,9- 0,10,7,True,0,0.032864958,0,False,,Wolverhampton (AW)_2026-01-19_8:30,6,False,0.0,,
Wolverhampton (AW),19 Jan 2026 SKY Tapeta,5f,Standard,8:30,Sultan Of Oj,62,Robert Havlin,Thomas Faulkner,9- 1,4,0,True,0,0.0300533,0,False,,Wolverhampton (AW)_2026-01-19_8:30,7,False,0.0,,
Wolverhampton (AW),19 Jan 2026 SKY Tapeta,5f,Standard,8:30,Rogue Endeavour,63,Finley Marsh,Grace Harris,9- 0,4,0,True,0,0.029482089,0,False,,Wolverhampton (AW)_2026-01-19_8:30,8,False,0.0,,
Wolverhampton (AW),19 Jan 2026 SKY Tapeta,5f,Standard,8:30,Blue Dandy,-,NON-RUNNER,Gary Harrison,9- 1,4,0,True,0,0.027346142,0,False,,Wolverhampton (AW)_2026-01-19_8:30,9,False,0.0,,
