track_name,race_date,distance,going,time,horse_name,rating,jockey,trainer,weight,age,claims
Punchestown,11 Jan 2026,2m6½f,Yielding To Soft,12:20,Additional Time,-,Alex Harvey,John C McConnell,11 -12,7,0
Punchestown,11 Jan 2026,2m6½f,Yielding To Soft,12:20,Bajan Excell,88,Patrick M O'Brien,Ms Claire O'Connell,11 -12,10,5
Punchestown,11 Jan 2026,2m6½f,Yielding To Soft,12:20,Banter At The Bar,-,Gavin Brouder,M F Morris,11 -12,6,0
Punchestown,11 Jan 2026,2m6½f,Yielding To Soft,12:20,Brucejack,121,Danny Mullins,P A Fahy,11 -12,9,0
Punchestown,11 Jan 2026,2m6½f,Yielding To Soft,12:20,Enge Hazard,-,Darragh O'Keeffe,Andrew McNamara,11 -12,8,0
Punchestown,11 Jan 2026,2m6½f,Yielding To Soft,12:20,John The Diva,118,Sean O'Keeffe,M A Cahill,11 -12,9,0
Punchestown,11 Jan 2026,2m6½f,Yielding To Soft,12:20,Mighty Jeremy,116,Simon Torrens,Patrick T Foley,11 -12,12,0
Punchestown,11 Jan 2026,2m6½f,Yielding To Soft,12:20,Mistyburn,-,Tiernan Power Roche,P J Rothwell,11 -12,6,3
Punchestown,11 Jan 2026,2m6½f,Yielding To Soft,12:20,Rajsalad,102,Charlie O'Dwyer,Conor O'Dwyer,11 -12,10,5
Punchestown,11 Jan 2026,2m6½f,Yielding To Soft,12:20,Silver King,106,Phillip Enright,Oliver McKiernan,11 -12,10,0
Punchestown,11 Jan 2026,2m6½f,Yielding To Soft,12:20,Themanintheboots,112,Jack Kennedy,Gordon Elliott,11 -12,8,0
Punchestown,11 Jan 2026,2m6½f,Yielding To Soft,12:20,Katie Daniels,-,Kevin Healy,Cian Collins,11- 5,7,7
Punchestown,11 Jan 2026,2m3½f,Yielding To Soft,12:50,Jacob's Ladder,155,Jack Kennedy,Gordon Elliott,11- 2,7,0
Punchestown,11 Jan 2026,2m3½f,Yielding To Soft,12:50,Kappa Jy Pyke,150,Danny Mullins,W P Mullins,11- 2,6,0
Punchestown,11 Jan 2026,2m3½f,Yielding To Soft,12:50,Predators Gold,161,Paul Townend,W P Mullins,11- 2,7,0
Punchestown,11 Jan 2026,2m3½f,Yielding To Soft,12:50,Pure Steel,148,Mark Walsh,James Joseph Mangan,11- 2,6,0
Punchestown,11 Jan 2026,2m3½f,Yielding To Soft,12:50,The Enabler,160,Sam Ewing,Gordon Elliott,11- 2,7,0
Punchestown,11 Jan 2026,2m3½f,Yielding To Soft,1:20,Lovely Reaction,100,Aidan Kelly,Thomas Mullins,12- 0,8,0
Punchestown,11 Jan 2026,2m3½f,Yielding To Soft,1:20,Ernie From Nurney,95,Peter Smithers,Padraig Roche,11 -11,9,4
Punchestown,11 Jan 2026,2m3½f,Yielding To Soft,1:20,Halsafari,98,Calum Hogan,James M Barcoe,11 -10,13,4
Punchestown,11 Jan 2026,2m3½f,Yielding To Soft,1:20,Diamond Dollar,-,Kevin A Murphy,C Byrnes,11- 9,7,4
Punchestown,11 Jan 2026,2m3½f,Yielding To Soft,1:20,Duce Bigalow,96,Eoin Staples,Seamus Neville,10 -13,7,2
Punchestown,11 Jan 2026,2m3½f,Yielding To Soft,1:20,Hakensack,-,Michael Kenneally,James William Hannon,10 -11,7,4
Punchestown,11 Jan 2026,2m3½f,Yielding To Soft,1:20,Just For Yuse,103,Patrick M O'Brien,Paul Stafford,10- 9,8,2
Punchestown,11 Jan 2026,2m3½f,Yielding To Soft,1:20,Baltinglass Hill,104,Tiernan Power Roche,P J Rothwell,10- 8,9,0
Punchestown,11 Jan 2026,2m3½f,Yielding To Soft,1:20,Tullabrack Lad,-,Benjamin P Kennedy,Francis J Flood,10- 6,7,4
Punchestown,11 Jan 2026,2m3½f,Yielding To Soft,1:20,Feast,90,Anna McGuinness,Stephanie Ocsko-Moore,10- 4,9,4
Punchestown,11 Jan 2026,2m3½f,Yielding To Soft,1:20,Mastermind,100,Shane Markey,Ms Helen P Markham,10- 3,12,4
Punchestown,11 Jan 2026,2m6½f,Yielding To Soft,1:50,Nine Graces,125,Mr Finian Maguire,Barry Connell,12- 4,9,0
Punchestown,11 Jan 2026,2m6½f,Yielding To Soft,1:50,Union Park,125,Mr R Sugrue,P J Rothwell,11 -13,10,7
Punchestown,11 Jan 2026,2m6½f,Yielding To Soft,1:50,Ney,126,Mr Finn Buckley,Edward Buckley,11 -10,8,7
Punchestown,11 Jan 2026,2m6½f,Yielding To Soft,1:50,Evies Vladimir,121,Mr B M Coonan,Gavin Cromwell,11- 7,9,7
Punchestown,11 Jan 2026,2m6½f,Yielding To Soft,1:50,Krabat,124,Mr A P Ryan,Michael J McDonagh,11- 7,11,5
Punchestown,11 Jan 2026,2m6½f,Yielding To Soft,1:50,Prince Palace,124,Mr P W Mullins,P A Fahy,11- 7,8,0
Punchestown,11 Jan 2026,2m6½f,Yielding To Soft,1:50,Showurappreciation,127,Mr Derek O'Connor,Jonathan Sweeney,11- 7,8,0
Punchestown,11 Jan 2026,2m6½f,Yielding To Soft,1:50,Solly Attwell,125,Mr R James,Cian Collins,11- 7,8,7
Punchestown,11 Jan 2026,2m6½f,Yielding To Soft,1:50,Soloman Lane,123,Mr P W Gleeson,Martin Hassett,11- 7,11,7
Punchestown,11 Jan 2026,2m6½f,Yielding To Soft,1:50,Gringo d'Aubrelle,140,Mr J M Halford,Gordon Elliott,11- 4,10,7
Punchestown,11 Jan 2026,2m6½f,Yielding To Soft,1:50,Hardwired,123,Mr J H Williamson,T M Walsh,11- 4,10,5
Punchestown,11 Jan 2026,2m6½f,Yielding To Soft,1:50,Whateys Quest,123,Miss A L Fitzgibbon,C Byrnes,10 -13,8,7
Punchestown,11 Jan 2026,2m6½f,Yielding To Soft,1:50,Harbour Highway,125,Mr Alan O'Sullivan,Emmet Mullins,10 -10,7,7
Punchestown,11 Jan 2026,2m6½f,Yielding To Soft,1:50,Bigbraveboy,125,Mr S Connor,James William Hannon,10- 8,8,7
Punchestown,11 Jan 2026,2m½f,Yielding,2:20,Frankie John,136,D G Hogan,Denis Gerard Hogan,11- 4,6,0
Punchestown,11 Jan 2026,2m½f,Yielding,2:20,Free Spirit,112,Danny Mullins,W P Mullins,11- 4,5,0
Punchestown,11 Jan 2026,2m½f,Yielding,2:20,Road Exile,136,Jack Kennedy,Gordon Elliott,11- 4,6,0
Punchestown,11 Jan 2026,2m½f,Yielding,2:20,Sober,133,Paul Townend,W P Mullins,11- 4,7,0
Punchestown,11 Jan 2026,2m½f,Yielding,2:50,Atlantic Gamble,95,Jack G Gilligan,Paul John Gilligan,11 -12,5,5
Punchestown,11 Jan 2026,2m½f,Yielding,2:50,Convincing,80,E Walsh,Ciaran Murphy,11 -12,5,0
Punchestown,11 Jan 2026,2m½f,Yielding,2:50,Embrace The Day,-,Conor Stone-Walsh,Gavin Cromwell,11 -12,5,0
Punchestown,11 Jan 2026,2m½f,Yielding,2:50,I Started A Joke,129,Philip Byrnes,C Byrnes,11 -12,7,0
Punchestown,11 Jan 2026,2m½f,Yielding,2:50,Large Steps,102,Jordan Gainford,Cian Collins,11 -12,5,0
Punchestown,11 Jan 2026,2m½f,Yielding,2:50,Laxxio,-,Danny Mullins,Anthony Mullins,11 -12,5,0
Punchestown,11 Jan 2026,2m½f,Yielding,2:50,Navagio,75,Kieren Buckley,Ciaran Murphy,11 -12,7,0
Punchestown,11 Jan 2026,2m½f,Yielding,2:50,Ocean Of Dreams,85,Simon Torrens,Gary McGill,11 -12,5,0
Punchestown,11 Jan 2026,2m½f,Yielding,2:50,Ozark's Walk,75,Brian Barry,Riceal Dunne,11 -12,6,7
Punchestown,11 Jan 2026,2m½f,Yielding,2:50,Playtime,106,Kevin Sexton,Gordon Elliott,11 -12,5,0
Punchestown,11 Jan 2026,2m½f,Yielding,2:50,Poet's Gale,-,Daniel King,A J Martin,11 -12,5,0
Punchestown,11 Jan 2026,2m½f,Yielding,2:50,Port Mor,-,Ricky Doyle,Eoin Griffin,11 -12,6,0
Punchestown,11 Jan 2026,2m½f,Yielding,2:50,Press The Button,-,Keith Donoghue,Gavin Cromwell,11 -12,6,0
Punchestown,11 Jan 2026,2m½f,Yielding,2:50,Sound As A Bell,91,Mark Walsh,Gavin Cromwell,11 -12,5,0
Punchestown,11 Jan 2026,2m½f,Yielding,2:50,Springhill Warrior,118,Jack Kennedy,Gordon Elliott,11 -12,5,0
Punchestown,11 Jan 2026,2m½f,Yielding,2:50,The Shanty Field,61,Michael Kenneally,Declan Queally,11 -12,6,7
Punchestown,11 Jan 2026,2m½f,Yielding,2:50,Tyson Fury,115,D G Hogan,Denis Gerard Hogan,11 -12,9,0
Punchestown,11 Jan 2026,2m½f,Yielding,2:50,Golden Wings,-,Danny Gilligan,Gordon Elliott,11- 5,5,0
Punchestown,11 Jan 2026,2m½f,Yielding,2:50,Let It Settle,-,Shane Fitzgerald,Gavin Cromwell,11- 5,5,0
Punchestown,11 Jan 2026,2m½f,Yielding,2:50,Riskabahia,100,Paul Townend,W P Mullins,11- 5,6,0
Punchestown,11 Jan 2026,2m½f,Yielding,2:50,Woodstar Lily,-,Carl Millar,W J Austin,11- 5,5,5
Punchestown,11 Jan 2026,2m½f,Yielding,2:50,Red Veil,96,Conor Lamon,Adrian Sexton,10- 6,4,7
Punchestown,11 Jan 2026,2m½f,Yielding,2:50,Lyreen Og,95,,A J Martin,11 -12,6,0
Punchestown,11 Jan 2026,2m½f,Yielding,2:50,Albus,89,Sam Ewing,Gordon Elliott,11 -12,6,0
Punchestown,11 Jan 2026,2m½f,Yielding,2:50,Gerrymandering,29,,William J McLernon,11 -12,8,0
Punchestown,11 Jan 2026,2m5f,Yielding,3:20,Powerful,124,Simon Torrens,Mrs John Harrington,11 -12,5,0
Punchestown,11 Jan 2026,2m5f,Yielding,3:20,Theflyingbee,128,Mr J R Martin,F G Hand,11 -12,9,7
Punchestown,11 Jan 2026,2m5f,Yielding,3:20,Littlefoot,128,Danny Gilligan,M A Molloy,11 -11,8,0
Punchestown,11 Jan 2026,2m5f,Yielding,3:20,Ontheropes,124,Mr C Mullins,Thomas Mullins,11 -11,12,7
Punchestown,11 Jan 2026,2m5f,Yielding,3:20,Beyond Your Dreams,116,Mark Walsh,Padraig Roche,11 -10,5,0
Punchestown,11 Jan 2026,2m5f,Yielding,3:20,San Hilario,124,Jack Kennedy,Gordon Elliott,11 -10,5,0
Punchestown,11 Jan 2026,2m5f,Yielding,3:20,Plunkett Street,124,Daniel King,Michael William O'Meara,11- 9,8,0
Punchestown,11 Jan 2026,2m5f,Yielding,3:20,Garnacho,124,Thomas O'Connor,Mark Fahey,11- 7,7,7
Punchestown,11 Jan 2026,2m5f,Yielding,3:20,Jupiter Du Gite,126,Cian Quirke,T Hogan,11- 7,7,0
Punchestown,11 Jan 2026,2m5f,Yielding,3:20,Olympy De Cerisy,120,Kevin Healy,Declan Queally,11- 6,7,7
Punchestown,11 Jan 2026,2m5f,Yielding,3:20,Happy Dreams,122,Sean O'Keeffe,Michael J McDonagh,11- 5,9,0
Punchestown,11 Jan 2026,2m5f,Yielding,3:20,Magic Day,126,Darragh O'Keeffe,Henry De Bromhead,11- 3,7,0
Punchestown,11 Jan 2026,2m5f,Yielding,3:20,Moylussa,123,Philip Donovan,Maike Magnussen,11- 1,7,3
Punchestown,11 Jan 2026,2m5f,Yielding,3:20,Moon Mission,119,Tiernan Power Roche,P J Rothwell,10 -12,5,3
Punchestown,11 Jan 2026,2m5f,Yielding,3:20,Kimy,128,Michael Kenneally,Thomas Mullins,10 -11,6,7
Punchestown,11 Jan 2026,2m5f,Yielding,3:20,Minority Interest,128,Calum Hogan,P J Rothwell,10- 1,6,7
Chelmsford (AW),11 Jan 2026Polytrack,5f,Standard,1:42,Gogo Yubari,67,Harry Vigors,Tony Carroll,10- 5,5,7
Chelmsford (AW),11 Jan 2026Polytrack,5f,Standard,1:42,Sir Rodneyredblood,66,Liam Wright,J R Jenkins,9 -11,9,5
Chelmsford (AW),11 Jan 2026Polytrack,5f,Standard,1:42,Master Dandy,65,Taylor Fisher,Michael Keady,9- 8,6,3
Chelmsford (AW),11 Jan 2026Polytrack,5f,Standard,1:42,What What What,65,Lewis Chalkley,Michael & David Easterby,9- 8,4,7
Chelmsford (AW),11 Jan 2026Polytrack,5f,Standard,1:42,Forest Gunner,64,J F Egan,David Evans,9- 3,5,0
Chelmsford (AW),11 Jan 2026Polytrack,5f,Standard,1:42,Inconspicuous,63,Kyle McHugh,Stuart Edmunds,9- 0,4,7
Chelmsford (AW),11 Jan 2026Polytrack,5f,Standard,1:42,Second Collection,63,Matthew Lloyd Slater,Tony Carroll,9- 0,10,7
Chelmsford (AW),11 Jan 2026Polytrack,6f,Standard,2:12,Lady Wingalong,87,Ryan Kavanagh,David Evans,9- 9,7,5
Chelmsford (AW),11 Jan 2026Polytrack,6f,Standard,2:12,Middleton View,85,Harry Vigors,Stuart Williams,9- 8,4,7
Chelmsford (AW),11 Jan 2026Polytrack,6f,Standard,2:12,Em Four,86,Conor Whiteley,Jamie Osborne,9- 8,4,7
Chelmsford (AW),11 Jan 2026Polytrack,6f,Standard,2:12,Ziggy's Condor,86,Harry Russell,Richard Fahey,9- 8,5,0
Chelmsford (AW),11 Jan 2026Polytrack,6f,Standard,2:12,Bill Plumb,84,Grace McEntee,Phil McEntee,9- 5,7,0
Chelmsford (AW),11 Jan 2026Polytrack,6f,Standard,2:12,Ziggy's Queen,84,Ethan Tindall,Richard Fahey,9- 5,5,7
Chelmsford (AW),11 Jan 2026Polytrack,6f,Standard,2:12,Waistcoat,85,Rhys Clutterbuck,Ross Burdon,9- 3,5,0
Chelmsford (AW),11 Jan 2026Polytrack,6f,Standard,2:12,Correspondence,82,Gina Mangan,Tony Carroll,9- 2,4,0
Chelmsford (AW),11 Jan 2026Polytrack,6f,Standard,2:12,Atomic Mass,84,Tom Kiely-Marshall,Michael & David Easterby,8- 6,4,5
Chelmsford (AW),11 Jan 2026Polytrack,6f,Standard,2:12,Man On A Mission,83,Tyler Heard,P Charalambous & J Clutterbuck,8- 5,7,0
Chelmsford (AW),11 Jan 2026Polytrack,1m2f,Standard,2:42,Enthused,76,Jonny Peate,James Owen,9- 9,9,0
Chelmsford (AW),11 Jan 2026Polytrack,1m2f,Standard,2:42,Age Of Time,74,Nicola Currie,Ian Williams,9- 9,5,0
Chelmsford (AW),11 Jan 2026Polytrack,1m2f,Standard,2:42,Seraphic,75,Callum Hutchinson,David Killahena & Graeme McPherson,9- 8,6,0
Chelmsford (AW),11 Jan 2026Polytrack,1m2f,Standard,2:42,Three On Thursday,72,Gina Mangan,Tony Carroll,9- 7,4,0
Chelmsford (AW),11 Jan 2026Polytrack,1m2f,Standard,2:42,Twilight Guest,71,Harry Vigors,George Margarson,9- 4,6,7
Chelmsford (AW),11 Jan 2026Polytrack,1m2f,Standard,3:12,Knight Of Magic,60,Rhys Clutterbuck,James Owen,9 -13,7,0
Chelmsford (AW),11 Jan 2026Polytrack,1m2f,Standard,3:12,Al Shabab,64,J F Egan,David Evans,9- 9,5,0
Chelmsford (AW),11 Jan 2026Polytrack,1m2f,Standard,3:12,Come To Pass,47,Gina Mangan,Tony Carroll,9- 9,7,0
Chelmsford (AW),11 Jan 2026Polytrack,1m2f,Standard,3:12,Marinakis,60,Ryan Kavanagh,Ian Williams,9- 9,6,5
Chelmsford (AW),11 Jan 2026Polytrack,1m2f,Standard,3:12,Prince Hector,57,Tom Kiely-Marshall,Jessica Bedi,9- 9,8,5
Chelmsford (AW),11 Jan 2026Polytrack,1m2f,Standard,3:12,Sun Festival,53,Zacharia Clarke,Joseph Parr,9- 9,8,7
Chelmsford (AW),11 Jan 2026Polytrack,1m2f,Standard,3:12,Sunset In Paris,60,Jonny Peate,J R Jenkins,9- 9,8,0
Chelmsford (AW),11 Jan 2026Polytrack,1m2f,Standard,3:12,Mary Rose,49,Tyler Heard,Stephanie Cassidy,9- 8,4,0
Chelmsford (AW),11 Jan 2026Polytrack,1m2f,Standard,3:12,Spaceage Love Song,54,Joe Bradnam,Michael Bell,9- 8,4,7
Chelmsford (AW),11 Jan 2026Polytrack,7f,Standard,3:42,Diamondonthehill,91,Charlie Bell,Dr Richard Newland & Jamie Insole,9 -11,8,7
Chelmsford (AW),11 Jan 2026Polytrack,7f,Standard,3:42,Commander Of Life,91,Dougie Costello,Jessica Macey,9- 9,5,0
Chelmsford (AW),11 Jan 2026Polytrack,7f,Standard,3:42,Rochelle,87,J F Egan,George Margarson,9- 9,5,0
Chelmsford (AW),11 Jan 2026Polytrack,7f,Standard,3:42,Benacre,93,Oliver Stammers,Charlie Johnston,9- 8,6,0
Chelmsford (AW),11 Jan 2026Polytrack,7f,Standard,3:42,North View,92,Gina Mangan,Stuart Williams,9- 7,5,0
Chelmsford (AW),11 Jan 2026Polytrack,7f,Standard,3:42,Gaiety Musical,91,Ryan Kavanagh,David Evans,9- 7,5,5
Chelmsford (AW),11 Jan 2026Polytrack,7f,Standard,3:42,Tolstoy,89,Ben Robinson,Brian Ellison,9- 6,7,0
Chelmsford (AW),11 Jan 2026Polytrack,7f,Standard,3:42,Revolutionise,90,Harry Vigors,Stuart Williams,9- 5,10,7
Chelmsford (AW),11 Jan 2026Polytrack,7f,Standard,3:42,Monsieur Kodi,90,Ethan Tindall,Richard Fahey,9- 3,7,7
Chelmsford (AW),11 Jan 2026Polytrack,7f,Standard,3:42,Cherry Cobbler,92,Callum Hutchinson,Stuart Williams,9- 3,4,0
Chelmsford (AW),11 Jan 2026Polytrack,7f,Standard,3:42,Kit Gabriel,90,Tyler Heard,Simon Pearce,9- 2,7,0
Chelmsford (AW),11 Jan 2026Polytrack,7f,Standard,3:42,Chola Empire,90,Joey Haynes,David Simcock,9- 0,7,0
Chelmsford (AW),11 Jan 2026Polytrack,7f,Standard,4:12,Last Outlaw,66,Taylor Fisher,Michael Keady,9- 9,5,3
Chelmsford (AW),11 Jan 2026Polytrack,7f,Standard,4:12,Global Warning,65,Jonny Peate,John Butler,9- 8,10,0
Chelmsford (AW),11 Jan 2026Polytrack,7f,Standard,4:12,Blueandtangerine,64,Lewis Chalkley,Michael & David Easterby,9- 8,4,7
Chelmsford (AW),11 Jan 2026Polytrack,7f,Standard,4:12,Kondratiev Wave,67,Gina Mangan,Tony Carroll,9- 8,9,0
Chelmsford (AW),11 Jan 2026Polytrack,7f,Standard,4:12,Diligent Henry,66,Dougie Costello,Jessica Macey,9- 7,5,0
Chelmsford (AW),11 Jan 2026Polytrack,7f,Standard,4:12,Strobelight,67,Grace McEntee,George Boughey,9- 6,4,0
Chelmsford (AW),11 Jan 2026Polytrack,7f,Standard,4:12,Secret Road,66,Rhys Clutterbuck,James Owen,9 -10,8,0
Chelmsford (AW),11 Jan 2026Polytrack,7f,Standard,4:12,Campani,64,Joey Haynes,David Simcock,9- 5,4,0
Chelmsford (AW),11 Jan 2026Polytrack,7f,Standard,4:12,Up The Monk,63,Liam Wright,Michael Appleby,9- 5,4,5
Chelmsford (AW),11 Jan 2026Polytrack,7f,Standard,4:12,Tootsie,65,Connor Planas,Phil McEntee,9- 2,4,3
Chelmsford (AW),11 Jan 2026Polytrack,7f,Standard,4:12,Fidget Lady,62,Ethan Tindall,Richard Fahey,9- 0,4,7
Chelmsford (AW),11 Jan 2026Polytrack,1m,Standard,4:42,Rainwater,74,Harry Russell,Richard Fahey,9- 9,5,0
Chelmsford (AW),11 Jan 2026Polytrack,1m,Standard,4:42,Al Waqidi,73,Nicola Currie,Jamie Osborne,9- 9,8,0
Chelmsford (AW),11 Jan 2026Polytrack,1m,Standard,4:42,Simply Blue,76,Jonny Peate,James Owen,9- 9,4,0
Chelmsford (AW),11 Jan 2026Polytrack,1m,Standard,4:42,Galaxy Wonder,74,Gina Mangan,Tony Carroll,9- 8,4,0
Chelmsford (AW),11 Jan 2026Polytrack,1m,Standard,4:42,Miners Gamble,75,Ben Robinson,Brian Ellison,9- 8,5,0
Chelmsford (AW),11 Jan 2026Polytrack,1m,Standard,4:42,Fulford Cross,73,Joey Haynes,David Simcock,9- 6,4,0
Chelmsford (AW),11 Jan 2026Polytrack,1m,Standard,4:42,Tam Lin,71,Tyler Heard,Anthony Carson,9- 5,4,0
Chelmsford (AW),11 Jan 2026Polytrack,1m,Standard,4:42,Brinton,71,Olivia Tubb,Jonathan Portman,9- 3,5,5
Chelmsford (AW),11 Jan 2026Polytrack,1m,Standard,4:42,Kessaar Power,70,Grace McEntee,Phil McEntee,9- 2,6,0
Fontwell,11 Jan 2026 SKY,2m3f,Soft,1:00,Legendary Luke,121,Gavin Sheehan,Jamie Snowden,11 -10,6,0
Fontwell,11 Jan 2026 SKY,2m3f,Soft,1:00,The Cistercian,125,Charlie Hammond,Stuart Edmunds,11 -10,6,0
Fontwell,11 Jan 2026 SKY,2m3f,Soft,1:00,Contacto,111,Tom Cannon,Lucy Wadham,11- 3,5,0
Fontwell,11 Jan 2026 SKY,2m3f,Soft,1:00,For Old Times Sake,96,Conor O'Farrell,Neil Mulholland,11- 3,5,0
Fontwell,11 Jan 2026 SKY,2m3f,Soft,1:00,Herbygoesbananas,81,Brendan Powell,Henrietta C Knight,11- 3,5,0
Fontwell,11 Jan 2026 SKY,2m3f,Soft,1:00,Le Flying Ferret,81,James Davies,Nick Gifford,11- 3,5,0
Fontwell,11 Jan 2026 SKY,2m3f,Soft,1:00,Manigod,120,James Bowen,Warren Greatrex,11- 3,5,0
Fontwell,11 Jan 2026 SKY,2m3f,Soft,1:00,Monansunu,-,Caoilin Quinn,Andy Irvine,11- 3,6,0
Fontwell,11 Jan 2026 SKY,2m3f,Soft,1:00,Mr Finch,-,Ben Jones,Ben Pauling,11- 3,6,0
Fontwell,11 Jan 2026 SKY,2m3f,Soft,1:00,Pacman,-,Harry Kimber,Robert Walford,11- 3,5,0
Fontwell,11 Jan 2026 SKY,2m3f,Soft,1:00,Roi Lion,-,Robert Dunne,Robert Walford,11- 3,8,0
Fontwell,11 Jan 2026 SKY,2m3f,Soft,1:00,Western George,-,Jonjo O'Neill Jr,Jonjo & A J O'Neill,11- 3,5,0
Fontwell,11 Jan 2026 SKY,3m2f,Soft,1:30,Roe And Co,112,Joe Anderson,Jamie Snowden,12- 0,8,3
Fontwell,11 Jan 2026 SKY,3m2f,Soft,1:30,The Scorpion King,110,Gavin Sheehan,Oliver Signy,12- 0,8,0
Fontwell,11 Jan 2026 SKY,3m2f,Soft,1:30,Record High,109,Isabelle Ryder,Suzy Smith,11 -10,9,7
Fontwell,11 Jan 2026 SKY,3m2f,Soft,1:30,Animal,107,Charlie Deutsch,Suzy Smith,11- 8,10,0
Fontwell,11 Jan 2026 SKY,3m2f,Soft,1:30,Cooleenymore,109,Harry Kimber,Robert Walford,11- 8,10,0
Fontwell,11 Jan 2026 SKY,3m2f,Soft,1:30,Innisfree Lass,111,Charlie Hammond,Stuart Edmunds,11- 6,8,0
Fontwell,11 Jan 2026 SKY,3m2f,Soft,1:30,Inedit De Mee,109,Kevin Brogan,Toby Lawes,11- 6,8,0
Fontwell,11 Jan 2026 SKY,3m2f,Soft,1:30,To Be Sure,110,Ellis Collier,Evan Williams,11- 0,11,5
Fontwell,11 Jan 2026 SKY,3m2f,Soft,1:30,Only Gossip,89,Callum Pritchard,Polly Gundry,10- 9,9,3
Fontwell,11 Jan 2026 SKY,3m2f,Soft,1:30,The Brickey Ranger,-,Sean Houlihan,Seamus Mullins,10- 7,8,0
Fontwell,11 Jan 2026 SKY,2m1½f,Soft,2:00,Queen's Theatre,103,Sam Twiston-Davies,Anthony Honeyball,11- 9,5,0
Fontwell,11 Jan 2026 SKY,2m1½f,Soft,2:00,Aj's Diamond,-,Freddie Gordon,Chris Gordon,11- 2,6,0
Fontwell,11 Jan 2026 SKY,2m1½f,Soft,2:00,Bunny Bee,-,Paul O'Brien,Henrietta C Knight,11- 2,5,0
Fontwell,11 Jan 2026 SKY,2m1½f,Soft,2:00,Cast's Georgie,-,Harry Kimber,Robert Walford,11- 2,5,0
Fontwell,11 Jan 2026 SKY,2m1½f,Soft,2:00,Ephyra,82,Caoilin Quinn,Andy Irvine,11- 2,5,0
Fontwell,11 Jan 2026 SKY,2m1½f,Soft,2:00,Geordies Betty,-,Sean Houlihan,Kevin Bishop,11- 2,6,0
Fontwell,11 Jan 2026 SKY,2m1½f,Soft,2:00,Limerick Lass,117,Ben Godfrey,Anthony Honeyball,11- 2,6,0
Fontwell,11 Jan 2026 SKY,2m1½f,Soft,2:00,Mistress Fox,-,Bradley Harris,Neil Mulholland,11- 2,6,3
Fontwell,11 Jan 2026 SKY,2m1½f,Soft,2:00,Svelte Silhouette,-,Daniel Sansom,Seamus Mullins,11- 2,5,3
Fontwell,11 Jan 2026 SKY,2m1½f,Soft,2:00,Wassailing Along,96,Brendan Powell,Joe Tizzard,11- 2,6,0
Fontwell,11 Jan 2026 SKY,2m1½f,Soft,2:30,Park Princess,123,Sam Twiston-Davies,Anthony Honeyball,11- 9,6,0
Fontwell,11 Jan 2026 SKY,2m1½f,Soft,2:30,Blue Marvel,113,Charlie Hammond,Stuart Edmunds,11- 2,5,0
Fontwell,11 Jan 2026 SKY,2m1½f,Soft,2:30,Cushendall,-,Tom Bellamy,Alan King,11- 2,6,0
Fontwell,11 Jan 2026 SKY,2m1½f,Soft,2:30,Don't Cheddar Tear,-,Tabitha Worsley,Georgie Howell,11- 2,7,3
Fontwell,11 Jan 2026 SKY,2m1½f,Soft,2:30,Holetown,108,Charlie Deutsch,Venetia Williams,11- 2,6,0
Fontwell,11 Jan 2026 SKY,2m1½f,Soft,2:30,Khutulun Khan,-,Tom Cannon,Lucy Wadham,11- 2,7,0
Fontwell,11 Jan 2026 SKY,2m1½f,Soft,2:30,Onefournine,108,Jonjo O'Neill Jr,Jonjo & A J O'Neill,11- 2,6,0
Fontwell,11 Jan 2026 SKY,2m1½f,Soft,2:30,Shalfa,-,Marc Goldstein,Lydia Richards,11- 2,7,0
Fontwell,11 Jan 2026 SKY,2m1½f,Soft,2:30,Yasmina,94,Caoilin Quinn,Andy Irvine,11- 2,6,0
Fontwell,11 Jan 2026 SKY,2m1½f,Soft,2:30,Flame Dancer,-,James Davies,Noel Williams,10- 3,4,0
Fontwell,11 Jan 2026 SKY,3m2f,Soft,3:00,Woodythewoodpecker,102,Conor Ring,Evan Williams,12- 0,6,0
Fontwell,11 Jan 2026 SKY,3m2f,Soft,3:00,Bobalot,104,Benjamin Macey,Laura Horsfall,11 -12,9,7
Fontwell,11 Jan 2026 SKY,3m2f,Soft,3:00,Fox Cottage,99,Daniel Sansom,Seamus Mullins,11- 4,6,3
Fontwell,11 Jan 2026 SKY,3m2f,Soft,3:00,Mr Griffiths,98,Jonjo O'Neill Jr,Jonjo & A J O'Neill,11- 2,6,0
Fontwell,11 Jan 2026 SKY,3m2f,Soft,3:00,Jour d'Orage,96,Conor O'Farrell,Neil Mulholland,10 -13,7,0
Fontwell,11 Jan 2026 SKY,3m2f,Soft,3:00,Happy Returns,100,Bradley Harris,Neil Mulholland,10 -12,9,3
Fontwell,11 Jan 2026 SKY,3m2f,Soft,3:00,Jewel Eyed Judy,102,James Turner,Nigel & Willy Twiston-Davies,10 -11,6,5
Fontwell,11 Jan 2026 SKY,3m2f,Soft,3:00,Wot You Wearing,99,Fern O'Brien,Fergal O'Brien,10 -10,9,5
Fontwell,11 Jan 2026 SKY,3m2f,Soft,3:00,Smith,-,Marc Goldstein,Lydia Richards,10- 5,10,0
Fontwell,11 Jan 2026 SKY,3m2f,Soft,3:00,I Love You Sivola,100,Brendan Powell,Helen Nelmes,10- 4,8,0
Fontwell,11 Jan 2026 SKY,3m2f,Soft,3:00,William Philo,99,Shane Quinlan,Ben Lund,10- 3,9,3
Fontwell,11 Jan 2026 SKY,3m2f,Soft,3:00,Hilltown,-,Ellis Collier,Seamus Mullins,10- 2,8,5
Fontwell,11 Jan 2026 SKY,2m3½f,Soft,3:30,Alright Dai,-,Conor O'Farrell,Neil Mulholland,12- 0,8,0
Fontwell,11 Jan 2026 SKY,2m3½f,Soft,3:30,Sanitiser,103,Freddie Mitchell,Gary & Josh Moore,11 -13,7,3
Fontwell,11 Jan 2026 SKY,2m3½f,Soft,3:30,Summer In Milan,106,Freddie Gordon,Chris Gordon,11 -10,7,0
Fontwell,11 Jan 2026 SKY,2m3½f,Soft,3:30,Roxhill,95,Sean Houlihan,Seamus Mullins,11- 2,7,0
Fontwell,11 Jan 2026 SKY,2m3½f,Soft,3:30,Angel's Dream,104,Caoilin Quinn,Gary & Josh Moore,11- 2,8,0
Fontwell,11 Jan 2026 SKY,2m3½f,Soft,3:30,Everyonesacritic,106,Isabel Williams,Evan Williams,11- 1,7,0
Fontwell,11 Jan 2026 SKY,2m3½f,Soft,3:30,Hatos,102,Brendan Powell,Joe Tizzard,11- 0,9,0
Fontwell,11 Jan 2026 SKY,2m3f,Soft,4:00,I Play County,107,Kevin Brogan,Toby Lawes,12- 2,7,0
Fontwell,11 Jan 2026 SKY,2m3f,Soft,4:00,Cast's Tasha,113,Toby McCain-Mitchell,Ben Clarke,12- 2,9,5
Fontwell,11 Jan 2026 SKY,2m3f,Soft,4:00,Kajikia,108,Jay Tidball,Paul Nicholls,12- 0,6,5
Fontwell,11 Jan 2026 SKY,2m3f,Soft,4:00,Activist,112,Jack Tudor,David Pipe,11 -12,7,0
Fontwell,11 Jan 2026 SKY,2m3f,Soft,4:00,Northanger Abbey,103,Ben Sutton,Philip Hobbs & Johnson White,11 -11,6,5
Fontwell,11 Jan 2026 SKY,2m3f,Soft,4:00,Comanche Magic,110,Charlie Hammond,Stuart Edmunds,11 -11,6,0
Fontwell,11 Jan 2026 SKY,2m3f,Soft,4:00,Kool Kid,108,Brendan Powell,Joe Tizzard,11- 8,6,0
Fontwell,11 Jan 2026 SKY,2m3f,Soft,4:00,Calshot Spit,109,Marc Goldstein,Sheena West,11- 7,6,0
Fontwell,11 Jan 2026 SKY,2m3f,Soft,4:00,Hillsin,110,James Turner,Alan Jones,11- 7,8,5
Fontwell,11 Jan 2026 SKY,2m3f,Soft,4:00,Lexie's Moon,109,Benjamin Macey,Laura Horsfall,11- 6,8,7
Fontwell,11 Jan 2026 SKY,2m3f,Soft,4:00,Bridge,109,Caoilin Quinn,Gary & Josh Moore,11- 6,6,0
Fontwell,11 Jan 2026 SKY,2m3f,Soft,4:00,Miss Maxfort,112,Jonjo O'Neill Jr,D Donovan,11- 5,6,0
Fontwell,11 Jan 2026 SKY,2m3f,Soft,4:00,Motazzen,114,Paul O'Brien,Henrietta C Knight,11- 4,8,0
Fontwell,11 Jan 2026 SKY,2m3f,Soft,4:00,Westlain,115,Lorcan Williams,Jack Jones,11- 0,4,0
Fontwell,11 Jan 2026 SKY,2m3f,Soft,4:00,Bradman,116,James Best,Kevin Bishop,10- 2,5,0
Sha Tin,11 Jan 2026 SKY,6f,Good,4:30,Snowthorn,57,Zac Purton,P F Yiu,9- 9,4,0
Sha Tin,11 Jan 2026 SKY,6f,Good,4:30,I P O Bros,53,James Orman,Y S Tsui,9- 7,5,0
Sha Tin,11 Jan 2026 SKY,6f,Good,4:30,King Alloy,55,Richard Kingscote,Jimmy Ting,9- 7,4,0
Sha Tin,11 Jan 2026 SKY,6f,Good,4:30,Inno Century,61,Matthew Chadwick,W Y So,9- 5,5,0
Sha Tin,11 Jan 2026 SKY,6f,Good,4:30,Majestic Delight,57,Jerry Chau,David Eustace,9- 4,4,2
Sha Tin,11 Jan 2026 SKY,6f,Good,4:30,My Flying Angel,58,Alexis Badel,F C Lor,9- 4,5,0
Sha Tin,11 Jan 2026 SKY,6f,Good,4:30,Shotgun,61,Matthew Poon,D J Hall,9- 3,4,0
Sha Tin,11 Jan 2026 SKY,6f,Good,4:30,Team Happy,61,Maxime Guyon,P C Ng,9- 1,5,0
Sha Tin,11 Jan 2026 SKY,6f,Good,4:30,You'remyeverything,55,H T Mo,C W Chang,9- 1,9,2
Sha Tin,11 Jan 2026 SKY,6f,Good,4:30,The Way We Win,61,M L Yeung,Jamie Richards,8- 5,5,0
Sha Tin,11 Jan 2026 SKY,6f,Good,4:30,Euro Rocks,56,Karis Teetan,C H Yip,8- 3,7,0
Sha Tin,11 Jan 2026 SKY,6f,Good,4:30,Super Elite,54,Andrea Atzeni,Douglas Whyte,8- 5,6,0
Sha Tin,11 Jan 2026 SKY,6f,Good,4:30,General Smart,55,,C S Shum,9- 7,4,0
Sha Tin,11 Jan 2026 SKY,6f,Good,4:30,Happy Boys,58,,Mark Newnham,9- 7,4,0
Sha Tin,11 Jan 2026 SKY,6f,Good,5:00,Majestic Valour,71,Zac Purton,P C Ng,9- 9,4,0
Sha Tin,11 Jan 2026 SKY,6f,Good,5:00,Holmes A Court,62,Brenton Avdulla,A S Cruz,9- 7,4,0
Sha Tin,11 Jan 2026 SKY,6f,Good,5:00,Quick Money,70,Jerry Chau,C H Yip,9- 5,4,2
Sha Tin,11 Jan 2026 SKY,6f,Good,5:00,Honorary,60,K C Leung,W K Mo,9- 1,4,0
Sha Tin,11 Jan 2026 SKY,6f,Good,5:00,Lucky Ranger,-,L J Ferraris,Mark Newnham,9- 1,3,0
Sha Tin,11 Jan 2026 SKY,6f,Good,5:00,Sea Diamond,-,Hugh Bowman,David Eustace,9- 1,4,0
Sha Tin,11 Jan 2026 SKY,6f,Good,5:00,Warriors Dream,78,Karis Teetan,B Crawford,8 -13,5,0
Sha Tin,11 Jan 2026 SKY,6f,Good,5:00,Happy Alliance,67,C Y Ho,K W Lui,8 -11,4,0
Sha Tin,11 Jan 2026 SKY,6f,Good,5:00,Money Tycoon,57,M L Yeung,F C Lor,8 -11,3,0
Sha Tin,11 Jan 2026 SKY,6f,Good,5:00,Yeux De Lifeline,61,Andrea Atzeni,J Size,8 -11,4,0
Sha Tin,11 Jan 2026 SKY,6f,Good,5:00,Autumn Vibes,76,Maxime Guyon,Jamie Richards,8- 8,4,0
Sha Tin,11 Jan 2026 SKY,6f,Good,5:00,Dash,71,Lyle Hewitson,Douglas Whyte,8- 5,4,0
Sha Tin,11 Jan 2026 SKY,6f,Good,5:00,Circuit Happy,52,,David A Hayes,9- 1,4,0
Sha Tin,11 Jan 2026 SKY,6f,Good,5:00,Tycoon Express,-,,C Fownes,9- 1,3,0
Sha Tin,11 Jan 2026 SKY,6f,Good,5:30,Ever Luck,74,James Orman,Mark Newnham,9- 9,3,0
Sha Tin,11 Jan 2026 SKY,6f,Good,5:30,Chill Partners,66,Jerry Chau,K W Lui,9- 1,3,2
Sha Tin,11 Jan 2026 SKY,6f,Good,5:30,Elite Golf,64,Harry Bentley,W Y So,9- 1,3,0
Sha Tin,11 Jan 2026 SKY,6f,Good,5:30,Majestic Life,-,Angus Chung,C H Yip,9- 1,3,2
Sha Tin,11 Jan 2026 SKY,6f,Good,5:30,Aquaman,55,Richard Kingscote,C W Chang,8 -13,4,0
Sha Tin,11 Jan 2026 SKY,6f,Good,5:30,Conrad The Great,60,K C Leung,Douglas Whyte,8 -10,4,0
Sha Tin,11 Jan 2026 SKY,6f,Good,5:30,Happy Shooter,73,Lyle Hewitson,C S Shum,8 -10,5,0
Sha Tin,11 Jan 2026 SKY,6f,Good,5:30,Ka Ying Warrior,75,Karis Teetan,B Crawford,8- 9,7,0
Sha Tin,11 Jan 2026 SKY,6f,Good,5:30,Lucky McQueen,76,Matthew Chadwick,W K Mo,8- 9,4,0
Sha Tin,11 Jan 2026 SKY,6f,Good,5:30,Cirrus Speed,62,Matthew Poon,D J Hall,8- 8,4,0
Sha Tin,11 Jan 2026 SKY,6f,Good,5:30,Groovy Feeling,72,M L Yeung,Jamie Richards,8- 7,5,0
Sha Tin,11 Jan 2026 SKY,6f,Good,5:30,Power Summit,71,David Probert,David Eustace,8- 7,4,0
Sha Tin,11 Jan 2026 SKY,6f,Good,5:30,Young Legacy,48,,J Size,9- 0,4,0
Sha Tin,11 Jan 2026 SKY,6f,Good,5:30,Ruby Sailing,72,,K L Man,8- 9,5,0
Sha Tin,11 Jan 2026 SKY,7f,Good,6:00,Endeared,80,Zac Purton,J Size,9- 9,6,0
Sha Tin,11 Jan 2026 SKY,7f,Good,6:00,Super Love,66,Hugh Bowman,C H Yip,9- 9,5,0
Sha Tin,11 Jan 2026 SKY,7f,Good,6:00,Bright Day,76,James Orman,K L Man,9- 7,6,0
Sha Tin,11 Jan 2026 SKY,7f,Good,6:00,Flying Knight,68,Dylan Browne McMonagle,W K Mo,9- 5,4,0
Sha Tin,11 Jan 2026 SKY,7f,Good,6:00,The Heir I,73,C Y Ho,C Fownes,9- 3,6,0
Sha Tin,11 Jan 2026 SKY,7f,Good,6:00,Rezeki,76,Andrea Atzeni,D J Hall,9- 2,5,0
Sha Tin,11 Jan 2026 SKY,7f,Good,6:00,Rainbow Warrior,31,Lyle Hewitson,Douglas Whyte,9- 1,4,0
Sha Tin,11 Jan 2026 SKY,7f,Good,6:00,Red Brick Warrior,58,L J Ferraris,David Eustace,9- 1,4,0
Sha Tin,11 Jan 2026 SKY,7f,Good,6:00,Flying Boom,72,Matthew Poon,C W Chang,8 -12,4,0
Sha Tin,11 Jan 2026 SKY,7f,Good,6:00,Incredible Moment,77,Alexis Badel,Mark Newnham,8 -11,4,0
Sha Tin,11 Jan 2026 SKY,7f,Good,6:00,Circuit Fiery,75,Harry Bentley,W Y So,8 -10,6,0
Sha Tin,11 Jan 2026 SKY,7f,Good,6:00,Frantanck,74,Angus Chung,P C Ng,8 -10,7,2
Sha Tin,11 Jan 2026 SKY,7f,Good,6:00,Lucky Man,73,Richard Kingscote,David A Hayes,8 -10,5,0
Sha Tin,11 Jan 2026 SKY,7f,Good,6:00,Young Horizon,75,Karis Teetan,B Crawford,8- 3,7,0
Sha Tin,11 Jan 2026 SKY,7f,Good,6:00,Kingly Demeanor,74,,A S Cruz,8- 8,6,0
Sha Tin,11 Jan 2026 SKY,7f,Good,6:00,Kyrus Treasure,67,,David Eustace,8 -11,4,0
Sha Tin,11 Jan 2026 SKY,7f,Good,6:30,Star Satyr,74,Angus Chung,A S Cruz,9- 9,4,2
Sha Tin,11 Jan 2026 SKY,7f,Good,6:30,Oldtown,68,L J Ferraris,W Y So,9- 6,4,0
Sha Tin,11 Jan 2026 SKY,7f,Good,6:30,Amazing Award,72,Jerry Chau,David Eustace,9- 3,5,2
Sha Tin,11 Jan 2026 SKY,7f,Good,6:30,Strathpeffer,71,Lyle Hewitson,Douglas Whyte,9- 2,6,0
Sha Tin,11 Jan 2026 SKY,7f,Good,6:30,Robot Star,68,Zac Purton,K L Man,9- 1,4,0
Sha Tin,11 Jan 2026 SKY,7f,Good,6:30,Crossborderdude,71,Brenton Avdulla,J Size,9- 0,3,0
Sha Tin,11 Jan 2026 SKY,7f,Good,6:30,Precision Hope,63,Alexis Badel,David A Hayes,9- 0,4,0
Sha Tin,11 Jan 2026 SKY,7f,Good,6:30,Shinyu Kokoroe,65,David Probert,B Crawford,9- 0,5,0
Sha Tin,11 Jan 2026 SKY,7f,Good,6:30,Brownneedsfurther,71,James Orman,D J Hall,8 -13,4,0
Sha Tin,11 Jan 2026 SKY,7f,Good,6:30,Brave Win,68,C Y Ho,K W Lui,8 -12,4,0
Sha Tin,11 Jan 2026 SKY,7f,Good,6:30,Manaphy,57,K C Leung,W K Mo,8 -12,5,0
Sha Tin,11 Jan 2026 SKY,7f,Good,6:30,Fortune Kingo,72,Richard Kingscote,Jimmy Ting,8 -11,4,0
Sha Tin,11 Jan 2026 SKY,7f,Good,6:30,Apolar Fighter,71,Maxime Guyon,David Eustace,8- 8,5,0
Sha Tin,11 Jan 2026 SKY,7f,Good,6:30,Young Fighter,80,Karis Teetan,C Fownes,8- 8,4,0
Sha Tin,11 Jan 2026 SKY,7f,Good,6:30,Smart Fat Cat,72,,W K Mo,8 -13,4,0
Sha Tin,11 Jan 2026 SKY,1m1f,Good,7:00,Audacious Pursuit,66,Hugh Bowman,C Fownes,9- 9,4,0
Sha Tin,11 Jan 2026 SKY,1m1f,Good,7:00,Young Bravo,66,James Orman,D J Hall,9- 9,4,0
Sha Tin,11 Jan 2026 SKY,1m1f,Good,7:00,Luck Is Back,76,Richard Kingscote,K W Lui,9- 6,5,0
Sha Tin,11 Jan 2026 SKY,1m1f,Good,7:00,Charity Together,77,Dylan Browne McMonagle,David Eustace,9- 4,4,0
Sha Tin,11 Jan 2026 SKY,1m1f,Good,7:00,China Win,71,Zac Purton,David A Hayes,9- 2,4,0
Sha Tin,11 Jan 2026 SKY,1m1f,Good,7:00,Packing Hurricane,77,Harry Bentley,P C Ng,9- 2,7,0
Sha Tin,11 Jan 2026 SKY,1m1f,Good,7:00,Pearl Of Pang's,69,C Y Ho,K L Man,9- 2,5,0
Sha Tin,11 Jan 2026 SKY,1m1f,Good,7:00,Super Goldendragon,64,K C Leung,W K Mo,9- 1,4,0
Sha Tin,11 Jan 2026 SKY,1m1f,Good,7:00,Yiu Cheung Victory,74,Alexis Badel,C H Yip,8 -13,6,0
Sha Tin,11 Jan 2026 SKY,1m1f,Good,7:00,Volcanic Spark,80,Maxime Guyon,P F Yiu,8 -12,6,0
Sha Tin,11 Jan 2026 SKY,1m1f,Good,7:00,Floof,79,Karis Teetan,B Crawford,8- 9,6,0
Sha Tin,11 Jan 2026 SKY,1m1f,Good,7:00,Joyful Prosperity,76,Matthew Poon,C S Shum,8- 9,6,0
Sha Tin,11 Jan 2026 SKY,1m1f,Good,7:00,Our Lucky Glory,70,L J Ferraris,W Y So,8 -10,7,0
Sha Tin,11 Jan 2026 SKY,1m1f,Good,7:00,Kasa Papa,74,Andrea Atzeni,A S Cruz,8- 7,8,0
Sha Tin,11 Jan 2026 SKY,1m1f,Good,7:00,Dilbagh,71,,Douglas Whyte,8- 9,5,0
Sha Tin,11 Jan 2026 SKY,1m1f,Good,7:00,Good Good,68,,J Size,9- 2,5,0
Sha Tin,11 Jan 2026 SKY,6f,Good,7:35,Celestial Hero,83,Hugh Bowman,Douglas Whyte,9- 9,4,0
Sha Tin,11 Jan 2026 SKY,6f,Good,7:35,Matters Most,83,Ellis Wong,C S Shum,9- 5,5,5
Sha Tin,11 Jan 2026 SKY,6f,Good,7:35,Pakistan Legacy,85,James Orman,W Y So,9- 5,5,0
Sha Tin,11 Jan 2026 SKY,6f,Good,7:35,Aurora Patch,87,Matthew Chadwick,K L Man,9- 2,5,0
Sha Tin,11 Jan 2026 SKY,6f,Good,7:35,Alpha Strike,88,C Y Ho,C Fownes,9- 1,4,0
Sha Tin,11 Jan 2026 SKY,6f,Good,7:35,Szeryng,87,Zac Purton,J Size,9- 0,4,0
Sha Tin,11 Jan 2026 SKY,6f,Good,7:35,Young Emperor,92,L J Ferraris,David Eustace,9- 0,5,0
Sha Tin,11 Jan 2026 SKY,6f,Good,7:35,Prestige Always,91,Lyle Hewitson,P C Ng,8 -13,5,0
Sha Tin,11 Jan 2026 SKY,6f,Good,7:35,Chill Buddy,87,Karis Teetan,P F Yiu,8- 9,4,0
Sha Tin,11 Jan 2026 SKY,6f,Good,7:35,Matzden,-,Alexis Badel,Jamie Richards,8- 9,4,0
Sha Tin,11 Jan 2026 SKY,6f,Good,7:35,Win Ease,78,M L Yeung,K W Lui,8- 7,5,0
Sha Tin,11 Jan 2026 SKY,6f,Good,7:35,Armour War Eagle,97,Andrea Atzeni,Mark Newnham,8- 6,6,0
Sha Tin,11 Jan 2026 SKY,6f,Good,7:35,Let's Have Fun,78,,David A Hayes,8- 7,4,0
Sha Tin,11 Jan 2026 SKY,6f,Good,7:35,Glittering Legend,112,,David Eustace,9- 9,4,0
Sha Tin,11 Jan 2026 SKY,7f,Good,8:05,Beauty Eternal,114,Brenton Avdulla,J Size,9- 9,7,0
Sha Tin,11 Jan 2026 SKY,7f,Good,8:05,Healthy Happy,112,Jerry Chau,F C Lor,9- 7,9,2
Sha Tin,11 Jan 2026 SKY,7f,Good,8:05,Invincible Shield,110,C Y Ho,K W Lui,9- 5,5,0
Sha Tin,11 Jan 2026 SKY,7f,Good,8:05,Dancing Code,110,Ellis Wong,C Fownes,9- 2,7,5
Sha Tin,11 Jan 2026 SKY,7f,Good,8:05,Drombeg Banner,111,Maxime Guyon,P C Ng,8 -13,7,0
Sha Tin,11 Jan 2026 SKY,7f,Good,8:05,Sky Trust,109,Hugh Bowman,C Fownes,8 -13,5,0
Sha Tin,11 Jan 2026 SKY,7f,Good,8:05,Markwin,109,H T Mo,W K Mo,8 -11,5,2
Sha Tin,11 Jan 2026 SKY,7f,Good,8:05,Little Paradise,106,Zac Purton,Jimmy Ting,8 -10,4,0
Sha Tin,11 Jan 2026 SKY,7f,Good,8:05,Public Attention,111,Andrea Atzeni,David A Hayes,8- 6,4,0
Sha Tin,11 Jan 2026 SKY,7f,Good,8:05,Young Champion,116,M L Yeung,J Size,8- 6,6,0
Sha Tin,11 Jan 2026 SKY,7f,Good,8:05,Mid Winter Wind,113,Matthew Chadwick,Mark Newnham,8- 5,5,0
Sha Tin,11 Jan 2026 SKY,7f,Good,8:05,Beauty Crescent,109,Angus Chung,A S Cruz,8- 4,6,2
Sha Tin,11 Jan 2026 SKY,7f,Good,8:05,Infinite Resolve,107,Alexis Badel,Mark Newnham,8- 4,4,0
Sha Tin,11 Jan 2026 SKY,7f,Good,8:05,Mr Ascendency,112,Harry Bentley,P F Yiu,8- 4,8,0
Sha Tin,11 Jan 2026 SKY,7f,Good,8:05,The Boom Box,107,,W Y So,8- 5,5,0
Sha Tin,11 Jan 2026 SKY,1m1f,Good,8:40,Joy Of Spring,92,Ellis Wong,C Fownes,9- 9,6,5
Sha Tin,11 Jan 2026 SKY,1m1f,Good,8:40,Stunning Peach,103,Hugh Bowman,A S Cruz,9- 7,5,0
Sha Tin,11 Jan 2026 SKY,1m1f,Good,8:40,Prestige Good,92,Jerry Chau,P F Yiu,9- 1,5,2
Sha Tin,11 Jan 2026 SKY,1m1f,Good,8:40,Excellence Value,93,Alexis Badel,W Y So,9- 0,5,0
Sha Tin,11 Jan 2026 SKY,1m1f,Good,8:40,Liveandletlive,94,Matthew Chadwick,A S Cruz,8 -12,5,0
Sha Tin,11 Jan 2026 SKY,1m1f,Good,8:40,Mondial,104,James Orman,Mark Newnham,8 -12,5,0
Sha Tin,11 Jan 2026 SKY,1m1f,Good,8:40,Mister Dapper,95,Brenton Avdulla,David Eustace,8 -11,6,0
Sha Tin,11 Jan 2026 SKY,1m1f,Good,8:40,Romantic Thor,97,L J Ferraris,C S Shum,8 -11,5,0
Sha Tin,11 Jan 2026 SKY,1m1f,Good,8:40,Fortune Boy,93,Zac Purton,David A Hayes,8- 8,4,0
Sha Tin,11 Jan 2026 SKY,1m1f,Good,8:40,The Auspicious,89,Maxime Guyon,Y S Tsui,8- 7,4,0
Sha Tin,11 Jan 2026 SKY,1m1f,Good,8:40,Enthralled,98,Andrea Atzeni,J Size,8- 5,5,0
Sha Tin,11 Jan 2026 SKY,1m1f,Good,8:40,Packing Fighter,90,Lyle Hewitson,P C Ng,8- 5,4,0
Sha Tin,11 Jan 2026 SKY,1m1f,Good,8:40,Master Trillion,93,Karis Teetan,F C Lor,8- 3,5,0
Sha Tin,11 Jan 2026 SKY,1m1f,Good,8:40,Money Catcher,96,K C Leung,F C Lor,8- 5,8,0
Sha Tin,11 Jan 2026 SKY,1m1f,Good,8:40,Fallon,100,,A S Cruz,9- 0,6,0
Sha Tin,11 Jan 2026 SKY,1m1f,Good,8:40,Emblazon,91,,W K Mo,8- 3,4,0
Sha Tin,11 Jan 2026 SKY,1m,Good,9:15,Invincible Ibis,88,Hugh Bowman,Mark Newnham,9- 9,4,0
Sha Tin,11 Jan 2026 SKY,1m,Good,9:15,Beauty Bolt,96,Zac Purton,A S Cruz,9- 8,4,0
Sha Tin,11 Jan 2026 SKY,1m,Good,9:15,Daryl Flash,94,Dylan Browne McMonagle,Y S Tsui,9- 4,4,0
Sha Tin,11 Jan 2026 SKY,1m,Good,9:15,Natural Numbers,72,James Orman,Y S Tsui,9- 2,4,0
Sha Tin,11 Jan 2026 SKY,1m,Good,9:15,Class,73,C Y Ho,P F Yiu,8 -11,4,0
Sha Tin,11 Jan 2026 SKY,1m,Good,9:15,Uranus Star,95,L J Ferraris,K W Lui,8 -11,4,0
Sha Tin,11 Jan 2026 SKY,1m,Good,9:15,Hott Shott,93,Matthew Poon,P C Ng,8 -10,4,0
Sha Tin,11 Jan 2026 SKY,1m,Good,9:15,Legend Winner,92,Lyle Hewitson,Mark Newnham,8- 8,4,0
Sha Tin,11 Jan 2026 SKY,1m,Good,9:15,California Waves,87,Harry Bentley,W K Mo,8- 9,4,0
Sha Tin,11 Jan 2026 SKY,1m,Good,9:15,The Red Hare,89,Maxime Guyon,F C Lor,8- 7,4,0
Sha Tin,11 Jan 2026 SKY,1m,Good,9:15,Fit For Beauty,89,Andrea Atzeni,J Size,8- 5,4,0
Sha Tin,11 Jan 2026 SKY,1m,Good,9:15,Win Beauty Viva,92,Karis Teetan,J Size,8- 5,4,0
Sha Tin,11 Jan 2026 SKY,1m,Good,9:15,Gratifide,81,Richard Kingscote,David Eustace,8- 5,4,0
Sha Tin,11 Jan 2026 SKY,1m,Good,9:15,Supreme Mastermind,91,M L Yeung,David A Hayes,8- 3,4,0
Sha Tin,11 Jan 2026 SKY,1m,Good,9:15,Shamz,90,,A S Cruz,8- 9,4,0
Sha Tin,11 Jan 2026 SKY,1m,Good,9:15,Aerodynamics,86,,Mark Newnham,8 -12,4,0
Sha Tin,11 Jan 2026 SKY,7f,Good,9:50,Circuit Grand Slam,91,C Y Ho,K L Man,9- 9,4,0
Sha Tin,11 Jan 2026 SKY,7f,Good,9:50,Helene Supafeeling,90,Hugh Bowman,David Eustace,9- 8,4,0
Sha Tin,11 Jan 2026 SKY,7f,Good,9:50,Akashvani,91,Lyle Hewitson,David A Hayes,9- 2,4,0
Sha Tin,11 Jan 2026 SKY,7f,Good,9:50,Master Of All,89,M L Yeung,W Y So,9- 1,6,0
Sha Tin,11 Jan 2026 SKY,7f,Good,9:50,Cheaha,89,Brenton Avdulla,A S Cruz,8 -12,4,0
Sha Tin,11 Jan 2026 SKY,7f,Good,9:50,Stormy Grove,89,Harry Bentley,F C Lor,8- 8,4,0
Sha Tin,11 Jan 2026 SKY,7f,Good,9:50,Without Compare,-,H T Mo,C S Shum,8- 8,4,2
Sha Tin,11 Jan 2026 SKY,7f,Good,9:50,Golden Empire,87,Karis Teetan,B Crawford,8- 7,8,0
Sha Tin,11 Jan 2026 SKY,7f,Good,9:50,Tin Fook,89,Zac Purton,D J Hall,8- 8,4,0
Sha Tin,11 Jan 2026 SKY,7f,Good,9:50,Ivy League,94,Richard Kingscote,Douglas Whyte,8- 5,7,0
Sha Tin,11 Jan 2026 SKY,7f,Good,9:50,King Of Selection,76,Matthew Chadwick,W K Mo,8- 5,4,0
Sha Tin,11 Jan 2026 SKY,7f,Good,9:50,Mighty Steed,87,Maxime Guyon,K W Lui,8- 7,5,0
Sha Tin,11 Jan 2026 SKY,7f,Good,9:50,Lucky Sam Gor,87,Matthew Poon,Mark Newnham,8- 4,4,0
Sha Tin,11 Jan 2026 SKY,7f,Good,9:50,Blazing Wukong,89,Andrea Atzeni,P F Yiu,8- 5,4,0
Sha Tin,11 Jan 2026 SKY,7f,Good,9:50,So You Will,-,,C Fownes,8 -10,4,0
Sha Tin,11 Jan 2026 SKY,7f,Good,9:50,Tourbillon Prince,88,,C W Chang,9- 3,7,0
